:020000040800F2
:10000000E0CB0020A5030008C9D100081DA400080A
:10001000EDCF0008150C000875460108000000002F
:10002000000000000000000000000000E5020008E1
:100030005D190008000000004103000845060108A2
:10004000BF030008BF030008BF030008BF03000888
:10005000BF030008BF030008BF030008BF03000878
:10006000BF030008BF030008BF030008BF03000868
:10007000C9100008D9100008E9100008F91000089C
:100080000911000819110008BF030008A125000884
:10009000C1250008B1250008D1250008BF030008CC
:1000A000BF030008BF030008BF030008BF03000828
:1000B000BF030008BF030008BF030008BF03000818
:1000C000BF030008BF030008BF030008BF03000808
:1000D000BF030008211D0108BF030008BF0300087B
:1000E000BF030008BF03000800000000BF030008B2
:1000F000BF030008BF030008BF0300082911000860
:10010000BF030008BF030008BF030008BF030008C7
:10011000BF030008BF03000841080108BF0300082F
:10012000BF030008BF030008BF030008BF030008A7
:10013000BF030008BF030008BF030008BF03000897
:1001400000000000000000000000000000000000AF
:10015000BF030008BF030008BF030008BF03000877
:10016000BF030008BF030008BF030008BF03000867
:10017000BF030008CDD10008BF0300080000000045
:10018000BF030008BF030008A10C0108B50C01085B
:10019000BF030008BF030008BF030008BF03000837
:1001A000BF030008BF030008BF03000800000000F1
:1001B000BF030008BF030008BF030008BF03000817
:1001C000BF030008BF03000800000000000000009B
:1001D0000000000000000000BF0300080000000055
:1001E000000000000000000000000000000000000F
:1001F0000000000000000000BF030008BF0300086B
:10020000BF030008BF03000800000000BF03000890
:10021000BF030008BF030008BF030008BF030008B6
:10022000BF03000800000000BF030008000000003A
:10023000BF030008BF03000800000000BF03000860
:10024000BF030008BF030008BF030008BF03000886
:10025000BF030008BF030008BF030008BF03000876
:10026000BF030008BF030008BF030008BF03000866
:10027000BF030008BF030008BF0300080000000020
:10028000BF030008BF030008BF030008BF03000846
:1002900000000000BF030008BF03000800000000CA
:1002A00000000000BF030008BF030008C50C0108E0
:1002B000BF030008BF030008BF030008E1250008D2
:1002C000F125000831080108BF030008DFF810D04D
:1002D00000F038FB00480047E98E0108AFF30080CA
:1002E000E0CB00202C4B19680868B0E8F04F80F391
:1002F0000988BFF36F8F4FF0000080F311887047BB
:100300000000000008480068006880F308884FF08B
:10031000000080F3148862B661B6BFF34F8FBFF35D
:100320006F8F00DF00BF00BF08ED00E0DFF80C00BA
:10033000016841F470010160704700BF88ED00E082
:10034000EFF30980BFF36F8F134B1A681EF0100F85
:1003500008BF20ED108A20E9F04F106009B44FF07B
:10036000500080F31188BFF34F8FBFF36F8F1BF0E6
:100370003DFB4FF0000080F3118809BC1968086844
:10038000B0E8F04F1EF0100F08BFB0EC108A80F3F9
:100390000988BFF36F8F70472C000020EFF30580B2
:1003A000704700000648804706480047FEE7FEE722
:1003B000FEE7FEE7FEE7FEE7FEE7FEE7FEE7FEE715
:1003C00051070108CD0200082DE9F05F0546002025
:1003D00092469B4688460646814640241BE02846B6
:1003E00041464746224600F092F853465A46C01A04
:1003F000914110D311461846224600F079F82D1A83
:1004000067EB01084F4622460120002100F070F8FA
:1004100017EB00094E41201EA4F10104DFDC484621
:1004200031462A464346BDE8F09F10B5431A934231
:1004300009D28318881803E010F8011D03F8011D84
:10044000521EF9D210BD40EA01039B0703D009E018
:1004500008C9121F08C0042AFAD203E011F8013BB0
:1004600000F8013B521EF9D210BDD2B201E000F8F3
:10047000012B491EFBD270470022F6E710B5134648
:100480000A4604461946FFF7F0FF204610BD30B576
:1004900004460020034600E05B1C934203D2E05C6C
:1004A000CD5C401BF8D030BD30B404469623080024
:1004B000214604D0B62330BC002200F041B82046CB
:1004C0000021F8E730B50B46014600202022012428
:1004D00009E021FA02F59D4205D303FA02F5491B12
:1004E00004FA02F52844151EA2F10102F1DC30BD28
:1004F000202A04DB203A00FA02F1002070479140E4
:10050000C2F1200320FA03F3194390407047202AD8
:1005100004DB203A21FA02F00021704721FA02F3AD
:10052000D040C2F12002914008431946704700298B
:10053000A8BF7047401C490008BF20F00100704769
:1005400010B4B0FA80FC00FA0CF050EA010404BFC9
:1005500010BC704749B1CCF1200421FA04F411FA1F
:100560000CF118BF012121430843A3EB0C01CB1D63
:100570004FEA00614FEA102042BF002010BC7047D4
:1005800000EBC35010440029A4BF10BC7047401CAE
:10059000490008BF20F0010010BC70472DE9FE4F54
:1005A000804681EA0300C00F0C46009021F0004114
:1005B00023F00045B8EB0200A94105D24046214690
:1005C00090461C460B46024623F00040104347D09D
:1005D000270DC7F30A00C3F30A510290401A019095
:1005E00040286BDAC3F3130040F4801B0098924656
:1005F00020B10023D2EB030A63EB0B0B01985946A1
:10060000C0F140025046FFF773FF06460D465046C4
:100610005946019A00F0A8F910EB08006141002446
:1006200087EA115284EAE7731A4340D0009A62B312
:10063000019A012A4FEA075215DC001B61EB020107
:100640004FF0004202EA0752CDE90042001C41F59A
:10065000801132462B4600F0A8F903B0BDE8F08FB8
:1006600040462146F9E7001B61EB0201001C41F501
:10067000801300185B412018A2F5001747EB030117
:1006800040EAD570B6196D4111E06D084FEA3606A3
:1006900045EAC0754FEA0752001B61EB0201001CDE
:1006A00041F5801149084FEA3000001951413246A6
:1006B0002B4603B0BDE8F04F00F068B90098012266
:1006C00040000023D0EB020263EBE0730098214668
:1006D0004FEAE074B8EB000061EB0401E9E783F056
:1006E00000435BE781F0004158E72DE9FE4F81EAC6
:1006F000030404F0004421F0004100944FF0000B8B
:1007000023F0004350EA01045ED052EA03045BD0B8
:10071000C3F30A54C1F30A552C44A4F2F3340194F0
:10072000A0FB0254C1F3130141F48011C3F313037E
:1007300043F4801301FB024400FB034E840A970A32
:1007400044EA815447EA8357A4FB076802958D0A5F
:1007500005FB07854FEA932C04FB0C542705029DEB
:100760004FEA065847EA1637B5EB08056EEB070C5B
:10077000870E920E47EA811742EA8312A7FB020115
:10078000B6EB0B0164EB00042B0D43EA0C335E184F
:1007900044EB1C50DA465146E7FB0201C5F3130453
:1007A0004FEA0B3343EA14534FEA0432019C43EA05
:1007B0000603A4F10C040294009CCDE900B400F0FF
:1007C000F4F803B0BDE8F08F00200146F9E72DE909
:1007D000F04D81EA030404F0004B21F0004514467B
:1007E0004FF0000A23F0004150EA050220D054EAFD
:1007F00001021DD0C5F30A570246C5F31303C1F326
:100800001300C1F30A5640F4801543F48013A7EB9C
:100810000608101BD64608F2FD3873EB050002D31C
:1008200008F1010801E092185B41B8F1000F03DA0A
:1008300000200146BDE8F08D00204FF480110646EF
:1008400084460EE0171B73EB050705D3121B63EB01
:10085000050306434CEA010C49084FEA30009218A0
:100860005B4150EA0107EDD152EA030012D082EA5F
:10087000040083EA0501084305D0101BAB4106D2F2
:100880000122002306E000224FF0004302E06FF057
:10089000010253101AEB06004CEB085110EB0A0052
:1008A00041EB0B01BDE8F04D00F070B8C1F30A5206
:1008B000C1F3130140F2FF3341F480119A4202DA8E
:1008C00000200146704740F233439A42A2F233427D
:1008D00002DC5242FFF71BBEFFF70ABE30B5041E12
:1008E00071F1000404DB4FF00044404264EB01016D
:1008F000141E73F1000405DB1C464FF00043524206
:1009000063EB0403994208BF904230BD002801DB2D
:10091000C0F10040002901DBC1F10041814202D257
:100920004FF0004004E04FF0005001D14FF0C040C4
:100930004FEA2062EFF3008162F31F6181F30088C8
:1009400070470000064C074D06E0E06840F00103E8
:1009500094E8070098471034AC42F6D3FFF7BAFC8E
:10096000344A0408944A0408202A06DBCB17203AAC
:1009700041FA02F043EAE07306E041FA02F3D040A4
:10098000C2F12002914008431946704710B5141E69
:1009900073F1000408DA401C41F1000192185B4138
:1009A0001A4301D120F0010010BD2DE9F04D92460F
:1009B0009B4611B1B1FA81F202E0B0FA80F2203226
:1009C0009046FFF795FD04460F4640EA0A0041EACB
:1009D0000B0153465A46084313D0114653EA01000F
:1009E00019D0C8F140025046FFF791FD05460E466A
:1009F000504659464246FFF77BFD084305D001208B
:100A000004E020463946BDE8F08D0020054346EA63
:100A1000E0762C4337430A986305E40AA0EB08000C
:100A20000022FD0A44EA47540A3002D5002001465C
:100A3000E9E7010510196941DDE908450019694137
:100A4000BDE8F04DA2E770B58C1810F8015B15F009
:100A5000070301D110F8013B2A1106D110F8012B30
:100A600003E010F8016B01F8016B5B1EF9D12B0755
:100A700005D40023521E0DD401F8013BFAE710F80B
:100A8000013BCB1A921C03E013F8015B01F8015BF8
:100A9000521EF9D5A142D8D3002070BDF0EE400A15
:100AA0009FED050AB4EEE00AF1EE10FAB1EE600A2D
:100AB00030FE200A704700000000000010B500BFA3
:100AC000EFF31080044672B618210648FFF7D4FCF5
:100AD00000200449886108774877204680F3108811
:100AE00000BF10BDD0A5002005E0DFED0E0A70EEBE
:100AF000600AB0EE600ADFED0C0AB4EEE00AF1EE37
:100B000010FAF2DC05E0DFED070A70EE200AB0EE25
:100B1000600ADFED060AB4EEE00AF1EE10FAF2D355
:100B200070470000DB0FC940DB0F4940DB0F49C0B5
:100B300010B5044604B910BD48212046FFF79CFCBF
:100B4000B7EE000A84ED000A00BFF4E770B52DEDA2
:100B5000028B04461CB90020BDEC028B70BDD4EDA5
:100B6000000A60EEA00A94ED011AD4ED011A41EEDC
:100B7000210A94ED021AD4ED021A41EE210A94EDF5
:100B8000031AD4ED031A41EE210AB0EE600A14F004
:100B90005DFDB0EE408A18EE100AC0F3C751FF2980
:100BA00001D0012100E0002131B19FED180AB4EE1F
:100BB000C08AF1EE10FA01D20020CDE700250BE04B
:100BC00004EB850090ED000AC0EE080A04EB8500F6
:100BD000C0ED000A681CC5B2042DF1D3002511E058
:100BE00004F1100000EB850090ED000ADFED080A2B
:100BF00020EE200A04F11C0000EB850080ED000AC5
:100C0000681CC5B2032DEBD30120A5E76F12833A10
:100C100035FA8E3C00BFFEE710B50346042B15D015
:100C200007DC7BB1012B0ED0022B0DD0032B2AD178
:100C30000BE0202B0BD0212B16D0222B21D0232BE5
:100C400021D11FE020E01FE01EE01DE01CE009B103
:100C5000072A01D2032010BD0D480C6804608C885F
:100C600084808C7984710FE009B1072A01D20320B6
:100C7000F1E7074804680C6084888C80807988716B
:100C800002E001E000E000BF00BF0020E3E7000059
:100C900060C004240020704710B5002204490548B4
:100CA00011F0E1FA0449034811F0CEFA002010BD1A
:100CB000E8CD04240CC10424E8C5042470B504461E
:100CC0000D462146034811F0BFFA024811F088FA98
:100CD000002070BD0CC1042410B503460C46002151
:100CE000084610BD2DE9F04104460D4600270E4888
:100CF000D0F8BC622CB125B190F89C02032800D139
:100D000016B90320BDE8F081D6F8140208B101201D
:100D1000F8E72A462146044811F0A5FA024811F0E6
:100D200055FB07463846EDE70CC10424084890F807
:100D30009C02032801D0012070470548D0F8BC125E
:100D400011B1D1F8140208B90120F5E70020F3E74A
:100D50000CC10424084890F89C02032801D000200C
:100D600070470548D0F8BC1221B1D1F8140208B977
:100D70000120F5E70020F3E70CC10424014609B186
:100D8000032901DD00207047481E024A52F8200066
:100D9000F9E70000A800002001460948814201D17E
:100DA000002070470748814201D10120F9E7064839
:100DB000814201D10220F4E74FF0FF30F1E700005B
:100DC000E0160020801700202018002070B50025B4
:100DD0002CE005EBC50000EB4510164901EB800443
:100DE000002060660021A166E166082121670021DC
:100DF0006167A167E16780200151842001510020D3
:100E000004F8880F44F8280C6060206104F03EFC70
:100E1000E06004F03BFC606104F038FCA06128460F
:100E200000F0BCF880F0010020706D1C032DD0D3C1
:100E300070BD0000F89B00202DE9F047074604F044
:100E400025FC05464FF0010900265BE006EBC600D5
:100E500000EB46102E4901EB8004206E28B954F8AF
:100E60008C0FE06025618C3C4BE0D4F88C00D4F80A
:100E70009810884201D0012000E00020804694F8BC
:100E80008800012805D1B8F1000F02D0002084F8B5
:100E9000880094F8880001280CD1D4F8A000281A02
:100EA000642807D3304600F0B5F8304600F076F8F5
:100EB000C4F8A05057B9883460682061656114F89F
:100EC0008809012801D14FF000091AE0B8F1000F9C
:100ED00005D054F88C0FE06025618C3C0AE0D4F812
:100EE0009C00281A642805D994F8880010B90120BC
:100EF00084F8880094F88800012801D14FF0000997
:100F000000BF761C032EA1D34846BDE8F087000041
:100F1000F89B00202DE9F05F83460E461746994660
:100F20005846FFF739FF8246BAF1000F00DB17B9C8
:100F30000020BDE8F09F0AEBCA0000EB4A101649FA
:100F400001EB8004206E082801D30020F1E7002186
:100F500008E001EB410054F82000B04201D100202C
:100F6000E7E7491C206E8842F3D8D4F8608008EB8C
:100F7000480004EB80052E606F60C5F8089000BF44
:100F800000BF00BFBFF35F8F00BF00BF00BF08F10D
:100F9000010020660120CCE7F89B002030B589B025
:100FA00004461B4850F82450202101A8FFF764FA9A
:100FB0000020019002200390012004900020059061
:100FC0000690029001A9284603F093FB18B9284621
:100FD00004F0E9F910B1002009B030BD0022012170
:100FE000284603F0E9FA60B900220821284603F0F8
:100FF000E3FA30B900224FF00071284603F0DCFA22
:1010000020B1284604F0E9F90020E5E70120E3E7F4
:10101000A800002070B50546084850F82540206813
:10102000D0F8D4002168D1F8CC1008432168C1F869
:10103000D400204604F0D1F970BD0000A8000020C3
:101040002DE9F04389B080460F4691461C46404644
:10105000FFF7A2FE0646002E01DB082C03D9012073
:1010600009B0BDE8F0831AF049FA404603F0C0FC2D
:1010700018B91AF06DFA0120F2E706EBC60000EB92
:101080004610104A02EB800000F1640124226846F9
:10109000FFF7CBF9009703944A466946404603F0B0
:1010A000DFFA054655B904F0F1FA06EBC60101EB8B
:1010B0004611044A02EB8101C1F894001AF048FA83
:1010C0002846CDE7F89B002010B5024802F06AF8E8
:1010D00010BD0000241E002010B5024802F062F886
:1010E00010BD00009C1E002010B5024802F05AF806
:1010F00010BD00007C20002010B5024802F052F81C
:1011000010BD00000420002010B5024802F04AF88B
:1011100010BD0000141F002010B5024802F042F874
:1011200010BD0000F420002010B5024802F03AF88B
:1011300010BD00008C1F00200146374A086890420D
:1011400049D0354A18320868904244D0324A303289
:10115000086890423FD0304A4832086890423AD0FE
:101160002D4A60320868904235D02B4A78320868A0
:10117000904230D0284A9032086890422BD0264ABC
:10118000A8320868904226D0244A0868904222D0AB
:10119000224A1832086890421DD0204A303208682E
:1011A000904218D01D4A48320868904213D01B4A1A
:1011B0006032086890420ED0184A7832086890422F
:1011C00009D0164A90320868904204D0134AA832D7
:1011D0000868904201D1012000E00020B0B10A78F7
:1011E000103A1823B2FBF3F000F007020C4B9A5CA4
:1011F000CA65032805D90A686FF30902121D8A65BA
:1012000003E00A686FF309028A6503E0086820F0CA
:10121000FF008865886D704710000240100402408E
:10122000C4CD010810B502682B4C0368A34222D03C
:10123000294C14340368A3421DD0274C283403687A
:10124000A34218D0244C3C340368A34213D0224C50
:1012500050340368A3420ED01F4C64340368A34289
:1012600009D01D4C78340368A34204D01A4C8C3446
:101270000368A34201D1012300E000238BB103786E
:10128000083B1424B3FBF4F1144B03EB8103036616
:10129000124B8033436601F01F040123A340836691
:1012A00018E00378103B1824B3FBF4F10C4B9A427E
:1012B00004D80B4BA83B9A4200D30831094B03EBEF
:1012C00081030366074B8033436601F01F0401234B
:1012D000A340836610BD000008540258005802580D
:1012E000B8040240000802400179A9B3082940D897
:1012F000204B02689A4222D01E4B143302689A4255
:101300001DD01C4B283302689A4218D0194B3C332D
:1013100002689A4213D0174B503302689A420ED09B
:10132000144B643302689A4209D0124B7833026836
:101330009A4204D00F4B8C3302689A4201D10122A9
:1013400000E000224AB14A1E0B4B03EB8202C26648
:10135000094A4032026708E00BE04A1E074B03EBE4
:101360008202C266054A403202674A1E0123934048
:101370004367704708540258005902580009024058
:10138000014600208A69D2B98A6A32B1012A0DD099
:10139000022A03D0032A10D10EE000BFCA6A02F06D
:1013A0008072B2F1807F00D1012007E0CA6AB2F1F9
:1013B000C07F00D1012001E000E000BF36E08A6973
:1013C000B2F5005F1BD18A6A32B1012A07D0022A26
:1013D00003D0032A11D10AE000BF01200EE0CA6A3F
:1013E00002F08072B2F1807F00D1012006E0CA6A6B
:1013F000B2F1C07F00D1012000E000BF16E08A6A90
:1014000032B1012A05D0022A04D0032A0CD103E00C
:1014100000BF00BF012008E0CA6A02F08072B2F18A
:10142000807F00D1012000E000BF00BF70470000B6
:10143000F0B5856D846D984F0668BE4270D0964FAA
:1014400018370668BE426BD0934F30370668BE42ED
:1014500066D0914F48370668BE4261D08E4F6037E4
:101460000668BE425CD08C4F78370668BE4257D0C3
:10147000894F90370668BE4252D0874FA83706681A
:10148000BE424DD0854F0668BE4249D0834F1837C3
:101490000668BE4244D0814F30370668BE423FD016
:1014A0007E4F48370668BE423AD07C4F60370668A8
:1014B000BE4235D0794F78370668BE4230D0774F7C
:1014C00090370668BE422BD0744FA8370668BE42DC
:1014D00026D0734F0668BE4222D0714F143706687B
:1014E000BE421DD06E4F28370668BE4218D06C4FE2
:1014F0003C370668BE4213D0694F50370668BE427B
:101500000ED0674F64370668BE4209D0644F783703
:101510000668BE4204D0624F8C370668BE4201D1D5
:10152000012600E000263EB1D0E919767E60C66E45
:1015300016B1D0E91C767E60574F0668BE4249D08E
:10154000554F18370668BE4244D0534F30370668AF
:10155000BE423FD0504F48370668BE423AD04E4F49
:1015600060370668BE4235D04B4F78370668BE42BA
:1015700030D0494F90370668BE422BD0464FA8372F
:101580000668BE4226D0454F0668BE4222D0434F71
:1015900018370668BE421DD0404F30370668BE423D
:1015A00018D03E4F48370668BE4213D03B4F6037D5
:1015B0000668BE420ED0394F78370668BE4209D061
:1015C000364F90370668BE4204D0344FA8370668BD
:1015D000BE4201D1012600E00026DEB190F85C6039
:1015E00006F01F073F26BE40AE600668366826F448
:1015F000802607683E60066873608668402E04D1C6
:101600000668B2600668F16044E00668B16006688A
:10161000F2603FE0224F0668BE4222D0204F1437CE
:101620000668BE421DD01E4F28370668BE4218D03D
:101630001B4F3C370668BE4213D0194F503706681F
:10164000BE420ED0164F64370668BE4209D0144F12
:1016500078370668BE4204D0114F8C370668BE4208
:1016600001D1012600E00026A6B190F85C6006F0EA
:101670001F070126BE406660066873608668402EBC
:1016800004D10668B2600668F16003E00668B160E4
:101690000668F260F0BD0000100002401004024035
:1016A00008540258024608B2824203DC08B24042A3
:1016B000824201DA104670470020FCE708B5044872
:1016C0004023044A0449009004480FF043FE08BD3B
:1016D0003918000804200020FC1C002060040024AD
:1016E00010B50A48807D08B9002010BD03F0CEFF78
:1016F00006498969401A322805D91C210348FEF79A
:10170000BBFE0020F1E70120EFE70000249F00204E
:1017100010B588B004462078617840EA0120C0F313
:101720000A00A0F58060ADF804006078C010A178D0
:1017300040EA4110C0F30A00A0F58060ADF8060051
:10174000A0788011E17840EA8100217940EA812087
:10175000C0F30A00A0F58060ADF8080020794010C1
:10176000617940EAC110C0F30A00A0F58060ADF8CD
:101770000A006079001180088DF80E006079C0F3CE
:1017800001108DF80F00A079E17940EA012000B244
:10179000ADF81000207A617A40EA012000B2ADF87D
:1017A0001200A07AE17A40EA012000B2ADF81400FC
:1017B000207B8DF81600607B8DF81700A07BE17B05
:1017C00040EA0120ADF81800207C617C40EA01204D
:1017D000C0F5806000B2ADF80C0001A800F044F83C
:1017E00008B908B010BD0120084908708DF81A002A
:1017F00003F04CFF07901C2201A90548FEF715FED7
:1018000000200249087000BFEBE70000D80000206C
:10181000249F002010B590B04022694605480FF083
:1018200083FE0446122C02DB6846FFF771FF10B0FE
:1018300010BD0000600400247047000010B504468D
:101840000748007828B11C2206492046FEF7EDFD26
:1018500010BD1C2203492046FEF7E7FD00BFF7E755
:10186000D8000020249F00200146B1F9000010F5A7
:10187000257F04DBB1F90000B0F5257F01DD0020F4
:101880007047B1F9020010F5257F04DBB1F90200C1
:10189000B0F5257F01DD0020F2E7B1F9040010F575
:1018A000257F04DBB1F90400B0F5257F01DD0020C0
:1018B000E6E7B1F9060010F5257F04DBB1F9060073
:1018C000B0F5257F01DD0020DAE7B1F9080010F559
:1018D000257F04DBB1F90800B0F5257F01DD00208C
:1018E000CEE7887A012802DB887A032801DD002010
:1018F000C6E7C87A012802DBC87A032801DD002088
:10190000BEE7887C012802DCC87C012801DD0020BC
:10191000B6E70120B4E70000B0EE401AF5EEC00AC9
:10192000F1EE10FA02D8B0EE410A7047B4EEE01AB8
:10193000F1EE10FA02DD31EE600AF6E7B1EE600A70
:10194000B4EEC01AF1EE10FA02D231EE200AECE742
:101950009FED010AE9E70000000000007047000069
:1019600070B5094C00200949088048808880C880EB
:101970000749096891F83400FFF700FA05466188C5
:10198000024A00F059F970BD60CE0108B400002091
:10199000BCD7010810B5002047E000EB8003244CC1
:1019A00004EBC30191F8223003B93CE0002381F835
:1019B0002230012383401F4C246823406BB90B89DC
:1019C0001D4C24F81030012383401A4C2468234313
:1019D000184C23600B890B6125E00B89164C34F8F9
:1019E00010401A1BB2F5805F07DD144B53F820300E
:1019F0005B1E124C44F8203009E012F5805F06DAD5
:101A00000E4B53F820305B1C0C4C44F820300B89F3
:101A1000094C24F810300C89084B53F8203004EBA3
:101A200043330B6100BF411CC8B20228B5D310BDBF
:101A3000E49D0020C8000020BC000020C000002061
:101A40000749096891ED020A9FED061AC1EE000AE6
:101A500000EE100AB8EEC00A20EE800A70470000BF
:101A6000BCD70108DB0F493A2DE9F04100241DE005
:101A7000104800EB840504EB84000F4901EBC0071C
:101A80000E49096891F83400FFF778F906461EB14F
:101A90002888B0F5006F00D306E029883B46084A45
:101AA0003046FFF737FA00BF601CC4B2022CDFD308
:101AB000BDE8F08160CE0108E49D0020BCD701089C
:101AC000D11B000810B50446022C01D3002010BD24
:101AD00004EB84000A4901EBC00090F8210060B1DA
:101AE00003F0D4FD04EB8401054A02EBC101496A0D
:101AF000401A0A2801D80120E9E70020E7E70000A2
:101B0000E49D00207CB5002256E002EB82032E4CBF
:101B100004EBC30090F8203003B94BE000BFEFF3B3
:101B20001083194600BF72B6002304E0C45C0DF8B0
:101B300003405C1CE3B2082BF8D3002380F820306C
:101B400000BF81F3108800BF9DF801309DF8004070
:101B500043EA042303819DF803309DF8024043EAE1
:101B600004231BB243819DF805309DF8044043EAED
:101B700004231BB283819DF806305BB28373134B41
:101B80001B682C3303EB420393F90030002B0DDA72
:101B900003891BB10389C3F50053038143895B4269
:101BA0001BB2438183895B421BB28381012380F88E
:101BB000223000BF501CC2B2022AA6D3FFF7EAFEB1
:101BC00000F0E4F87CBD0000E49D0020BCD70108D3
:101BD0002DE9F0410546884616461F462C4614B1AD
:101BE0000EB1082F01D2BDE8F081002003E0315C86
:101BF0002154411CC8B20828F9D3012084F82000E0
:101C000003F044FD6062012084F8210000BFEAE790
:101C10000749096891ED020A9FED061AC1EE000A14
:101C200000EE100AB8EEC00A20EE800A70470000ED
:101C3000BCD701085077D63D2DE9FC4105460E463C
:101C400014461DB114B1B6F5006F02D30120BDE8F2
:101C5000FC8100200CE034F91010C1F307220DF8CC
:101C60001020CBB24200521C0DF80230411CC8B209
:101C70000428F0D308236A4631462846FFF7E0F9E6
:101C8000E5E7000070B52DED028BB0EE408B1B4CEC
:101C900000201B49088048808880C8801948006857
:101CA00090F92D0000EE900AF8EEE00A60EE880A46
:101CB000B0EE600A002000F027F8114908801148B2
:101CC000006890F92F0000EE900AF8EEE00A60EE4E
:101CD000A80AB0EE600A012000F016F80849488012
:101CE0000849096891F83400FFF748F8054661880B
:101CF000034AFFF7A1FFBDEC028B70BD60CE010867
:101D0000B4000020BCD701080346F0EE400A022BC5
:101D100001D30020704718480068407970B9164810
:101D2000006890ED021A9FED152AC1EE021A9FED90
:101D3000141A21EE810A42F210710DE00E4800687B
:101D400090ED021A9FED0F2AC1EE021A9FED0E1AB6
:101D500021EE810A4FF4804180EE801ABDEEC11A57
:101D600011EE102A8A4200DD0A464842824200DA19
:101D70004A4210B2CEE70000BCD701080000104272
:101D800062BE3C399A9999410000C03900B50023E0
:101D900016E003EB83000C4901EBC0021089FFF74A
:101DA0004FFE82ED050A1069FFF74AFE82ED060A32
:101DB000B2F90A00FFF72CFF82ED070A581CC3B2E4
:101DC000022BE6D300BD0000E49D002070B5002585
:101DD000002407E0FD21204600F03AFA00B1012579
:101DE000601CC4B2042CF5DB284670BD70B500251C
:101DF000002407E0FC21204600F02AFA00B101256A
:101E0000601CC4B2042CF5DB284670BD70B503F02D
:101E10003DFC054600241AE0204600F0D7F8A0B1AA
:101E200004EB44000B4901EB0010807B01280CD12E
:101E3000094850F82400281A642806D3FD212046BA
:101E400000F006FA044840F82450601CC4B2042C88
:101E5000E2DB70BD349E0020149F002070B503F0BB
:101E600015FC0546002419E0204600F0AFF898B1B3
:101E700004EB44000B4901EB0010807B60B90A4879
:101E800050F82400281A642806D3FC21204600F0CC
:101E9000DFF9054840F82450601CC4B2042CE3DB91
:101EA00070BD0000349E0020049F002001460120E8
:101EB0008840401E01EE900AB4EEE00AF1EE10FAFE
:101EC00001D2B0EE600AB4EEC10AF1EE10FA01DD03
:101ED000B0EE410A30EE603A71EE603AC3EE232A6A
:101EE000B8EE613A22EE832AFCEEC22A12EE900A84
:101EF00080B270470146042901DB0020704701EBE6
:101F00004100064B03EB0010827B082A03D30E2A04
:101F100001D80120F2E70020F0E70000349E002005
:101F200070B500242EE0194800EB840518490968B3
:101F30003031085DFEF722FF06463EB12888B0F535
:101F4000006F03D26888B0F5006F00D318E004EB8F
:101F50004400104A02EB001329880F4A3046FEF76E
:101F6000D9FF68882988884209D004EB4400094ACF
:101F700002EB00136988084A3046FEF7CBFF00BF2A
:101F8000601CC4B2042CCEDB70BD000068CE01081A
:101F9000BCD70108349E00201122000810B5044669
:101FA000042C01DB002010BD204600F00FF840B1EA
:101FB00004EB4400044901EB0010807B012800D1B0
:101FC000F1E70020EFE70000349E002010B5044642
:101FD000042C01DB002010BD04EB44000A4901EB96
:101FE000001090F8290060B103F050FB04EB4401AD
:101FF000054A02EB0111C96A401A0A2801D80120DA
:10200000E9E70020E7E70000349E00202DE9FC5FAF
:1020100004460F4615461E46DDE90C89042C02DBFA
:102020000120BDE8FC9FB5F5805F08D2B6F5805F62
:1020300005D2B8F5805F02D2B9F5805F01D30120E7
:10204000EFE7194800EB840A38128DF80000F8B267
:102050008DF80100C5F307108DF80200280140EA51
:102060002620C0B28DF80300F0B28DF80400C8F34A
:1020700007108DF805004FEA081040EA2920C0B289
:102080008DF8060009F0FF008DF807000749096880
:102090003031085DFEF772FE8346BAF8021008235D
:1020A0006A46FEF7CDFFBCE768CE0108BCD7010841
:1020B0007CB50025A4E005EB4500534901EB001475
:1020C00094F8280000B999E000BFEFF310800646AD
:1020D00000BF72B6D4E90001CDE90001002084F808
:1020E000280000BF86F3108800BF9DF80000001193
:1020F000A0739DF8000000F00F00E0739DF802004F
:102100009DF8011040EA012020819DF803000001A4
:102110009DF8041040EA211060819DF805009DF8AB
:10212000041001F00F0140EA0120A0819DF8060093
:1021300020749DF80700607434480068243000EB78
:10214000450090F9000000280BDA20894FF6FF7156
:10215000081A208160890911081A6081A089081A6B
:10216000A0812A49096891ED051AF0EE410A274934
:10217000096891ED051AB1EE411AB0EE410A2089C5
:10218000102100F015F984ED060A94ED060A1F48A7
:102190000068383000EB8500D0ED000A30EE200AF0
:1021A00084ED070A1949096891ED061AF0EE410A13
:1021B0001649096891ED061AB1EE411AB0EE410ACE
:1021C00060890C2100F0F4F884ED080A0F490968D1
:1021D00091ED071AF0EE410A0C49096891ED071AD2
:1021E000B1EE411AB0EE410AA0890C2100F0E0F8EE
:1021F00084ED090A284600F0F1F800BF681CC5B25A
:10220000042DFFF658AF7CBD349E0020BCD70108DA
:102210002DE9F0410546884616461F462C4614B166
:102220000EB1082F01D2BDE8F081002003E0315C3F
:102230002154411CC8B20828F9D303F027FAE06200
:10224000012084F8290084F8280000BFEBE7000093
:102250002DE9FC4105460C4612A103C9CDE9000158
:10226000042D02DB0120BDE8FC81FB2C07D0FC2CF7
:1022700005D0FD2C03D0FE2C01D00120F3E70B4844
:1022800000EB85068DF80740094909683031485D43
:10229000FEF774FD0746718808236A46FEF7D0FEF4
:1022A000E1E70000FFFFFFFFFFFFFF0068CE01082E
:1022B000BCD70108F0B52DED028B83B00546002791
:1022C00025B9012003B0BDEC028BF0BD002434E041
:1022D00005EB840090ED000AB0EE408A19480068D2
:1022E000243000EB440090F90100002803DAB1EE3D
:1022F000480AB0EE408A1348006890ED070AB0EE35
:10230000401A1048006890ED070AB1EE400AF0EE5E
:10231000400A0C20B0EE480AFFF7C8FD0646002030
:10232000034640F6FF721146CDE900062046FFF74E
:102330006DFE00B10127601CC4B2042CC8DB384616
:10234000C0E70000BCD701087CB51648006890EDD6
:10235000070AB0EE401A1348006890ED070AB1EE84
:10236000400AF0EE400A0C209FED0F0AFFF79EFD99
:1023700005460026002411E00020CDE9000504EB0D
:1023800044000A4A02EB0010018900231A46204645
:10239000FFF73CFE00B10126601CC4B2042CEBDB4D
:1023A00030467CBDBCD7010800000000349E0020F0
:1023B000B0EE401A01228A40521E01EE902A30EE01
:1023C000C12A00EE100AB8EE400A22EE000AF8EE2A
:1023D000612A80EE222A32EE010A704710B500EB26
:1023E00040031F4C04EB0311012383401D4C246860
:1023F00023406BB90B891C4C24F810300B894B61BE
:1024000001238340174C24682343164C236010BDDE
:102410000B89154C34F810401A1BB2F5004F07DD3C
:10242000124B53F820305B1E104C44F8203009E06A
:1024300012F5004F06DA0D4B53F820305B1C0B4CA5
:1024400044F820300B89084C24F810300C89074BD5
:1024500033F8203004EB03434B6100BFD7E70000A3
:10246000349E0020D4000020CC000020F49E0020E8
:10247000F0B502462AB121B12048006800F480304E
:1024800000B9F0BD22F01F0350181F3020F01F05C7
:102490001846EC1A002C26DD00F01F0C0CEB04068D
:1024A000074600BF00BF00BFBFF34F8F00BF00BF94
:1024B00000BF00BFDFF848C0CCF800702037203ED6
:1024C000002EF7DC00BF00BF00BFBFF34F8F00BF7F
:1024D00000BF00BF00BF00BF00BFBFF36F8F00BFD2
:1024E00000BF00BF00BF00BF00BF00BF00BFBFF301
:1024F0004F8F00BF00BF00BF00BFC2E714ED00E078
:1025000068EF00E0F0B502462AB121B1204800682A
:1025100000F4803000B9F0BD22F01F0350181F30C6
:1025200020F01F051846EC1A002C26DD00F01F0CC9
:102530000CEB0406074600BF00BF00BFBFF34F8F80
:1025400000BF00BF00BF00BFDFF848C0CCF800707C
:102550002037203E002EF7DC00BF00BF00BFBFF3D6
:102560004F8F00BF00BF00BF00BF00BF00BFBFF361
:102570006F8F00BF00BF00BF00BF00BF00BF00BF24
:1025800000BFBFF34F8F00BF00BF00BF00BFC2E757
:1025900014ED00E05CEF00E072B600BFFEE7000063
:1025A00010B5024802F02CFA10BD0000E016002021
:1025B00010B5024802F024FA10BD0000E016002019
:1025C00010B5024802F01CFA10BD00008017002070
:1025D00010B5024802F014FA10BD00008017002068
:1025E00010B5024802F00CFA10BD000020180020BF
:1025F00010B5024802F004FA10BD000020180020B7
:1026000010B501464A6B0868D0F884004FF6FC7498
:10261000A04340EA82000C68C4F884000868D0F83F
:10262000840020F47F04088F44EA00400C68C4F85A
:102630008400886B02440868D0F888004FF6FC7468
:10264000A04340EA82000C68C4F888000868D0F80B
:10265000880020F4FE04888F44EA00400C68C4F827
:102660008800C86B02EB40020868D0F8A0004FF663
:10267000FC74A04340EA82000C68C4F8A00008681B
:10268000D0F8A00020F4FE044020405A44EA004064
:102690000C68C4F8A000D1E9104004FB00220868CF
:1026A000D0F8B0004FF6FC74A04340EA82000C68FA
:1026B000C4F8B0000868D0F8B00020F4FE04B1F807
:1026C000480044EA00400C68C4F8B000D1E9124068
:1026D00004FB00220868D0F8AC004FF6FC74A0435D
:1026E00040EA82000C68C4F8AC00D1E9144004FB55
:1026F00000220868D0F8F0004FF6FC74A04340EACE
:1027000082000C68C4F8F0000868D0F8F00020F4EB
:102710007C14B1F8580044EA00400C68C4F8F0009A
:10272000886D02EB40020868D0F8C0004FF6FC74D8
:10273000A04340EA82000C68C4F8C0000868D0F8E2
:10274000C00020F47C14B1F85C0044EA00400C683E
:10275000C4F8C0000868D0F8C00020F07C5491F89C
:10276000600044EA00600C68C4F8C0002A4C486B62
:1027700004EB8000C866CC6E886B04EB80040C67A9
:102780000C6FC86B04EBC0044C67D1E910046043C4
:102790004C6F04EB80048C67D1E9120460438C6FAA
:1027A00004EB8004CC67D1E914046043CC6F04EBE4
:1027B0008004802044504458886D04EBC004842079
:1027C00044508C6EC86D60438424645804EB8004CC
:1027D000882044508C6E086E60438824645804EB53
:1027E00080049020445040580C4CA04209D99831A4
:1027F000486840F020004860032001F89809012053
:1028000010BDCB6E02E0002018601B1D90204058C8
:102810009842F8D80020F3E700AC0040FCD3004019
:102820002DE9F041054614461E46D1F804C0BCF11E
:10283000000F0AD1D1F810C0D1F808804CEA080C7A
:10284000B1F800804CEA88430BE0D1F810C04CF09E
:10285000804CD1F808804CEA080CD1F800804CEA92
:10286000080391F82080D1F81CC04CEA086CD1F81C
:1028700018804CEA080CD1F814804CEA080CB1F826
:102880000C804CEA0847D5F868C00CFB06FCD5F86C
:10289000848008EB8C021360121D1760121D00204B
:1028A00019E000F1030C14F80CC04FEA0C6800F1B9
:1028B000020C14F80CC048EA0C4800F1010C14F8A2
:1028C0000CC048EA0C2C14F800804CEA080CC2F842
:1028D00000C0121D001DDFF81480D1F80CC018F8DC
:1028E0000CC08445DDD8BDE8F0810000CCCD0108E6
:1028F00080ED060AC0ED070A7047000070B50A486F
:102900000468001D0568001D0668344454B108229F
:102910000649204607F0E4FD042204491031284608
:1029200007F0DEFD70BD000000E8F11F46C0042482
:102930002DE9F041044602F0A9FE804614B90120B9
:10294000BDE8F08194F83500022808D08020606549
:1029500000BF002084F8340000BF0120F0E7FE49EA
:102960002068884249D0FC4918312068884244D008
:10297000F9493031206888423FD0F7494831206812
:1029800088423AD0F44960312068884235D0F24913
:1029900078312068884230D0EF49903120688842F1
:1029A0002BD0ED49A8312068884226D0EB49206819
:1029B000884222D0E9491831206888421DD0E74971
:1029C00030312068884218D0E44948312068884274
:1029D00013D0E2496031206888420ED0DF49783157
:1029E0002068884209D0DD4990312068884204D0AF
:1029F000DA49A8312068884201D1012000E0002096
:102A000068B12068006820F01E0021680860206816
:102A1000406920F0800021684861256806E0206850
:102A2000006820F00E00216808602568CA49206807
:102A3000884270D0C8491831206888426BD0C64996
:102A400030312068884266D0C349483120688842C6
:102A500061D0C1496031206888425CD0BE4978317C
:102A60002068884257D0BC4990312068884252D0B3
:102A7000B949A831206888424DD0B84920688842B9
:102A800049D0B64918312068884244D0B349303122
:102A9000206888423FD0B1494831206888423AD006
:102AA000AE4960312068884235D0AC497831206821
:102AB000884230D0A9499031206888422BD0A7495C
:102AC000A8312068884226D0A5492068884222D0B3
:102AD000A3491431206888421DD0A14928312068BB
:102AE000884218D09E493C312068884213D09C49C6
:102AF0005031206888420ED099496431206888425C
:102B000009D0974978312068884204D094498C31A3
:102B10002068884201D1012000E0002028B1206E09
:102B2000006820F48070216E08608B49206888421C
:102B300049D0894918312068884244D086493031CB
:102B4000206888423FD084494831206888423AD082
:102B5000814960312068884235D07F4978312068CA
:102B6000884230D07C499031206888422BD07A4905
:102B7000A8312068884226D078492068884222D02F
:102B800076491831206888421DD074493031206858
:102B9000884218D0714948312068884213D06F4963
:102BA0006031206888420ED06C49783120688842B4
:102BB00009D06A4990312068884204D06749A83119
:102BC0002068884206D12068006820F00100216852
:102BD000086005E02068006820F0010021680860B6
:102BE00011E002F053FDA0EB080005280BD92020CE
:102BF0006065032084F8350000BF002084F83400AD
:102C000000BF01209CE6286800F001000028E8D100
:102C100051492068884249D04F491831206888427C
:102C200044D04D493031206888423FD04A4948312C
:102C3000206888423AD0484960312068884235D0BF
:102C4000454978312068884230D043499031206826
:102C500088422BD04049A8312068884226D03F497D
:102C60002068884222D03D491831206888421DD012
:102C70003A4930312068884218D0384948312068B4
:102C8000884213D035496031206888420ED03349DC
:102C900078312068884209D03049903120688842D4
:102CA00004D02E49A8312068884201D1012000E0DB
:102CB000002040B1A66D94F85C0000F01F013F2099
:102CC0008840B06007E0A76D94F85C0000F01F0139
:102CD00001208840786020492068884276D01E49CB
:102CE00018312068884271D01B49303120688842F1
:102CF0006CD0194948312068884267D01649603144
:102D00002068884262D014497831206888425DD0BA
:102D1000114990312068884258D00F49A831206865
:102D2000884253D00D49206888424FD00B49183152
:102D3000206888424AD0094930312068884245D00D
:102D4000064948312068884240D0044960312068F3
:102D500088423BD0014905E01000024010040240C7
:102D6000085402587831206888422FD025492068BD
:102D700088422BD0234918312068884226D0224926
:102D80002068884222D020491431206888421DD012
:102D90001D4928312068884218D01B493C312068E1
:102DA000884213D018495031206888420ED0164905
:102DB00064312068884209D01349783120688842FC
:102DC00004D011498C312068884201D1012000E0F3
:102DD000002068B1D4E919104860E06E40B1E06E9F
:102DE000006820F48070E16E0860D4E91C1048602F
:102DF000012084F8350000BF002084F8340000BFB3
:102E000000BF9DE5A00402400854025870B5044676
:102E10000CB9012070BD94F83500022803D0802041
:102E200060650120F6E7DC492068884249D0DA492C
:102E300018312068884244D0D74930312068884210
:102E40003FD0D5494831206888423AD0D2496031D4
:102E50002068884235D0D04978312068884230D007
:102E6000CD499031206888422BD0CB49A8312068C9
:102E7000884226D0C9492068884222D0C7491831E3
:102E8000206888421DD0C54930312068884218D05A
:102E9000C24948312068884213D0C0496031206857
:102EA00088420ED0BD4978312068884209D0BB499C
:102EB00090312068884204D0B849A83120688842FF
:102EC00001D1012000E00020F0B3042084F8350097
:102ED000B149206888424BD0AF49183120688842F8
:102EE00046D0AD4930312068884241D0AA494831A6
:102EF000206888423CD0A84960312068884237D099
:102F0000A54978312068884232D0A34990312068A1
:102F100088422DD0A049A8312068884228D09F49F6
:102F20002068884224D09D491831206888421FD0EB
:102F30009A493031206888421AD09849483120682F
:102F4000884215D0954900E020E060312068884231
:102F50000ED0924978312068884209D08F4990314B
:102F60002068884204D08D49A8312068884206D163
:102F70002068006820F001002168086009E12068ED
:102F8000006820F001002168086002E12068006804
:102F900020F00E00216808607F492068884249D0EF
:102FA0007D4918312068884244D07B4930312068FF
:102FB00088423FD078494831206888423AD07649E3
:102FC00060312068884235D0734978312068884262
:102FD00030D071499031206888422BD06E49A83199
:102FE0002068884226D06D492068884222D06B49EB
:102FF0001831206888421DD06849303120688842E5
:1030000018D0664948312068884213D0634960313E
:10301000206888420ED0614978312068884209D002
:103020005E4990312068884204D05C49A83120680C
:10303000884206D12068006820F0010021680860FD
:1030400005E02068006820F001002168086052490E
:103050002068884270D050491831206888426BD06F
:103060004D4930312068884266D04B49483120684C
:10307000884261D048496031206888425CD0464926
:1030800078312068884257D043499031206888427F
:1030900052D04149A831206888424DD03F4920682C
:1030A000884249D03D4918312068884244D03B4984
:1030B0003031206888423FD0384948312068884202
:1030C0003AD0364960312068884235D0334978316A
:1030D0002068884230D031499031206888422BD016
:1030E0002E49A8312068884226D02D492068884280
:1030F00022D02B491431206888421DD0284928311C
:103100002068884218D026493C312068884213D074
:1031100023495031206888420ED02149643120680B
:10312000884209D01E4978312068884204D01C4961
:103130008C312068884201D1012000E00020D8B104
:10314000206E006820F48070216E0860A56D94F8F0
:103150005C0000F01F01012088406860D4E919106C
:103160004860E06E40B1E06E006820F48070E16E6F
:103170000860D4E91C104860012084F8350000BFC5
:10318000002084F8340000BF206D10B12046216D6E
:10319000884700203EE60000100002401004024074
:1031A000085402582DE9F84F044600200090FE48CC
:1031B00000684FF41651B0FBF1FAA66DD4F85880B0
:1031C0003768D8F80090F9492068884249D0F74913
:1031D00018312068884244D0F44930312068884250
:1031E0003FD0F2494831206888423AD0EF496031F7
:1031F0002068884235D0ED4978312068884230D047
:10320000EA499031206888422BD0E849A8312068EB
:10321000884226D0E6492068884222D0E449183105
:10322000206888421DD0E24930312068884218D099
:10323000DF4948312068884213D0DD496031206879
:1032400088420ED0DA4978312068884209D0D849BE
:1032500090312068884204D0D549A831206888423E
:1032600001D1012000E0002000287DD094F85C000E
:1032700000F01F01082088403840002868D0CB4962
:103280002068884249D0C94918312068884244D012
:10329000C6493031206888423FD0C449483120684F
:1032A00088423AD0C14960312068884235D0BF4950
:1032B00078312068884230D0BC49903120688842FB
:1032C0002BD0BA49A8312068884226D0B849206856
:1032D000884222D0B6491831206888421DD0B449AE
:1032E00030312068884218D0B1494831206888427E
:1032F00013D0AF496031206888420ED0AC49783194
:103300002068884209D0AA4990312068884204D0B8
:10331000A749A8312068884204D12068006800F0DD
:10332000040003E02068006800F0080080B1206815
:10333000006820F004002168086094F85C0000F048
:103340001F0108208840B060606D40F0010060659A
:1033500094F85C0000F01F01012088403840E8B379
:1033600092492068884200E0B7E24BD08F4918317B
:103370002068884246D08D4930312068884241D04B
:103380008A494831206888423CD0884960312068A9
:10339000884237D0854978312068884232D08349C5
:1033A0009031206888422DD08049A8312068884219
:1033B00028D07F492068884224D07D491831206870
:1033C00088421FD07A493031206888421AD0784923
:1033D00048312068884215D0754900E026E0603108
:1033E000206888420ED0724978312068884209D01E
:1033F0006F4990312068884204D06D49A831206817
:10340000884204D12068406900F0800002E0206812
:103410000068002050B194F85C0000F01F0101200A
:103420008840B060606D40F00200606594F85C0018
:1034300000F01F01042088403840E8B35B49206851
:1034400088424BD0594918312068884246D05749A4
:1034500030312068884241D0544948312068884240
:103460003CD0524960312068884237D04F4978318A
:103470002068884232D04D499031206888422DD052
:103480004A49A8312068884228D0494920688842A2
:1034900024D047491831206888421FD04449303130
:1034A000206888421AD0424948312068884215D0A5
:1034B0003F496031206800E024E088420ED03C495A
:1034C00078312068884209D0394990312068884293
:1034D00004D03749A8312068884204D120680068A8
:1034E00000F0020002E020680068002050B194F86B
:1034F0005C0000F01F0104208840B060606D40F067
:103500000400606594F85C0000F01F011020884002
:103510003840E8B325492068884251D02349183102
:10352000206888424CD0214930312068884247D0F9
:103530001E4948312068884242D01C4960312068C9
:1035400088423DD0194978312068884238D01749DF
:1035500090312068884233D01449A83120688842CD
:103560002ED01349206888422AD01149183120688A
:10357000884225D00E4930312068884220D00C493D
:103580004831206888421BD009496031206800E03A
:103590004DE0884214D006497831206888420FD027
:1035A00003499031206805E024000020100002400B
:1035B00010040240884203D0FE492068884204D1AA
:1035C0002068006800F0080003E02068006800F050
:1035D000040060B394F85C0000F01F0110208840E4
:1035E000B0602068006800F4802080B12068006826
:1035F00000F4002028B9206CC8B12046216C88470F
:1036000015E0A06C98B12046A16C88470FE02068B7
:10361000006800F4807028B92068006820F0080075
:1036200021680860206C10B12046216C884794F80E
:103630005C0000F01F0120208840384000287DD029
:10364000DD492068884249D0DB491831206888422A
:1036500044D0D9493031206888423FD0D6494831DA
:10366000206888423AD0D44960312068884235D0F9
:10367000D14978312068884230D0CF4990312068D4
:1036800088422BD0CC49A8312068884226D0C9492D
:10369000A8392068884221D0C649903920688842DC
:1036A0001CD0C44978392068884217D0C149603994
:1036B0002068884212D0BF494839206888420DD01E
:1036C000BC4930392068884208D0BA491839206886
:1036D000884203D0B7492068884204D12068006836
:1036E00000F0100003E02068006800F0020028B33A
:1036F00094F85C0000F01F0120208840B06094F82E
:10370000350004282DD12068006820F016002168BB
:1037100008602068406920F0800021684861206CC2
:1037200008B9A06C28B12068006820F00800216862
:10373000086094F85C0000F01F0100E03FE03F20CB
:103740008840B060012084F8350000BF002084F874
:10375000340000BF206D10B12046216D8847BDE8C0
:10376000F88F2068006800F4802080B1206800682D
:1037700000F4002028B9606C08B32046616C8847CB
:103780001DE0E06BD8B12046E16B884717E0206868
:10379000006800F4807068B92068006820F01000AC
:1037A00021680860012084F8350000BF002084F8FB
:1037B000340000BFE06B10B12046E16B8847606DBC
:1037C00000287AD0606D00F00100E8B3042084F88E
:1037D00035007949206888424BD0774918312068F4
:1037E000884246D0744930312068884241D07249BD
:1037F0004831206888423CD06F4960312068884257
:1038000037D06D4978312068884232D06A4990318A
:10381000206888422DD06849A8312068884228D085
:103820006449A8392068884223D0624990392068C9
:1038300088421ED05F4978392068884219D05D4996
:1038400060392068884200E040E012D05949483988
:10385000206888420DD0574930392068884208D006
:10386000544918392068884203D052492068884258
:1038700006D12068006820F001002168086005E09A
:103880002068006820F001002168086000BF0098EF
:10389000401C0090504500D905E02068006800F009
:1038A00001000028F3D100BF2068006800F001008B
:1038B00020B1032084F8350003E00DE0012084F8F6
:1038C000350000BF002084F8340000BFE06C002801
:1038D00002D02046E16C8847D9E138492068884207
:1038E00022D036491431206888421DD0334928310E
:1038F0002068884218D031493C312068884213D072
:103900002E495031206888420ED02C4964312068FD
:10391000884209D0294978312068884204D0274953
:103920008C312068884201D1012000E0002000286D
:10393000D2D02068056894F85C0000F01F010420D4
:10394000884000EA0900D8B305F00400C0B394F839
:103950005C0000F01F0104208840C8F8040005F452
:10396000004080B105F4803030B9A06C0028B3D09D
:103970002046A16C88478AE1206C0028ACD0204604
:10398000216C884783E105F02000E8BB0A492068E4
:10399000884253D008491831206888424ED00649E1
:1039A00030312068884249D0034948312068884234
:1039B00044D006E0B8040240100002400854025807
:1039C0004FE0B44960312068884237D0B14978313E
:1039D0002068884232D0AF499031206888422DD08B
:1039E000AC49A8312068884228D0AB492068884279
:1039F00024D0A9491831206888421FD0A649303107
:103A0000206888421AD000E025E0A34948312068A8
:103A1000884213D0A0496031206888420ED09E4968
:103A200078312068884209D09B49903120688842CB
:103A300004D09949A8312068884206D120680068DE
:103A400020F008002168086005E02068006820F088
:103A5000040021680860206C10B32046216C884760
:103A600015E194F85C0000F01F010220884000EA94
:103A70000900E8B305F00200D0B394F85C0000F050
:103A80001F0102208840C8F8040005F4004070B10E
:103A900005F4803028B9606C10B12046616C88470D
:103AA000F5E0E06BF0B32046E16B8847EFE005F00E
:103AB0002000C0BB7749206888424ED07549183134
:103AC0002068884249D0734930312068884244D008
:103AD00070494831206888423FD06E496031206883
:103AE00088423AD06B4978312068884235D000E06E
:103AF0004EE068499031206888422ED06549A8314F
:103B00002068884229D064492068884225D06249CB
:103B100018312068884220D05F49303120688842BF
:103B20001BD001E06EE02DE05B49483120688842FF
:103B300013D059496031206888420ED056497831F7
:103B40002068884209D0544990312068884204D0C6
:103B50005149A8312068884206D12068006820F0C9
:103B600014002168086005E02068006820F00A0061
:103B700021680860012084F8350000BF002084F827
:103B8000340000BFE06BE8B32046E16B88477EE07D
:103B900094F85C0000F01F010820884000EA09004A
:103BA00080B305F0080068B33A49206888424BD0DA
:103BB000384918312068884246D03649303120686B
:103BC000884241D033494831206888423CD031494D
:103BD00060312068884237D02E4978312068884289
:103BE00032D02C499031206888422DD02949A83103
:103BF0002068884228D028492068884224D0264955
:103C0000183100E043E0206888421DD0224930315D
:103C10002068884218D0204948312068884213D053
:103C20001D496031206888420ED01B4978312068D8
:103C3000884209D0184990312068884204D016493A
:103C4000A8312068884206D12068006820F01C0056
:103C50002168086005E02068006820F00E002168F7
:103C6000086094F85C0000F01F0101208840C8F84B
:103C700004000120606584F8350000BF002084F84E
:103C8000340000BFE06C10B12046E16C884700BFF3
:103C900065E5000010000240100402402DE9F041EB
:103CA000044601F0F3FC804614B90120BDE8F08120
:103CB000FE492068884249D0FC4918312068884272
:103CC00044D0FA493031206888423FD0F749483122
:103CD000206888423AD0F54960312068884235D062
:103CE000F24978312068884230D0F049903120681C
:103CF00088422BD0ED49A8312068884226D0EC4973
:103D00002068884222D0EA491831206888421DD0B4
:103D1000E74930312068884218D0E54948312068A9
:103D2000884213D0E2496031206888420ED0E049D1
:103D300078312068884209D0DD4990312068884276
:103D400004D0DB49A8312068884201D1012000E07D
:103D50000020002873D0606A00B100BF022084F800
:103D6000350000BF002084F8340000BFCF49206830
:103D7000884249D0CD4918312068884244D0CB4987
:103D80003031206888423FD0C84948312068884295
:103D90003AD0C64960312068884235D0C34978316D
:103DA0002068884230D0C1499031206888422BD0A9
:103DB000BE49A8312068884226D0BD492068884283
:103DC00022D0BB491831206888421DD0B849303113
:103DD0002068884218D0B64948312068884213D0FC
:103DE000B3496031206888420ED0B14978312068EB
:103DF000884209D0AE4990312068884204D0AC494D
:103E0000A8312068884206D12068006820F00100AF
:103E10002168086005E02068006820F00100216842
:103E200008600DE001F032FCA0EB0800052807D97E
:103E300020206065032084F83500012036E769E022
:103E40002068006800F001000028EBD120680568B8
:103E500098480540D4E90201084321690843616993
:103E60000843A1690843E1690843216A08430543FF
:103E7000606A042803D1D4E90B0108430543606854
:103E8000292802D360682E2817D960683F2802D3FA
:103E90006068422811D96068472802D360684828C2
:103EA0000BD960684F2802D36068522805D9606832
:103EB000742804D36068772801D8012000E000202E
:103EC00008B145F48015206805602068456925F033
:103ED0000705606A0543606A04280DD1A06A05439E
:103EE000E06A48B12046FDF74BFA28B140206065F2
:103EF000012084F83500D9E6206845612046FDF7A9
:103F00001BF9064694F85C0000F01F013F20884032
:103F1000B0609EE068492068884222D0664914312A
:103F2000206888421DD0644928312068884218D012
:103F300061493C312068884213D05F495031206884
:103F400088420ED05C4964312068884209D05A49C1
:103F500078312068884204D057498C3120688842E3
:103F600001D1012000E00020E0B3534920688842DD
:103F700022D051491431206888421DD04E49283141
:103F80002068884218D04C493C312068884213D0C0
:103F900049495031206888420ED047496431206831
:103FA000884209D0444978312068884204D0424987
:103FB0008C312068884201D1012000E0002000B14E
:103FC00000BF022084F8350000BF002084F83400D0
:103FD00000BF2068056839480540A068402802D124
:103FE000102106E02EE0A068802801D1C10100E088
:103FF0000021E06841EAD001206941EAD00160690E
:1040000041EAD001A06941EAD001E06941EAD0016A
:10401000206A41EA1010054320680560264920689F
:10402000401A1421B0FBF1F08000E0652046FDF756
:1040300083F8074694F85C0000F01F0101208840D7
:10404000786006E040206065032084F83500012098
:104050002CE61649206888427AD014491831206825
:10406000884275D0114930312068884270D00F499C
:104070004831206888426BD00C4960312068884202
:1040800066D00A4978312068884261D0074990316A
:10409000206888425CD00549A8312068884257D002
:1040A00003492068884253D0014909E010000240CA
:1040B000100402403F8010FE085402580F00FEFF1B
:1040C00018312068884243D03749206888423FD061
:1040D00035491831206888423AD033493031206858
:1040E000884235D0304948312068884230D02E4946
:1040F0006031206888422BD02B4978312068884273
:1041000026D02A492068884222D0284914312068C4
:1041100088421DD0254928312068884218D023497B
:104120003C312068884213D02049503120688842B1
:104130000ED01E4964312068884209D01B4978316D
:104140002068884204D019498C312068884201D106
:10415000012000E0002000B32046FDF763F8A068CE
:10416000802801D1002060602079216E0860D4E9A8
:1041700019104860606860B16068082809D8204656
:10418000FDF7B2F80020E16E0860D4E91C10486029
:1041900003E00020E0662067606700206065012082
:1041A00084F83500002081E540040240085402589C
:1041B0002DE9F04104460D4616461F464FF0000813
:1041C00014B90120BDE8F08100BF94F83400012843
:1041D00001D10220F6E7012084F8340000BF94F8F2
:1041E000350001287ED1022084F83500002060656A
:1041F000E4492068884249D0E24918312068884261
:1042000044D0E0493031206888423FD0DD49483110
:10421000206888423AD0DB4960312068884235D036
:10422000D84978312068884230D0D649903120680A
:1042300088422BD0D349A8312068884226D0D24961
:104240002068884222D0D0491831206888421DD089
:10425000CD4930312068884218D0CB494831206898
:10426000884213D0C8496031206888420ED0C649C0
:1042700078312068884209D0C3499031206888424B
:1042800004D0C149A8312068884206D1206800685E
:1042900020F001002168086005E02068006820F037
:1042A0000100216808603B46324629462046FDF75A
:1042B000BFF8B449206888424BD0B2491831206811
:1042C000884246D0AF4930312068884241D0AD495C
:1042D0004831206888423CD0AA4960312068884231
:1042E00037D000E042E1A74978312068884230D0D9
:1042F000A4499031206888422BD0A249A831206877
:10430000884226D0A0492068884222D09E49183190
:10431000206888421DD09C4930312068884218D0DE
:10432000994948312068884213D097496031206804
:1043300088420ED0944978312068884209D0924949
:1043400090312068884204D08F49A8312068884283
:1043500001D1012000E0002080B12068006820F039
:104360001E0040F0160021680860206CB0B1206883
:10437000006840F00800216808600FE020680068CD
:1043800020F00E0040F00A0021680860206C28B17F
:104390002068006840F004002168086079492068BE
:1043A000884270D077491831206888426BD07549AF
:1043B00030312068884266D072494831206888428E
:1043C00061D070496031206888425CD06D49783195
:1043D0002068884257D06B4990312068884252D07B
:1043E0006849A831206888424DD0674920688842D2
:1043F00049D0654918312068884244D0624930313B
:10440000206888423FD060494831206888423AD0CD
:104410005D4960312068884235D05B497831206839
:10442000884230D058499031206888422BD0564974
:10443000A8312068884226D054492068884222D07A
:1044400052491431206888421DD0504928312068D3
:10445000884218D04D493C312068884213D04B49DE
:104460005031206888420ED0484964312068884223
:1044700009D0464978312068884204D043498C31BC
:104480002068884201D1012000E0002090B1206E18
:10449000006800F4803028B1206E006840F480701D
:1044A000216E0860E06E28B1E06E006840F4807014
:1044B000E16E086033492068884249D0314918319B
:1044C0002068884244D02F493031206888423FD04C
:1044D0002C494831206888423AD02A496031206806
:1044E000884235D0274978312068884230D0254924
:1044F0009031206888422BD02249A8312068884218
:1045000026D021492068884222D01F4918312068CE
:1045100088421DD01C4930312068884218D01A4981
:1045200048312068884213D017496031206888429A
:104530000ED0154978312068884209D0124990314F
:104540002068884204D01049A8312068884206D1EA
:104550002068006840F001002168086010E02068D1
:10456000006840F001002168086009E04FF4006035
:10457000606500BF002084F8340000BF4FF00108E0
:1045800040461FE610000240100402400854025842
:1045900070B5044601F07AF806462546681C10B14D
:1045A00004480078054400BF01F070F8801BA84261
:1045B000FAD370BD2000002030B5034693F8984030
:1045C000012C01D0022C3ED11868806D084030B912
:1045D0001868C06D40F001001D68E8650EE01868BD
:1045E000806D0840884206D11868C06D40F0020016
:1045F0001D68E86502E003201D68E86501F40070AD
:1046000030B11868D0F8E00010431D68C5F8E0002C
:1046100001F4806030B11868D0F8E40010431D68E0
:10462000C5F8E40000BF1868406D0B4D0D402843ED
:104630001D6868650948006840EA9170074D286068
:1046400000BF002030BDD3F89C0040F00200C3F84A
:104650009C000120F6E70000FFFFCF3F14A80040B8
:104660002DE9F04104460E461746706800B900E097
:1046700000BF94F89800022832D12068D0F8C0001A
:1046800000F07C5040B9D4F89C0040F02000C4F801
:104690009C000120BDE8F0812068D0F8C40000F43F
:1046A000001038B1D4F89C0040F40070C4F89C00AD
:1046B0000120EFE72068D0F8C400C0F304452B4682
:1046C0003A4631462046FEF7ABF80120A840216863
:1046D000C1F8D0000120A840C4F894000020D9E718
:1046E000D4F89C0040F00800C4F89C000120D1E7F9
:1046F0007047F0B5024692F89860012E01D0022E64
:1047000043D1C868072800D100BF086818BBC86833
:10471000072800D000BFC86807280BD1088A4FF0CF
:10472000605747EA0040CF6940EA07208F6940EAB6
:1047300007040AE0087A80070F7B40EAC7600F8A07
:1047400040EA07404F6940EA0704D76E486807EB24
:1047500080031C6017E0C868072800D000BF0F7BEB
:10476000086940EA4774C868072801D18D6903E0E9
:104770000F7A486940EA8775176F486807EBC003EE
:104780001C601B1D1D600020F0BDD2F89C0040F095
:104790000200C2F89C000120F6E7704770B506469B
:1047A0000D4605F0007000B970BD3046FCF7F4FA14
:1047B0000446002C00DAF7E72046FCF72BFC01202A
:1047C00004EBC40101EB4411034A02EB810181F8BF
:1047D000880000BFE8E70000F89B0020024640295F
:1047E00005D11368D3F8A43003F07F0004E0136808
:1047F000D3F8B43003F07F00704700002DE9F04398
:1048000004460D469C46002394F89880B8F1020FA8
:1048100074D1402D38D12068D0F8A00000F4FE00FB
:1048200040B9D4F89C0040F02000C4F89C0001205E
:10483000BDE8F0832068D0F8A40000F07F0038B90C
:10484000D4F89C0040F48070C4F89C000120EFE78D
:104850002068D0F8A400C0F3006040B12068D0F810
:10486000A0004FF00109B9EBD07F00D101232068EF
:10487000D0F8A400C0F305200344606C5843D4F87A
:10488000749009EB80014BE0412D38D12068D0F8BD
:10489000B00000F4FE0038B9D4F89C0040F02000CD
:1048A000C4F89C000120C3E72068D0F8B40000F0F1
:1048B0007F0038B9D4F89C0040F48070C4F89C00A4
:1048C0000120B5E72068D0F8B400C0F3006040B123
:1048D0002068D0F8B0004FF00109B9EBD07F00D1CB
:1048E00001232068D0F8B400C0F305200344E06C35
:1048F0005843D4F8789009EB800111E06DE0206D09
:10490000A84207D8D4F89C0040F02000C4F89C00CE
:1049100001208DE7606D6843D4F87C9009EB80013D
:10492000086800F080405060506820B90868C0F303
:104930008A40106003E0086820F06040106008685A
:1049400000F000509060086800F000401061091D00
:10495000088880B2D0610868C0F30340D06008685E
:1049600000F480105061086800F40010906108683D
:10497000C0F3066010620868C00F5062091D0F4640
:10498000002603E0B85D0CF80600761CDFF85C90AA
:10499000D06819F80000B042F4D8402D03D1206847
:1049A000C0F8A83017E0412D03D12068C0F8B83016
:1049B00011E0202D06D20120A840D4F80090C9F8BB
:1049C000980008E005F01F09012000FA09F0D4F86A
:1049D0000090C9F89C0000202AE7D4F89C0040F021
:1049E0000800C4F89C00012022E70000CCCD01089B
:1049F00001460A68D2F8C42002F03F0070477047B1
:104A00002DE9F04F8DB00446EF4800688707EE4867
:104A1000001D006807EA80772068006D00F4704888
:104A20002068406D00EA08082068006D00F00F095A
:104A30002068406D00EA09092068006D00F0F00A66
:104A40002068406D00EA0A0A2068006D00F0715B82
:104A50002068406D00EA0B0B2068006D00F060706C
:104A60000C902068406D0C9908400C902068456DB2
:104A70002068066DC5F3002070B1C6F3002058B160
:104A800000BF4FF48070216808650020CE4908609F
:104A900000BF2046FFF7B3FFC5F38020C8B1C6F3BF
:104AA0008020B0B12068D0F8DC000A902068D0F8EF
:104AB000E4000A9908400A9000BF4FF48060216822
:104AC00008650020C049086000BF20460A9900F030
:104AD000DBFC67B100BFBD48384021680865B80FEE
:104AE000B949086000BF39462046FFF701FEB8F11A
:104AF000000F0ED000BFB54808EA00002168086525
:104B00004FEA9870B049086000BF4146204600F067
:104B1000BDFCB9F1000F0ED000BFAC4809EA00009F
:104B2000216808654FEA9970A749086000BF4946A7
:104B3000204600F0DBFBBAF1000F0ED000BFA34807
:104B40000AEA0000216808654FEA9A709E490860E9
:104B500000BF5146204600F025FCC5F3C02070B1CF
:104B6000C6F3C02058B100BF4FF40060216808654B
:104B700000209549086000BF204600F088FCC5F37E
:104B80004020C8B1C6F34020B0B12068D0F8D800AA
:104B90000B902068D0F8E0000B9908400B9000BF04
:104BA0004FF400702168086500208749086000BF45
:104BB00020460B9900F069FCC5F3C04070B1C6F304
:104BC000C04058B100BF4FF40020216808650020A4
:104BD0007D49086000BF204600F086FBC5F3004019
:104BE00070B1C6F3004058B100BF4FF48030216867
:104BF000086500207449086000BF204600F043FCAF
:104C0000C5F3804070B1C6F3804058B100BF4FF487
:104C100080202168086500206B49086000BF20469D
:104C200000F030FCC5F3404088B1C6F3404070B19D
:104C300000BF4FF400302168086500206249086019
:104C400000BFD4F89C0040F08000C4F89C000C9891
:104C500070B100BF5D490C980840216808650C9848
:104C6000800F5949086000BF20460C99FFF796FD58
:104C7000BBF1000F10D000BF54480BEA00002168C0
:104C800008654FEA9B705049086000BFD4F89C004B
:104C900040EA0B00C4F89C004D49206888427DD151
:104CA0006068806800F00300002877D06068006AC0
:104CB00000F00F0009906068406A09990840099067
:104CC0006068006A00F0300008906068406A0899E7
:104CD000084008906068006A00F4C070079060683F
:104CE000406A0799084007906068006A00F4FC4039
:104CF00006906068406A0699084006906068006AFD
:104D000000F4F02005906068406A0599084005901D
:104D10006068406A02906068006A0190099830B14A
:104D20000998616808622046099900F0A8FB089874
:104D300030B10898616808622046089900F0A1FB2C
:104D40000298C0F38010A0B10198C0F3801080B128
:104D50006068C06B000C04906068C06B00F03F009E
:104D600003904020616808622046DDE9032100F0DD
:104D700087FB079830B10798616808622046079959
:104D800000F07CFB069840B1069861680862D4F890
:104D90009C0006990843C4F89C0000E00AE00598CE
:104DA00040B1059861680862D4F89C0005990843F1
:104DB000C4F89C00D4F89C0010B12046FFF7EDFC2D
:104DC0000DB0BDE8F08F000010A80040FFFFCF3FFE
:104DD00000A0004070B594B004464C22B34901A82D
:104DE000FBF723FB14B9012014B070BDB049206853
:104DF000884203D1206800F580706060A068B0F53B
:104E0000407F00D100BF206C00B100BFA06C00B19A
:104E100000BF206D00B100BF206E00B100BFD4E91B
:104E20001710084400B100BF94F8980028B900207A
:104E300084F89900204600F03DF92068806920F050
:104E400010002168886100F021FC05460EE000F0AA
:104E50001DFC401B0A2809D99834606840F0010005
:104E60006060032004F898090120BDE7206880698C
:104E700000F008000828EAD02068806940F00100AE
:104E80002168886100F002FC05460EE000F0FEFBA0
:104E9000401B0A2809D99834606840F0010060601E
:104EA000032004F8980901209EE72068806900F03B
:104EB00001000028EAD02068806940F002002168E3
:104EC0008861207C012806D12068806920F040009C
:104ED0002168886105E02068806940F04000216811
:104EE0008861607C012806D12068806940F4804098
:104EF0002168886105E02068806920F4804021688D
:104F00008861A07C012806D12068806920F4805047
:104F10002168886105E02068806940F4805021683C
:104F200088612068806920F44070A1680843216886
:104F300088612068806920F0A40021688861206869
:104F4000006920F0100021680861E068012806D19E
:104F50002068806940F004002168886120E0E068F2
:104F6000F0B1E068022815D02068806940F0800028
:104F7000216888612068006940F01000216808619C
:104F8000E06803280CD12068806940F02000216887
:104F9000886105E02068806940F020002168886110
:104FA000207E401E4106E069401E41EA0020216A41
:104FB000491E0843A18A491E40EA01402168C86190
:104FC000A068B0F5407F0FD1A06A401EE16A491E7B
:104FD00040EA0121206B401E41EA0011A08C401ED6
:104FE00041EA00402168C860206E38B12068D0F8DE
:104FF000C000616E08432168C1F8C000D4E91710F1
:10500000084460B12068D0F8C80020F0070001AA69
:10501000A16E52F8211008432168C1F8C800206C25
:1050200060B12068D0F8BC0020F0070001AA616CD4
:1050300052F8211008432168C1F8BC00A06C68B187
:105040002068D0F8BC0020F0700101AAE06C52F892
:10505000200041EA00102168C1F8BC00206D68B151
:105060002068D0F8BC0020F4E06101AA606D52F81D
:10507000200041EA00202168C1F8BC000C492068EA
:10508000884205D16068806820F00300616888600C
:10509000002044F8940FA06001202071943C204629
:1050A000FDF7AEFA064630469EE60000DCCD01086C
:1050B00000A0004010B5B6B00446142130A8FBF79C
:1050C000DBF9B82102A8FBF7D7F9804920688842AC
:1050D00050D14FF400410020CDE902101D9002A8EC
:1050E00001F0ACFD08B1FDF757FA79480068401CA3
:1050F000774908600846006801280DD100BF75484F
:10510000006840F48070734908600846006800F445
:105110008070019000BF00BF00BF6E480C3800686F
:1051200040F008006B490C3908600846006800F040
:105130000800019000BF00BF032030900220319092
:105140000020329033900920349030A9624800F05A
:105150009FF900220521132000F0B4FB132000F07A
:105160009DFB00220521152000F0ACFB152000F06E
:1051700095FBA9E059492068884250D14FF400417D
:105180000020CDE902101D9002A801F057FD08B1E2
:10519000FDF702FA4E480068401C4D490860084679
:1051A000006801280DD100BF4A48006840F48070B3
:1051B000484908600846006800F48070019000BF0C
:1051C00000BF00BF43480C38006840F0020041496E
:1051D0000C3908600846006800F00200019000BF2A
:1051E00000BF602030900220319000203290339038
:1051F0000920349030A93A4800F04AF900220521EC
:10520000142000F05FFB142000F048FB0022052171
:10521000162000F057FB162000F040FB54E0314907
:105220002068884250D14FF400410020CDE902109F
:105230001D9002A801F002FD08B1FDF7ADF9244868
:105240000068401C224908600846006801280DD10A
:1052500000BF2048006840F480701E49086008467E
:10526000006800F48070019000BF00BF00BF1948C3
:105270000C38006840F0080016490C3908600846F0
:10528000006800F00800019000BF00BF4FF44050DC
:1052900030900220319000203290339005203490DD
:1052A00030A90D4800F0F4F8002205219F2000F0FD
:1052B00009FB9F2000F0F2FA00220521A02000F057
:1052C00001FBA02000F0EAFA36B010BD00A00040BB
:1052D00014000020EC440258000C025800A40040C6
:1052E0000004025800D40040704700002DE9F0414E
:1052F0009AB080460F4607F0010010B91AB0BDE819
:10530000F0814046FBF748FD0646002E00DAF5E73F
:1053100006EBC60000EB4610214901EB800436E0A5
:105320006B4610AA40214046FFF768FA00B134E00E
:1053300054F88C0F401C2060109860608C3C1198D1
:1053400020B9129810B91398082800D01FE0002542
:1053500018E005EB450054F820001099884210D160
:10536000139AD3B205EB450204EB820210999068C0
:1053700005EB450204EB8202D2F804C06A46E0471E
:1053800003E06D1C206EA842E3D800BF00BF40219F
:105390004046FFF723FA0028C2D100BF00BFADE7A7
:1053A000F89B00207047014691F8980001280CD125
:1053B000022081F898000868806920F001000A68DE
:1053C00090610020C1F89C007047D1F89C0040F02B
:1053D0000400C1F89C000120F6E70146002291F884
:1053E0009800022842D10868806940F001000B68EB
:1053F00098610CE0322A09D99831486840F00100E0
:105400004860032001F8980901207047521C086881
:10541000806900F001000028ECD000220868806953
:1054200020F010000B6898610CE0322A09D99831FD
:10543000486840F001004860032001F89809012005
:10544000E3E7521C0868806900F008000828ECD0E7
:105450000868806940F002000B6898610020C1F87C
:105460009400012081F898000020CEE7D1F89C003C
:1054700040F00800C1F89C000120C6E77047704763
:105480007047704770477047704770477047704764
:10549000F8B502460B4600216D4DD2E001278F4042
:1054A0001E6806EA0704002C72D01E7906F0030677
:1054B000012E04D01E7906F00306022E13D1906847
:1054C0004F000326BE40B0434F00DE68BE4030436D
:1054D0009060506801268E40B0431E79C6F30016D6
:1054E0008E40304350601E7906F00306032E09D02B
:1054F000D0684F000326BE40B0434F009E68BE40B8
:105500003043D0601E7906F00306022E13D1CF0877
:1055100002F1200656F827004E07F70E0F26BE4070
:10552000B0434F07FF0E1E69BE403043CF0802F163
:10553000200646F8270010684F000326BE40B043FF
:105540001E7906F003064F00BE40304310605E68CF
:1055500006F44036002E73D000BF3E4E366846F04B
:1055600002063C4F3E603E46366806F00206009654
:1055700000BF00BF384E8F0856F827008E07370F40
:105580000F26BE40B043354EB24202D1002629E07C
:1055900056E0334EB24201D1012623E0314EB242F1
:1055A00001D102261EE0304EB24201D1032619E09D
:1055B0002E4EB24201D1042614E02D4EB24201D14A
:1055C00005260FE02B4EB24201D106260AE02A4EF4
:1055D000B24201D1072605E0284EB24201D1092688
:1055E00000E00A268F073F0FBE4030431A4E8F0857
:1055F00046F827004FF0B0463068A0435E6806F4D6
:10560000801606B120434FF0B04630607068A0436A
:105610005E6806F4001606B120434FF0B046706095
:105620006868A0435E6806F4003606B120436860EF
:105630002868A0435E6806F4803606B120432860DF
:10564000491C1E68CE40002E7FF428AFF8BD000034
:1056500080000058F4440258080400580000025822
:105660000004025800080258000C025800100258AA
:105670000014025800180258001C02580024025856
:105680000AB1816101E00B04836170470148006841
:10569000704700001800002003480068034909789B
:1056A00008440149086070471800002020000020CD
:1056B00010B5032000F044F902F034FB10490968EA
:1056C000C1F303210F4A515C01F01F0120FA01F4DC
:1056D0000B48006800F00F001146085C00F01F0046
:1056E00024FA00F008490860084804600F2000F020
:1056F0000FF808B1012010BD00F0B8F80020FAE75B
:105700001844025850CE0108280000202400002030
:1057100070B58AB00446102C0AD200222146A1207E
:1057200000F0D0F8A12000F0B9F81948046002E0B8
:1057300001200AB070BD00BF1648006840F08070BC
:10574000144908600846006800F08070009000BFAF
:1057500000BF01A902A802F065FA02F0D1FA4500E3
:105760000D48B5FBF0F0461E0C480D49086040F2AC
:10577000E7310B48C160466000210161816003F0A0
:1057800031FC18B9064803F087FCD2E70120D0E7C6
:105790001C000020EC44025840420F0000E0004092
:1057A0006C2100204178154A1160144908310968BC
:1057B00021F00101114A08321160121F4168116085
:1057C000017B0907C27A41EA0261827A41EAC24159
:1057D000427B41EA8241827B41EA4241C27B41EA0B
:1057E0000241427A41EA0221027A41EA4201027808
:1057F0001143024A083211607047000098ED00E042
:1058000000BF00BF00BFBFF35F8F00BF00BF00BF7E
:105810000548006820F480300349086000200249F0
:10582000703108607047000024ED00E040F0010195
:105830000D4A11600C497039096841F480310A4AF7
:10584000703A116000BF00BF00BFBFF34F8F00BFB1
:1058500000BF00BF00BF00BF00BFBFF36F8F00BF1E
:1058600000BF00BF7047000094ED00E008B500BF26
:105870000948006840F002000749086008460068CF
:1058800000F00200009000BF00BF00220F21901E18
:1058900000F018F808BD0000F4440258014608461C
:1058A00000280DDB00BF00BF00F01F0301229A405B
:1058B00043099B0003F1E023C3F8002100BF00BFB0
:1058C00000BF70472DE9F05F80460D4616460FF089
:1058D000F9F9074639462A46334601F00700C0F178
:1058E000070ABAF1040F02D94FF0040A01E0C0F12F
:1058F000070AD14600F1040ABAF1070F02D24FF0AD
:10590000000A01E0A0F1030AD4464FF0010A0AFAA6
:1059100009FAAAF1010A0AEA020A0AFA0CFA4FF095
:10592000010B0BFA0CFBABF1010B0BEA030B4AEA80
:105930000B04214640460FF0CDF9BDE8F09F000072
:1059400000BF00F00702064B19684FF6FF0319402D
:10595000044B0B4343EA0221014B196000BF70471F
:105960000CED00E00000FA0501460A680120C1F8CC
:10597000D804002081F8CC04906940F00060906168
:10598000506D024B18435065002070470300001013
:10599000704702461068416200207047F0B5034628
:1059A00015461868446A21B944EA05401E68B06289
:1059B00019E01868806A04EB1044002208E01868B7
:1059C00000F5827050F8220004EB1044501CC2B263
:1059D000481E9042F3D844EA0547186800F58270E3
:1059E0004E1E40F826700020F0BD10B50446D4F8D5
:1059F000E0040DF077F910BD70B504460D4605EBD7
:105A0000C50304F1140101EB8301CA682946D4F8E7
:105A1000E0040DF062F870BD70B504460D4605EB6C
:105A2000C50304F5157101EB8301CA682946D4F852
:105A3000E0040DF0D6F870BD10B50446D4F8E004CB
:105A40000DF053F910BD2DE9F04104460D4605F067
:105A50008000802808D105F00F0000EBC00104F1A0
:105A6000140000EB810607E005F00F0000EBC00119
:105A700004F5157000EB8106314620680EF0BCFB82
:105A800007463846BDE8F08170B504460E4606F07C
:105A9000800080280AD106F00F0000EBC00104F15D
:105AA000140000EB81050120687009E006F00F008A
:105AB00000EBC00104F5157000EB81050020687053
:105AC00006F00F00287000BF94F89404012801D15B
:105AD000022070BD012084F8940400BF294620688C
:105AE0000DF0EAFE00BF002084F8940400BF00BF60
:105AF000EFE770B504460E4606F00F0021798842A4
:105B000001D9012070BD06F0800080280AD106F07E
:105B10000F0000EBC00104F1140000EB810501202F
:105B2000687009E006F00F0000EBC00104F5157085
:105B300000EB8105002068700020A87006F00F00BF
:105B4000287000BF94F89404012801D10220D9E7FD
:105B5000012084F8940400BF294620680EF0D8F88C
:105B600000BF002084F8940400BF00BFCAE70246CB
:105B700001F00F0000EBC00302F5157000EB83008D
:105B8000406970472DE9F04705460E4690461F468E
:105B90004FF0000906F0800080280AD106F00F00BF
:105BA00000EBC00105F1140000EB810401206070DE
:105BB00009E006F00F0000EBC00105F5157000EBE1
:105BC00081040020607006F00F002070C8F30A0006
:105BD000A0602771607808B120786083022F01D11E
:105BE0000020607100BF95F89404012802D10220C2
:105BF000BDE8F087012085F8940400BF214628689D
:105C00000DF064FD00BF002085F8940400BF4846F5
:105C1000EEE72DE9F04105460E461746984606F098
:105C20000F0000EBC00105F5157000EB8104E76083
:105C3000C4F8108000206061607006F00F002070D2
:105C4000A879012800D1E761AA79214628680EF0D9
:105C5000F3F80020BDE8F08170B504460D4605F06C
:105C60000F002179884201D9012070BD05F0800024
:105C700080280AD105F00F0000EBC00104F11400E8
:105C800000EB81060120707007E005EBC50104F50B
:105C9000157000EB8106002070700120B07005F0D7
:105CA0000F00307000BF94F89404012801D1022045
:105CB000DBE7012084F8940400BF314620680EF031
:105CC0006EF805F00F0028B9A17904F29C42206813
:105CD0000DF0E6FF00BF002084F8940400BF00BF71
:105CE000C3E72DE9F04105460E461746984606F0F3
:105CF0000F0000EBC00105F1140000EB8104E76028
:105D0000C4F81080002060610120607006F00F0070
:105D10002070A879012800D1E761AA792146286876
:105D20000EF08AF80020BDE8F0812DE9FE4F044610
:105D3000D4F800B05E4620680EF040FB002874D115
:105D400020680EF07AFB08B9BDE8FE8F40F6080027
:105D50008059C0F30D20C4F8D40420680EF06DFB08
:105D600000F00200022805D12068406900F002001E
:105D70002168486120680EF060FB00F010001028D8
:105D800045D12068806920F0100021688861DBF827
:105D9000209009F00F0000EBC00104F5157000EB36
:105DA000810AC9F3434002281AD147F6F07009EA84
:105DB000000030B3C9F30A125846DAF80C100EF09E
:105DC00041FBC9F30A11DAF80C000844CAF80C00C8
:105DD000C9F30A11DAF814000844CAF8140010E0F4
:105DE000C9F3434006280CD1082204F29C415846CE
:105DF0000EF028FBC9F30A11DAF814000844CAF8B7
:105E000014002068806940F01000216888612068D3
:105E10000EF013FB00F40020B0F5002F7BD100251D
:105E200020680EF0DAFA029072E003E3029800F0C4
:105E30000100002868D0E9B220680EF0F1FA80462F
:105E400008F0010048B1012106F5306000EB451073
:105E500081602946204607F0F3F908F00800082879
:105E600009D1082106F5306000EB45108160294614
:105E7000204607F0B3F908F01000102805D11021D2
:105E800006F5306000EB4510816008F00200022842
:105E900024D1DBF8140000F08000802807D140F600
:105EA0000400805940F4806140F60400815105EB04
:105EB000C50104F5157000EB810A9AF8030001286A
:105EC00006D100208AF80300E9B2204600F0BDFAAE
:105ED000022106F5306000EB4510816008F02000DB
:105EE000202805D1202106F5306000EB45108160A7
:105EF00008F40050B0F5005F06D14FF4005106F5EC
:105F0000306000EB451081606D1C029840080290E3
:105F1000029800288AD120680EF08FFA00F48020C1
:105F2000B0F5802F7DD120680EF04DFA029000254B
:105F30009AE0029800F00100002873D0E9B22068CE
:105F40000EF055FA804608F00100F0B305F00F019D
:105F500001208840019040F634008159019821EADF
:105F6000000040F634018851012106F5106000EB75
:105F700045108160A079012824D105EBC50104F109
:105F8000140000EB810005EBC502C16804F11400A8
:105F900000EB82008068014405EBC50204F11400A7
:105FA00000EB8200C1606DB905EBC50104F114007E
:105FB00000EB8100006928B904F29C4201212068AD
:105FC0000DF06EFEE9B2204600E001E0FFF714FD9F
:105FD00008F00800082805D1082106F5106000EB3C
:105FE0004510816008F01000102805D1102106F539
:105FF000106000EB4510816008F04000402805D19A
:10600000402106F5106000EB4510816008F00200A9
:1060100002281DD1294658460EF093F905EBC5011B
:1060200001E025E01CE004F1140000EB810A9AF87D
:106030000300012806D100208AF80300E9B22046B7
:1060400000F0FAF9022106F5106000EB45108160BE
:1060500008F08000802803D12946204607F092F9F5
:106060006D1C029840080290029800287FF461AFEE
:1060700020680EF0E2F900F00040B0F1004F1CD1B2
:1060800040F60400805920F0010140F604008151DF
:1060900094F8CC04012807D1002084F8CC04002116
:1060A0002046FFF775FC02E0204600F0D9FA206890
:1060B000406900F000402168486120680EF0BDF999
:1060C00000F40060B0F5006F0ED140F60800805972
:1060D00000F0010010B1204600F01AFB2068406972
:1060E00000F400602168486120680EF0A6F900F015
:1060F0000060B0F1006F19D12068406900F00060C5
:106100002168486194F8CC0468B9012084F8CC0473
:106110002068406DC0F38300C4F8D00401212046FC
:10612000FFF736FC02E0204600F0F2FA20680EF09D
:1061300084F900F48050B0F5805F7ED140F6040011
:10614000805920F0010140F604008151102120689F
:106150000EF0F7F8002732E04FF67F3106F51060B9
:1061600000EB4710816006F5106000EB47100068F7
:1061700020F4001106F5106000EB471001604FF6A7
:106180007F3106F5306000EB4710816006F5306026
:1061900000EB4710006820F4001106F5306000EBBA
:1061A0004710016006F5306000EB4710006840F0D2
:1061B000006106F5306000EB471001607F1C20791C
:1061C000B842C9D840F61C00805940F0011140F691
:1061D0001C008151E07B70B1D6F8840840F00B01BF
:1061E000C6F8841840F64400805940F00B0140F690
:1061F000440081510FE040F61400805942F22B0117
:10620000084340F614018851081F805940F00B01E3
:106210004FF401608151D6F8000820F4FE60C6F802
:106220000008A17904F29C4220680DF039FD206835
:10623000406900F48050216800E000E04861206877
:106240000EF0FBF800F40050B0F5005F17D12068A5
:106250000DF0A4FA20680EF09EF8E07101F018FD30
:106260000090E279206800990EF06EF9204600F067
:10627000DFF92068406900F4005021684861206817
:106280000EF0DBF800F00800082808D1204600F0E6
:10629000EEF92068406900F0080021684861206834
:1062A0000EF0CBF800F08000802818D1DBF8180041
:1062B00020F08000CBF8180001250DE005EBC501AA
:1062C00004F5157000EB8100C078012803D1E9B214
:1062D0002046FFF7B8FB6D1C2079A842EED8206855
:1062E0000EF0ABF800F48010B0F5801F2DD1012521
:1062F00022E006F5106000EB4510D0F8009005EBA9
:10630000C50104F1140000EB81000079012812D1CD
:1063100009F00040B0F1004F0DD1012105EBC5029D
:1063200004F1140000EB8200C170E8B240F080017B
:106330002046FFF788FB6D1C2079A842D9D8206839
:10634000406900F480102168486120680EF075F8FB
:1063500000F40010B0F5001F44D1012538E006F527
:10636000306000EB4510D0F8009005EBC50104F556
:10637000157000EB81000079012828D109F0004058
:10638000B0F1004F23D194F8D40400F00100C9F318
:10639000004188421BD1012105EBC50204F51570AF
:1063A00000EB8200C170DBF8180040F08000CBF8F1
:1063B0001800DBF8140000F0800040B940F604003B
:1063C000805940F4007140F60400815103E06D1CD7
:1063D0002079A842C3D800BF2068406900F40010AB
:1063E0002168486120680EF028F800F08040B0F184
:1063F000804F08D12046FFF7F8FA2068406900F086
:1064000080402168486120680EF017F800F0040011
:1064100004280FD12068D0F8049009F00400042863
:1064200002D12046FFF708FB2068406840EA0900D7
:106430002168486000BF87E470B504460D462946D0
:10644000D4F8E0040CF0C2FC70BD70B504460D46F3
:106450002946D4F8E0040CF0DDFC70BD38B50446E4
:106460000CB9012038BD94F8950428B9002084F8AF
:106470009404204600F0A2F8032084F895042068D4
:106480000DF0D4FB207C8DF8000094E80F000DF097
:1064900099F920B1022084F895040120E2E7002157
:1064A00020680DF0FFFF20B1022084F89504012040
:1064B000D8E7002531E0012105EBC50204F1140005
:1064C00000EB8200417005EBC50104F1140000F8F7
:1064D000215005EBC50100EB81004583002105EB50
:1064E000C50204F1140000EB8200017105EBC50246
:1064F00004F1140000EB8200816005EBC50204F199
:10650000140000EB8200C16005EBC50204F1140029
:1065100000EB82000161681CC5B22079A842CADC88
:1065200000252AE0002105EBC50204F5157000EBFB
:106530008200417005EBC50104F5157000F821508B
:10654000002105EBC50200EB8200017105EBC502DD
:1065500004F5157000EB8200816005EBC50204F5BF
:10656000157000EB8200C16005EBC50204F51570E3
:1065700000EB82000161681CC5B22079A842D1DC21
:10658000207C8DF8000094E80F000DF05FFA20B138
:10659000022084F89504012064E700206074012043
:1065A00084F89504207B012802D12046FFF7DCF90E
:1065B00020680DF039FA002054E7000010B5B0B0A3
:1065C0000446B82102A8F9F757FF17492068884206
:1065D00027D14FF480210020CDE902104FF4401064
:1065E000239002A800F02AFB08B1FBF7D5FF00F0CA
:1065F000D9F800BF0D48006840F000700B490860F2
:106600000846006800F00070019000BF00BF002243
:1066100005214D20FFF756F94D20FFF73FF90121E5
:10662000A17130B010BD000000000440D8440258F1
:1066300070B504460125E07908B9002506E0E07947
:10664000022801D1012501E0FBF7A6FF2946D4F875
:10665000E0040CF088FCD4F8E0040CF02FFC70BDD2
:1066600010B50446D4F8E0040CF05EFC10BD10B583
:106670000446D4F8E0040CF062FC10BD70B504468A
:106680000D4600BF94F89404012801D1022070BD8A
:10669000012084F8940400BF6574294620680DF039
:1066A00035FF00BF002084F8940400BF00BFEEE770
:1066B00010B5044604F29C41D4F8E0040CF06AFCE6
:1066C00010BD70B50446256800BF94F894040128F5
:1066D00001D1022070BD012084F8940400BFE86855
:1066E00000F0400030B1607B012803D1A86B40F47A
:1066F0008030A86320680DF0F5FD20680DF082F968
:1067000000BF002084F8940400BF00BFE2E700004F
:1067100010B50446D4F8E0040CF099FC2068D0F8D9
:10672000000E40F001002168C1F8000EE07A28B1A7
:106730000348006840F006000149086010BD0000F1
:1067400010ED00E070B5044615480068C0F3800005
:1067500048B91348006800F00700A04201D00120AA
:1067600070BD0020FCE70E48006820F007002043C1
:106770000B490860FEF78AFF054607E0FEF786FF33
:10678000401BB0F57A7F01D90120E9E704480838B9
:106790000068C0F340300028F0D00020E0E700009F
:1067A0000C4802580348006840F0807001490860B6
:1067B000704700000C48025810B501F069FA05490D
:1067C0000968C1F30211044A515C01F01F01C8407D
:1067D00010BD00002044025850CE010870B501469B
:1067E000844D2D6805F00303824D2D68C5F30530F7
:1067F000804D2D1D2D68C5F300147E4D14352D6878
:10680000C5F3CC0515FB04F501EE105AB8EE411A9C
:10681000F0EE410A00286FD023B1012B4ED0022B9D
:106820006BD16BE0734D283D2D68C5F340153DB32A
:10683000704D283D2D68C5F3C1066F4D25FA06F24F
:1068400001EE102AF8EE411A01EE100AB8EE411AD4
:1068500081EE812A9FED691AC0EE811A654D1035CF
:106860002D68C5F3080501EE105AB8EE411A31EE55
:10687000811AF7EE001A31EE211A22EE010A1CE00D
:1068800001EE100AB8EE411ADFED5D1A81EE812AA1
:106890009FED5A1AC0EE811A564D10352D68C5F37A
:1068A000080501EE105AB8EE411A31EE811AF7EEE2
:1068B000001A31EE211A22EE010A5BE001EE100A05
:1068C000B8EE411ADFED4F1A81EE812A9FED4B1A87
:1068D000C0EE811A474D10352D68C5F3080501EE4D
:1068E000105AB8EE411A31EE811AF7EE001A31EE65
:1068F000211A22EE010A3DE077E01DE001EE100AC8
:10690000B8EE411A9FED402AC2EE011A9FED3B1AE4
:1069100080EE812A374D10352D68C5F3080501EE4C
:10692000105AB8EE411A32EE011AB7EE002A31EED3
:10693000021A21EE810A1DE001EE100AB8EE411A9A
:10694000DFED301A81EE812A9FED2C1AC0EE811AFC
:10695000284D10352D68C5F3080501EE105AB8EE24
:10696000411A31EE811AF7EE001A31EE211A22EEA9
:10697000010A00BF00BF1F4D10352D68C5F3462525
:1069800001EE105AB8EE411AF7EE001A31EE211A54
:10699000C0EE011ABCEEE11A81ED001A154D10355A
:1069A0002D68C5F3064501EE105AB8EE411AF7EE10
:1069B000001A31EE211AC0EE011ABCEEE11A81ED87
:1069C000011A0C4D10352D68C5F3066501EE105AFD
:1069D000B8EE411AF7EE001A31EE211AC0EE011A94
:1069E000BCEEE11A81ED021A03E000250D604D6056
:1069F0008D6070BD284402580090D003000000460E
:106A00000024744C0024744A001BB74B70B5014637
:106A1000844D2D6805F00303824D2D68C5F30550A4
:106A2000804D2D1D2D68C5F300247E4D1C352D682D
:106A3000C5F3CC0515FB04F501EE105AB8EE411A6A
:106A4000F0EE410A00286FD023B1012B4ED0022B6B
:106A50006BD16BE0734D283D2D68C5F340153DB3F8
:106A6000704D283D2D68C5F3C1066F4D25FA06F21D
:106A700001EE102AF8EE411A01EE100AB8EE411AA2
:106A800081EE812A9FED691AC0EE811A654D183595
:106A90002D68C5F3080501EE105AB8EE411A31EE23
:106AA000811AF7EE001A31EE211A22EE010A1CE0DB
:106AB00001EE100AB8EE411ADFED5D1A81EE812A6F
:106AC0009FED5A1AC0EE811A564D18352D68C5F340
:106AD000080501EE105AB8EE411A31EE811AF7EEB0
:106AE000001A31EE211A22EE010A5BE001EE100AD3
:106AF000B8EE411ADFED4F1A81EE812A9FED4B1A55
:106B0000C0EE811A474D18352D68C5F3080501EE12
:106B1000105AB8EE411A31EE811AF7EE001A31EE32
:106B2000211A22EE010A3DE077E01DE001EE100A95
:106B3000B8EE411A9FED402AC2EE011A9FED3B1AB2
:106B400080EE812A374D18352D68C5F3080501EE12
:106B5000105AB8EE411A32EE011AB7EE002A31EEA1
:106B6000021A21EE810A1DE001EE100AB8EE411A68
:106B7000DFED301A81EE812A9FED2C1AC0EE811ACA
:106B8000284D18352D68C5F3080501EE105AB8EEEA
:106B9000411A31EE811AF7EE001A31EE211A22EE77
:106BA000010A00BF00BF1F4D18352D68C5F34625EB
:106BB00001EE105AB8EE411AF7EE001A31EE211A22
:106BC000C0EE011ABCEEE11A81ED001A154D183520
:106BD0002D68C5F3064501EE105AB8EE411AF7EEDE
:106BE000001A31EE211AC0EE011ABCEEE11A81ED55
:106BF000011A0C4D18352D68C5F3066501EE105AC3
:106C0000B8EE411AF7EE001A31EE211AC0EE011A61
:106C1000BCEEE11A81ED021A03E000250D604D6023
:106C20008D6070BD284402580090D00300000046DB
:106C30000024744C0024744A001BB74B2DE9F0412A
:106C400004460025A8464FF00062D4E90010114028
:106C50000020134659404040014331D1606E48B195
:106C6000B0F5801F0DD0B0F5001F11D0B0F5401F5A
:106C700016D114E0FE48006840F40030FC4908607A
:106C800010E0022104F1080006F01AFC054609E0B4
:106C9000022104F1280006F0C5FC054602E001E0EF
:106CA000012500BF00BF55B9F1482430006820F429
:106CB0004010616E0843EE492431086000E0A846A8
:106CC0004FF48072D4E9001011400020134659405F
:106CD000404001432ED1A06D05281BD2DFE800F013
:106CE000030A11181900E248006840F40030E04936
:106CF000086011E0002104F1080006F0E1FB054600
:106D00000AE0002104F1280006F08CFC054603E0AF
:106D100002E001E0012500BF00BF55B9D44824308E
:106D2000006820F00700A16D0843D14924310860B4
:106D300000E0A8464FF48062D4E900101140002022
:106D400013465940404001433DD1D4F8A400B0F56A
:106D5000C00F24D007DC68B1B0F5001F11D0B0F52A
:106D6000800F1FD114E0B0F5000F19D0B0F5200F3F
:106D700018D116E0BE48006840F40030BC490860F5
:106D800012E0002104F1080006F09AFB05460BE032
:106D9000002104F1280006F045FC054604E003E06C
:106DA00002E001E0012500BF00BF5DB9B0482C3012
:106DB000006820F46000D4F8A4100843AC492C31DA
:106DC000086000E0A8464FF40062D4E900011040DA
:106DD000002113465840494008433DD1D4F8A8004B
:106DE000B0F1407F24D007DC68B1B0F1807F11D0D2
:106DF000B0F1007F1FD114E0B0F1806F19D0B0F175
:106E0000A06F18D116E09A48006840F40030984905
:106E1000086012E0002104F1080006F051FB05466D
:106E20000BE0002104F1280006F0FCFB054604E01D
:106E300003E002E001E0012500BF00BF5DB98C481E
:106E40002C30006820F0E060D4F8A810084388498E
:106E50002C31086000E0A8464FF00073D4E9001020
:106E60001940002059404040014328D1E06CA8B1AE
:106E7000102804D0202809D0302810D10DE07C48FB
:106E8000006840F400307A4908600AE0022104F109
:106E9000080006F015FB054603E002E001E00125CD
:106EA00000BF00BF55B972482030006820F03000A4
:106EB000E16C08436E492031086000E0A8464FF4B9
:106EC0008053D4E90010194000205940404001434C
:106ED00037D1E06DB0F5005F1AD004DC50B1B0F5E9
:106EE000805F1ED10DE0B0F5405F18D0B0F5804F47
:106EF00017D115E05E48006840F400305C49086036
:106F000011E0002104F1080006F0DAFA05460AE073
:106F1000002104F1280006F085FB054603E002E0AD
:106F200001E0012500BF00BF55B951482430006879
:106F300020F4E040E16D08434D492431086000E051
:106F4000A8464FF40053D4E90010194000205940DE
:106F50004040014335D1206EB0F5403F1ED007DCE4
:106F600068B1B0F5803F0BD0B0F5003F19D10EE00D
:106F7000B0F5802F13D0B0F5A02F12D110E012E0A1
:106F8000012104F1080006F09BFA05460BE00121FF
:106F900004F1280006F046FB054604E003E002E0A9
:106FA00001E0012500BF00BF55B931482430006819
:106FB00020F4E020216E08432D492431086000E0D0
:106FC000A8464FF48042D4E9000110400021134646
:106FD00058404940084337D1D4F8AC00B0F1405F85
:106FE0001ED007DC68B1B0F1805F0BD0B0F1005F5C
:106FF00019D10EE0B0F1804F13D0B0F1A04F12D1F3
:1070000010E012E0012104F1080006F059FA0546EB
:107010000BE0012104F1280006F004FB054604E022
:1070200003E002E001E0012500BF00BF5DB91048A8
:107030002C30006820F0E040D4F8AC1008430C4934
:107040002C31086000E0A8464FF40043D4E9000169
:10705000184000215840494008432AD1E06EB8B199
:10706000B0F1805F06D0B0F1005F12D109E00000FE
:107070002C440258F948006840F40030F749086091
:1070800009E0012104F1080006F01AFA054602E0C1
:1070900001E0012500BF00BF55B9F0482430006869
:1070A00020F04050E16E0843EC492431086000E0D4
:1070B000A8464FF08073D4E90010194000205940D1
:1070C0004040014328D1A06CA8B1012804D0022877
:1070D00009D0032810D10DE0E048006840F40030EA
:1070E000DE4908600AE0022104F1080006F0E8F930
:1070F000054603E002E001E0012500BF00BF55B9ED
:10710000D6482030006820F00300A16C0843D34922
:107110002031086000E0A8464FF48003D4E9001055
:10712000194000205940404001437DD1CC480068BF
:1071300040F48070CA490860FEF7A8FA064606E0E7
:10714000FEF7A4FA801B642801D9032505E0C44892
:10715000006800F480700028F2D000BF85BBBF48F3
:107160004430006800F44070B4F8B01001F440718D
:10717000884213D0B9484430006820F44077B748BB
:107180004430006840F48030B44944310860084617
:10719000006820F48030086008460760D4F8B0002A
:1071A000B0F5807F15D1FEF771FA064609E0FEF7CB
:1071B0006DFA801B41F28831884202D9032507E02D
:1071C00038E0A64844300068C0F340000028EED004
:1071D00000BF55BB00BFB4F8B00000F44070B0F57C
:1071E000407F0ED19D481C38006820F47C519D4A98
:1071F000D4F8B000104041EA101098491C390860DA
:1072000007E096481C38006820F47C5093491C39EC
:107210000860924844300068B4F8B010C1F30B0124
:1072200008438E49443101E005E001E0086002E0D6
:10723000A84600E0A8460122D4E900011040002140
:10724000134658404940084330D1A06F18281AD03F
:1072500005DC48B1082808D0102817D10CE02028F8
:1072600012D0282812D110E012E0012104F1080008
:1072700006F026F905460BE0012104F1280006F08E
:10728000D1F9054604E003E002E001E0012500BF7A
:1072900000BF55B971482830006820F03800A16F50
:1072A00008436E492831086000E0A8460223D4E96B
:1072B00000101940002059404040014329D1606F1F
:1072C000062816D2DFE800F003040B12131412E0B4
:1072D000012104F1080006F0F3F805460BE0012156
:1072E00004F1280006F09EF9054604E003E002E000
:1072F00001E0012500BF00BF55B95848283000689B
:1073000020F00700616F084354492831086000E00D
:10731000A8460422D4E90010114000201346594029
:10732000404001432BD1D4F89000062816D2DFE864
:1073300000F003040B12131412E0012104F1080001
:1073400006F0BEF805460BE0012104F1280006F026
:1073500069F9054604E003E002E001E0012500BF11
:1073600000BF5DB93D482C30006820F00700D4F81C
:107370009010084339492C31086000E0A8462023CA
:10738000D4E900011840002158404940084337D152
:10739000D4F88C00B0F1405F1ED007DC68B1B0F1CA
:1073A000805F0BD0B0F1005F19D10EE0B0F1804FDB
:1073B00013D0B0F1A04F12D110E012E0002104F17F
:1073C000080006F07DF805460BE0022104F12800D4
:1073D00006F028F9054604E003E002E001E001259B
:1073E00000BF00BF5DB91D482830006820F0E040B4
:1073F000D4F88C10084319492831086000E0A846E9
:107400004023D4E900101940002059404040014376
:107410003CD1D4F89800B0F5406F25D007DC68B1B6
:10742000B0F5806F0BD0B0F5006F20D10EE0B0F555
:10743000805F1AD0B0F5A05F19D117E019E00021E4
:1074400004F1080006F03CF8054612E0022104F1C0
:10745000280006F0E7F805460BE000002C4402582F
:1074600000480258FFFCFF0F03E002E001E00125A5
:1074700000BF00BF4DB9FE48006820F4E050D4F8CA
:1074800098100843FA49086000E0A8468023D4E930
:1074900000101940002059404040014335D1D4F834
:1074A0009C00B0F5C04F1ED007DC68B1B0F5005F9E
:1074B0000BD0B0F5804F19D10EE0B0F5004F13D0CE
:1074C000B0F5204F12D110E012E0002104F10800C5
:1074D00005F0F6FF05460BE0022104F1280006F056
:1074E000A1F8054604E003E002E001E0012500BF49
:1074F00000BF4DB9DE48006820F46040D4F89C100D
:107500000843DB49086000E0A8460823D4E90001ED
:107510001840002158404940084317D1D4F8800052
:10752000B0F5805F07D1022104F1280006F07AF857
:1075300008B14FF00108CE48001F006820F4405009
:10754000D4F880100843CA49091F08601023D4E901
:1075500000011840002158404940084315D1D4F893
:107560009400B0F5807F07D1022104F1280006F0D5
:1075700059F808B14FF00108BD48006820F4407088
:10758000D4F894100843BA4908604FF40023D4E9B2
:1075900000011840002158404940084327D1D4F841
:1075A000A00030B1B0F5803F0AD0B0F5003F0FD158
:1075B0000DE0002104F1080005F082FF054609E016
:1075C000022104F1280006F02DF8054602E001E052
:1075D000012500BF00BF4DB9A548006820F4403028
:1075E000D4F8A0100843A249086000E0A8464FF470
:1075F0008023D4E900011840002158404940084345
:107600002DD1D4F88400B0F5801F06D0B0F5001F4E
:107610000CD0B0F5401F11D10FE095482C38006810
:1076200040F4003092492C39086009E0012104F14E
:10763000280005F0F7FF054602E001E0012500BF44
:1076400000BF5DB98A48001F006820F44010D4F8DC
:10765000841008438649091F086000E0A8464FF4DB
:107660008032D4E9000110400021134658404940BF
:10767000084325D1206D18B1B0F5803F10D108E046
:107680007B482C38006840F4003079492C39086078
:1076900008E0022104F1080005F012FF054601E0B0
:1076A000012500BF00BF55B971480C38006820F4AF
:1076B0008030216D08436E490C39086000E0A8460F
:1076C0004FF00053D4E900101940002059404040C9
:1076D000014307D1022104F1280005F0A3FF08B1FE
:1076E0004FF001084FF40032D4E9000110400021AE
:1076F000134658404940084327D1E06FA0B1B0F588
:10770000807F06D0B0F5007F0CD0B0F5407F0CD163
:1077100009E057482C38006840F4003054492C39AF
:10772000086004E003E002E001E0012500BF00BFC3
:1077300055B94F48001F006820F44070E16F0843BE
:107740004B49091F086000E0A8464FF48012D4E9B5
:10775000001011400020134659404040014309D118
:1077600043480838006820F00040216F0843404932
:10777000083908604FF40013D4E9000118400021D3
:1077800058404940084309D139480838006820F07A
:107790008070A16E08433649083908604FF0804375
:1077A000D4E900101940002059404040014311D154
:1077B00000BF2F484838006820F400402C49483961
:1077C000086008460068D4F8B410084328494839CE
:1077D000086000BF4FF00042D4E9000110400021D2
:1077E000134658404940084309D121480C380068E5
:1077F00020F04050616D08431D490C3908604FF47A
:107800000002D4E9001011400020134659404040C6
:1078100001430AD11648001F006820F44000D4F844
:10782000881008431249091F08600122002160687E
:10783000104049405040014306D104F1080005F0D2
:107840003FFE054605B1A8460222002160681040AF
:1078500049405040014307D1012104F1080005F0DF
:107860002FFE054605B1A84604230020616801E00B
:10787000584402581940042240405140084307D15F
:10788000022104F1080005F01BFE054605B1A846DB
:1078900008230020616819400822404051400843F5
:1078A00007D1002104F1280005F0BCFE054605B112
:1078B000A846102300206168194010224040514022
:1078C000084307D1012104F1280005F0ABFE05466D
:1078D00005B1A84620220021606810404940504070
:1078E000014307D1022104F1280005F09BFE054663
:1078F00005B1A846B8F1000F02D10020BDE8F08123
:107900000120FBE72DE9F04104460D4614B90120A2
:10791000BDE8F081BD48006800F00F00A8420ED21B
:10792000BA48006820F00F002843B84908600846AC
:10793000006800F00F00A84201D00120E8E720789D
:1079400000F0040004280ED1B1492069096801F053
:107950007001884207D9AE48006820F070002169A4
:107960000843AB490860207800F00800082811D1CE
:10797000A749091D6069096801F07001884209D9A9
:10798000A348001D006820F0700061690843A04909
:10799000091D0860207800F01000102811D19C49C2
:1079A000091DA069096801F4E061884209D9984875
:1079B000001D006820F4E060A16908439449091D96
:1079C0000860207800F02000202811D1904908316B
:1079D000E069096801F07001884209D98C480830D3
:1079E000006820F07000E1690843894908310860A7
:1079F000207800F0020002280ED18549E06809686D
:107A000001F00F01884207D98148006820F00F007B
:107A1000E16808437E490860207800F001000028F2
:107A200050D07B48006820F47060A1680843784912
:107A300008606068022807D1754818380068C0F3EC
:107A40004040F8B9012063E76068032807D1704817
:107A500018380068C0F34060A0B9012058E760689A
:107A6000012807D16A4818380068C0F3002048B9D7
:107A700001204DE7664818380068C0F3800008B957
:107A8000012045E762480838006820F00700616877
:107A900008435F4908390860FDF7F8FD064608E02D
:107AA000FDF7F4FD801B41F28831884201D90320A3
:107AB0002EE757480838006800F038006168B0EBDE
:107AC000C10FEDD1207800F0020002280ED15049FC
:107AD000E068096801F00F01884207D24C4800684D
:107AE00020F00F00E16808434949086047480068F2
:107AF00000F00F00A8420ED94448006820F00F00A3
:107B00002843424908600846006800F00F00A84278
:107B100001D00120FCE6207800F0040004280ED1FA
:107B20003B492069096801F07001884207D2384852
:107B3000006820F07000216908433549086020780A
:107B400000F00800082811D13149091D6069096851
:107B500001F07001884209D22D48001D006820F014
:107B60007000616908432A49091D0860207800F007
:107B70001000102811D12649091DA069096801F4D7
:107B8000E061884209D22248001D006820F4E060CC
:107B9000A16908431E49091D0860207800F02000F3
:107BA000202811D11A490831E069096801F07001F3
:107BB000884209D216480830006820F07000E16958
:107BC000084313490831086000F0ACF8104909680F
:107BD000C1F303210F4A515C01F01F0120FA01F7A4
:107BE0000B48006800F00F001146085C00F01F0011
:107BF00027FA00F00849086008480760084800684C
:107C0000FDF786FD8046404682E6000000200052D7
:107C10001844025850CE01082800002024000020FB
:107C20001C0000203F220260174A126802F007027F
:107C30004260154A0832126802F470628260124A89
:107C40000832126802F00F02C2600F4A083212684E
:107C500002F0700202610C4A0C32126802F07002EB
:107C60004261094A0C32126802F4E0628261064AFB
:107C70001032126802F07002C261044A126802F007
:107C80000F020A60704700001044025800200052A2
:107C900010B500F047F80D490968C1F303210C4AFB
:107CA000515C01F01F0120FA01F40848006800F05F
:107CB0000F001146085C00F01F0024FA00F005498F
:107CC0000860054804600846006810BD1844025862
:107CD00050CE0108280000202400002000B5FFF746
:107CE000D7FF05490968C1F30211044A515C01F04C
:107CF0001F01C84000BD00001C44025850CE0108BE
:107D000000B5FFF7C5FF05490968C1F30221044A20
:107D1000515C01F01F01C84000BD00001C44025826
:107D200050CE0108F0B5824E366806F0380636B1FE
:107D3000082E15D0102E15D0182E7DD114E07C4EB3
:107D4000103E3668C6F3401646B1794E103E36688E
:107D5000C6F3C107774E26FA07F000E07548E5E064
:107D60007548E3E07548E1E0714E1836366806F074
:107D700003046F4E18363668C6F305116C4E1C3678
:107D8000366806F001056A4E24363668C6F3CC061E
:107D900016FB05F601EE106AB8EE410A002971D013
:107DA00024B1012C50D0022C6DD16DE0604E103EFC
:107DB0003668C6F340163EB35D4E103E3668C6F3D5
:107DC000C1075C4E26FA07F301EE103AF8EE411AAD
:107DD00001EE101AB8EE411A81EE812A9FED581A71
:107DE000C0EE011A524E20363668C6F3080601EE80
:107DF000106AB8EE411A31EE811AF7EE001A31EE30
:107E0000211A62EE010A1EE001EE101AB8EE411AC4
:107E1000DFED4C1A81EE812A9FED491AC0EE011A5E
:107E2000434E20363668C6F3080601EE106AB8EEF7
:107E3000411A31EE811A00E076E0F7EE001A31EED9
:107E4000211A62EE010A5BE001EE101AB8EE411A47
:107E50009FED3D2AC2EE011A9FED391A80EE012AEC
:107E6000334E20363668C6F3080601EE106AB8EEC7
:107E7000411A32EE011AB7EE002A31EE021A61EE13
:107E8000810A3DE04EE01DE001EE101AB8EE411A05
:107E9000DFED2E1A81EE812A9FED291AC0EE011A1C
:107EA000234E20363668C6F3080601EE106AB8EE97
:107EB000411A31EE811AF7EE001A31EE211A62EE04
:107EC000010A1DE001EE101AB8EE411A9FED1E2ABC
:107ED000C2EE011A9FED1A1A80EE012A144E2036C6
:107EE0003668C6F3080601EE106AB8EE411A32EEA3
:107EF000011AB7EE002A31EE021A61EE810A00BFC4
:107F000000BF0B4E20363668C6F34626721C01EEC3
:107F1000102AB8EE411AC0EE811ABCEEE11A11EE39
:107F2000100A00E0002001E0034800BF00BFF0BDE0
:107F3000104402580090D00300093D0000366E0145
:107F4000000000460024744C0024744A001BB74B08
:107F500070B586B006460C4615463EBB00BF2848A5
:107F6000006840F00100264908600846006800F0FB
:107F70000100009000BF00BF4FF48070019002200C
:107F800002900320049000200390059001A91D4851
:107F9000FDF77EFA1A48D038006820F0FE7044EAF7
:107FA000050108431649D039086026E000BF14488F
:107FB000006840F00400124908600846006800F0BC
:107FC0000400009000BF00BF4FF400700190022039
:107FD00002900320049000200390059001A90A4814
:107FE000FDF756FA0648D038006820F07E4044EA93
:107FF000C51108430249D039086006B070BD0000C1
:10800000E044025800000258000802582DE9F047E9
:10801000044614B90120BDE8F087207800F0010083
:10802000002870D0F948006800F03808F748183088
:10803000D0F80090B8F1100F06D0B8F1180F0FD19A
:1080400009F0030002280BD1F04810380068C0F393
:10805000404000286AD06068002867D10120DAE734
:1080600000BF6068B0F5803F08D1E848103800686C
:1080700040F48030E549103908602EE0606868B946
:10808000E2481038006820F48030E0491039086078
:108090000846006820F4802008601EE06068B0F5A3
:1080A000A02F0DD1D9481038006840F48020D7495E
:1080B000103908600846006840F4803008600CE021
:1080C000D2481038006820F48030D0491039086058
:1080D0000846006820F48020086000BF606898B1FE
:1080E000FDF7D4FA054606E0FDF7D0FA401B6428F8
:1080F00001D903208FE7C54810380068C0F340401D
:108100000028F1D012E012E0FDF7C0FA054606E0C3
:10811000FDF7BCFA401B642801D903207BE7BB486C
:1081200010380068C0F340400028F1D100BF20782B
:1081300000F00200022879D1B448006800F0380845
:10814000B2481830D0F80090B8F1000F05D0B8F15F
:10815000180F35D109F0030088BBAC48103800680F
:10816000C0F3800018B1E06808B9012053E7A748C0
:108170001038006820F01900E1680843A34910395D
:108180000860FDF783FA054606E0FDF77FFA401B1D
:10819000022801D903203EE79C4810380068C0F34C
:1081A00080000028F1D099480C38006820F0FE408B
:1081B000217C40EA016095490C39086045E0FFE701
:1081C000E06838B391481038006820F01900E16881
:1081D00008438E4910390860FDF758FA054606E055
:1081E000FDF754FA401B022801D9032013E7874802
:1081F00010380068C0F380000028F1D083480C38A4
:10820000006820F0FE40217C40EA01607F490C3983
:1082100008601AE07D481038006820F001007B49B2
:1082200010390860FDF732FA054607E00EE0FDF769
:108230002DFA401B022801D90320ECE673481038C0
:108240000068C0F380000028F1D100BF207800F062
:10825000100010286FD16D48006800F038086B4896
:108260001830D0F80090B8F1080F06D0B8F1180F08
:108270001CD109F00300012818D1644810380068A7
:10828000C0F3002020B1E069802801D00120C2E6BF
:1082900000BF5E48001F006820F07C5094F820105A
:1082A00040EA01605949091F086043E0E06938B3BA
:1082B00056481038006840F0800054491039086072
:1082C000FDF7E4F9054606E0FDF7E0F9401B02285A
:1082D00001D903209FE64D4810380068C0F3002004
:1082E0000028F1D000BF4948001F006820F07C50F2
:1082F00094F8201040EA01604449091F086019E021
:1083000042481038006820F0800040491039086069
:10831000FDF7BCF9054606E0FDF7B8F9401B022859
:1083200001D9032077E6394810380068C0F30020EF
:108330000028F1D100BF207800F00800082836D1CD
:108340006069D0B131486430006840F001002F49C5
:1083500064310860FDF79AF9054606E0FDF796F9E5
:10836000401B022801D9032055E6284864300068E4
:10837000C0F340000028F1D019E0244864300068C0
:1083800020F00100214964310860FDF77FF90546BE
:1083900006E0FDF77BF9401B022801D903203AE6ED
:1083A0001A4864300068C0F340000028F1D12078FA
:1083B00000F02000202838D1A069D0B1134810382F
:1083C000006840F48050114910390860FDF75EF9EB
:1083D000054606E0FDF75AF9401B022801D90320A3
:1083E00019E60A4810380068C0F340300028F1D080
:1083F0001BE006481038006820F48050034910390B
:108400000860FDF743F9054609E0000010440258F2
:10841000FDF73CF9401B022801D90320FBE5D048B9
:108420000068C0F340300028F2D1207800F004004A
:1084300004287DD1CB48006840F48070C9490860A9
:10844000FDF724F9054606E0FDF720F9401B6428F6
:1084500001D90320DFE5C348006800F480700028DC
:10846000F2D000BFA068012808D1BD487030006874
:1084700040F00100BA49703108602DE0A06868B989
:10848000B7487030006820F00100B54970310860CD
:108490000846006820F0040008601DE0A068052878
:1084A0000DD1AF487030006840F00400AC49703125
:1084B00008600846006840F0010008600CE0A84829
:1084C0007030006820F00100A5497031086008464E
:1084D000006820F00400086000BFA068A0B1FDF7AC
:1084E000D5F8054608E0FDF7D1F8401B41F2883188
:1084F000884201D903208EE5994870300068C0F3A6
:1085000040000028EFD013E0FDF7C0F8054608E072
:10851000FDF7BCF8401B41F28831884201D90320A5
:1085200079E58F4870300068C0F340000028EFD133
:10853000606A00287DD08A481030006800F038005A
:10854000182877D0606A022875D18548006820F025
:10855000807083490860FDF799F8054606E0FDF74D
:1085600095F8401B022801D9032054E57C48006897
:10857000C0F340600028F2D100BFD4E90A1041EAFC
:10858000001077492831096840F2F33291430843DB
:10859000734928310860208E401EC0F30800616BCB
:1085A000491E4FF47E4202EA41210843218F491EB1
:1085B000D20102EA014108433C21095D491E120231
:1085C00002EA0161084366493031086000BF081FB4
:1085D000006820F00100091F08606148343000681D
:1085E0004FF6F8718843A16C40EAC1005C49343110
:1085F00008605B482C30006820F00C00216C0843B8
:1086000057492C3108600846006820F00200616C70
:10861000084353492C3108600846006840F4803014
:1086200008600846006840F40030086008460068AA
:1086300002E092E038E01FE040F480200860084645
:10864000006840F0010008604548006840F0807014
:1086500043490860FDF71AF8054606E0FDF716F8ED
:10866000401B022801D90320D5E43D480068C0F32F
:1086700040600028F2D070E03948006820F0807037
:1086800037490860FDF702F8054606E0FCF7FEFFF3
:10869000401B022801D90320BDE431480068C0F323
:1086A00040600028F2D158E02D48283007682C4857
:1086B00030300668606A012821D007F00301A06A03
:1086C00081421CD1C7F30511E06A884217D1C6F375
:1086D0000801206B401E814211D1606B401EC6F321
:1086E000462188420BD1A06B401EC6F3064188424A
:1086F00005D1E06B401EC6F30661884201D001201F
:1087000089E4174834300068C0F3CC07A06CB84245
:1087100023D013482C30006820F0010010492C3180
:108720000860FCF7B3FF054600BFFCF7AFFF401B36
:10873000FBD00B48343000684FF6F8718843A16CC9
:1087400040EAC10006493431086005482C30006811
:1087500040F0010002492C31086000205BE4000079
:10876000004402580048025870B504460CB9012074
:1087700070BD606A00B900BF0021A1626349206832
:1087800088420CD062492068884208D0614920683C
:10879000884204D0E0680F2801D90120E8E720468C
:1087A00007F011FF054659492068884209D0584909
:1087B0002068884205D057492068884201D0082D9A
:1087C0000DD852492068884207D051492068884214
:1087D00003D050492068884203D1102D01D90120CF
:1087E000C6E794F8810028B9002084F8800020466C
:1087F00000F092F8022084F881002068006820F0E0
:108800000100216808602068806800F4F816A069FB
:10881000B0F1806F11D16068B0F5800F01D1A06B0D
:1088200028B1606848B9A06BB0F1805F05D12068BD
:10883000006840F4805021680860606800F480009F
:10884000B0F5800F0BD1E068072808D320680068D6
:1088500020F48070216D08432168086005E02068DD
:10886000006820F4807021680860A16AE06908430C
:108870003043E16B0843E168084321688860616A1E
:10888000606B0843A16B0843A16908432169084351
:1088900061690843216A084361680843E16C084341
:1088A000A1680843A16C0843A16D08432168C86012
:1088B000606878B92068806820F4C05040F4006097
:1088C000216888602068806820F4C06040F480607F
:1088D000216888602068006D20F00100216808652B
:1088E000606800F48000B0F5800F07D12068C06890
:1088F00020F00040616D08432168C8600020C4F882
:108900008400012084F88100002031E7003001401C
:1089100000380040003C004010B5B6B004461421B9
:1089200030A8F7F7A9FDB82102A8F7F7A5FD8649F9
:108930002068884252D181140020CDE9021019909C
:1089400002A8FEF77BF908B1F9F726FE00BF7F48C1
:10895000006840F480507D4908600846006800F4D3
:108960008050019000BF00BF00BF784810380068F9
:1089700040F008007549103908600846006800F0AA
:108980000800019000BF00BF00BF0846006840F02B
:10899000020008600846006800F00200019000BF75
:1089A00000BF8020309002203190002032900320C0
:1089B00033900520349030A96548FCF769FD082004
:1089C0003090022031900020329003203390052017
:1089D000349030A95F48FCF75BFDB3E05E49206846
:1089E000884255D181140020CDE90210199002A8C7
:1089F000FEF724F908B1F9F7CFFD00BF5348083856
:108A0000006840F480405149083908600846006811
:108A100000F48040019000BF00BF00BF4B481038F9
:108A2000006840F0040049491039086008460068B1
:108A300000F00400019000BF00BF00BF08460068BE
:108A400040F0020008600846006800F00200019053
:108A500000BF00BF062030900220319000203290ED
:108A6000032033900520349030A93C48FCF710FDDA
:108A70004FF40050309002203190002032900320BB
:108A800033900520349030A93248FCF701FD59E0BD
:108A900033492068884255D14FF480410020CDE908
:108AA00002104FF0A0402D9002A8FEF7C7F808B1C1
:108AB000F9F772FD00BF2548001D006840F0200056
:108AC0002249091D08600846006800F02000019056
:108AD00000BF00BF00BF1D481038006840F0010013
:108AE0001A49103908600846006800F0010001903A
:108AF00000BF00BF00BF0846006840F004000860E7
:108B00000846006800F00400019000BF00BF80200C
:108B10003090022031900020329033900820349021
:108B200030A91048FCF7B4FC4FF48050309002207C
:108B300031900020329033900520349030A90748BE
:108B4000FCF7A6FC36B010BD00300140F0440258DE
:108B5000000C025800040258003800400008025877
:108B600000140058000002582DE9F84304468846D6
:108B700016461D46206800F12009FCF787FD0746D0
:108B800094F88100012802D00220BDE8F883B8F1F2
:108B9000000F00D00EB90120F7E700BF94F8800065
:108BA000012801D10220F0E7012084F8800000BFF5
:108BB00003205C3484F825000020A062C4F8008003
:108BC000A680E680A060A081E081A06160615C3C3D
:108BD000A068B0F5C02F06D12068006840F400609E
:108BE0002168086007E02068C06820F4C02040F4D5
:108BF00000302168C860206840686FF30F00304380
:108C0000216848602068006840F001002168086021
:108C10006068B0F5800F05D12068006840F40070EE
:108C200021680860E0680F2833D92DE0206840698A
:108C300000F0020002280CD1E06D00682168086293
:108C4000E06D001DE065B4F86200401EA4F862000B
:108C50001AE0FCF71BFDC01BA84201D3681C00B939
:108C600095B9204607F044FCD4F8840040F48070A5
:108C7000C4F88400012084F8810000BF002084F83B
:108C8000800000BF032080E7B4F862000028CDD147
:108C9000A4E0E068072846D940E02068406900F079
:108CA000020002281FD1B4F8620001280ED9E06B3F
:108CB00060B1E06D006821680862E06D001DE0654C
:108CC000B4F86200801EA4F8620027E0E06D00881E
:108CD000A9F80000E06D801CE065B4F86200401E59
:108CE000A4F862001AE0FCF7D1FCC01BA84201D333
:108CF000681C00B995B9204607F0FAFBD4F8840047
:108D000040F48070C4F88400012084F8810000BF22
:108D1000002084F8800000BF032036E7B4F862002A
:108D20000028BAD15AE055E02068406900F00200FE
:108D3000022834D1B4F8620003280FD9E06B402830
:108D40000CD9E06D006821680862E06D001DE065E7
:108D5000B4F86200001FA4F862003BE0B4F86200BF
:108D600001280ED9E06B60B1E06D0088A9F8000021
:108D7000E06D801CE065B4F86200801EA4F862001B
:108D800028E0E06D0078216881F82000E06D401C4B
:108D9000E065B4F86200401EA4F862001AE0FCF737
:108DA00075FCC01BA84201D3681C00B995B92046C8
:108DB00007F09EFBD4F8840040F48070C4F884006F
:108DC000012084F8810000BF002084F8800000BFEB
:108DD0000320DAE6B4F862000028A5D12B46002271
:108DE00008212046009707F0FBFB28B1D4F8840047
:108DF00040F02000C4F88400204607F079FB0120F1
:108E000084F8810000BF002084F8800000BFD4F8FF
:108E1000840008B10120B8E60020B6E6034A1268D3
:108E200082430A43014B1A60704700000404005853
:108E3000704770477047000010B50346002200BF1E
:108E400093F83C00012801D1022010BD012083F8D5
:108E50003C0000BF22F0FF00CC6840EA040222F48C
:108E600040708C6840EA040222F480604C6840EA5A
:108E7000040222F400600C6840EA040222F48050EC
:108E80000C6940EA040222F400504C6940EA0402F2
:108E900022F480400C6B40EA040222F470200C8B18
:108EA00040EA044222F08050CC6940EA0402124CAD
:108EB0001868A04203D0114C1868A04213D122F4C4
:108EC00070000C8D40EA045222F080700C6A40EA77
:108ED000040222F000704C6A40EA040222F00050C2
:108EE000CC6A40EA04021868426400BF002083F89C
:108EF0003C0000BF00BFA8E70000014000040140A3
:108F000030B502460B4600BF92F83C00012801D163
:108F1000022030BD012082F83C0000BF022082F810
:108F20003D001068416810688468254D1068A842AB
:108F300003D0244D1068A84203D121F47001586871
:108F4000014321F0700118680143106841601C4D15
:108F50001068A84223D01068B0F1804F1FD01A4D7E
:108F60001068A8421BD0194D1068A84217D0184DA0
:108F70001068A84213D0134D1068A8420FD0154DA9
:108F80001068A8420BD0144D1068A84207D0134DAA
:108F90001068A84203D0124D1068A84205D124F0F1
:108FA00080049868044310688460012082F83D00C2
:108FB00000BF002082F83C0000BF00BFA9E700000E
:108FC000000001400004014000040040000800408F
:108FD000000C0040001800400040014000E000404C
:108FE00000E4004010B504460CB9012010BD94F80F
:108FF0003D0028B9002084F83C00204600F02AF803
:10900000022084F83D00211D206807F021FC01208A
:1090100084F8480000BF84F83E0001213F2001553C
:109020004020015541200155422001554320015562
:1090300000BF00BF012084F84400452001554620B0
:1090400001554720015500BF012084F83D00002054
:10905000CCE7000038B504460D492068884215D198
:1090600000BF0C48006840F010000A49086008463C
:10907000006800F01000009000BF00BF0022052132
:109080003620FCF71FFC3620FCF708FC38BD00003A
:1090900000100040E8440258014691F83D000128C4
:1090A00001D001207047022081F83D000868C068A7
:1090B00040F001000B68D860204B0868984223D02C
:1090C0000868B0F1804F1FD01D4B086898421BD034
:1090D0001C4B0868984217D01B4B0868984213D065
:1090E0001A4B086898420FD0194B086898420BD069
:1090F000184B0868984207D0174B0868984203D06D
:10910000164B0868984210D108688068144B00EA32
:109110000302062A0FD0B2F5803F0CD00868006821
:1091200040F001000B68186005E00868006840F036
:1091300001000B6818600020B4E700000000014047
:109140000004004000080040000C00400004014002
:10915000001800400040014000E0004000E40040F2
:1091600007000100704770B504462068C668206893
:10917000056905F00200022819D106F00200022854
:1091800015D1401F2168086101202077206880697F
:1091900000F0030018B12046FFF7E4FF05E0204689
:1091A00000F046F9204600F08BFA0020207705F009
:1091B0000400042819D106F00400042815D1C04386
:1091C00021680861022020772068806900F44070DF
:1091D00018B12046FFF7C6FF05E0204600F028F949
:1091E000204600F06DFA0020207705F008000828DE
:1091F00019D106F00800082815D1C043216808617C
:10920000042020772068C06900F0030018B12046D0
:10921000FFF7A8FF05E0204600F00AF9204600F01D
:109220004FFA0020207705F01000102819D106F021
:109230001000102815D1C04321680861082020774C
:109240002068C06900F4407018B12046FFF78AFF1B
:1092500005E0204600F0ECF8204600F031FA00204E
:10926000207705F0010048B106F0010030B16FF041
:10927000010021680861204600F024FA05F0800012
:10928000802804D005F40050B0F5005F0AD106F044
:109290008000802806D16FF40250216808612046C2
:1092A000FFF7C7FD05F48070B0F5807F0AD106F0A6
:1092B0008000802806D16FF4807021680861204604
:1092C000FFF7B6FD05F04000402809D106F0400048
:1092D000402805D1C04321680861204600F00EFAFD
:1092E00005F02000202809D106F02000202805D113
:1092F000C043216808612046FFF79CFD70BD000057
:1093000010B586B00446142101A8F7F7B5F8414915
:10931000206888421CD100BF3F48006840F0100020
:109320003D4908600846006800F01000009000BF4A
:1093300000BF4FF4085001900220029000200390DB
:1093400004900120059001A93448FCF7A1F85EE0E3
:109350002068B0F1804F1BD100BF2F48006840F05B
:1093600001002D4908600846006800F001000090E7
:1093700000BF00BF05200190022002900020039052
:1093800004900120059001A92548FCF781F83EE0F2
:109390002449206888421AD100BF1F48006840F065
:1093A00002001D4908600846006800F002000090B5
:1093B00000BF00BF022001900290002003900490A3
:1093C0000220059001A91848FCF762F81FE0174930
:1093D000206888421BD100BF0F48006840F002009F
:1093E0000D4908600846006800F00200009000BFC8
:1093F00000BF4FF400400190022002900020039033
:1094000004900220059001A90748FCF741F806B036
:1094100010BD000000000140E04402580010025856
:1094200000000258000400400004025800180040E8
:1094300070472DE9F04104460D461646002700BF4F
:1094400094F83C00012802D10220BDE8F0810120FF
:1094500084F83C0000BF0C2E51D005DC4EB1042E28
:109460001ED0082E7AD133E0102E60D0142EF9D100
:1094700075E02946206807F05FFA2068806940F0AF
:109480000800216888612068806920F00400216854
:10949000886120688069296908432168886178E0CB
:1094A0002946206807F09EFA2068806940F4006031
:1094B000216888612068806920F480602168886163
:1094C00020688069296940EA01202168886160E09C
:1094D0002946206807F0E0FA2068C06940F00800DB
:1094E0002168C8612068C06920F004002168C86153
:1094F0002068C069296908432168C86149E0294694
:10950000206807F023FB2068C06940F400602168F0
:10951000C8612068C06920F480602168C861206843
:10952000C069296940EA01202168C86131E0294603
:10953000206807F045FB2068406D40F00800216876
:1095400048652068406D20F0040021684865206867
:10955000406D29690843216848651AE017E02946EB
:10956000206807F065FB2068406D40F400602168CA
:1095700048652068406D20F4806021684865206857
:10958000406D296940EA01202168486501E0012712
:1095900000BF00BF00BF002084F83C0000BF384679
:1095A00053E710B504460CB9012010BD94F83D00F6
:1095B00028B9002084F83C00204600F029F8022059
:1095C00084F83D00211D206807F042F9012084F84D
:1095D000480000BF84F83E0001213F200155402093
:1095E000015541200155422001554320015500BF3E
:1095F00000BF012084F84400452001554620015554
:109600004720015500BF012084F83D000020CCE731
:1096100008B5274A016891420DD100BF2549096864
:1096200041F00101234A11601146096801F001016E
:10963000009100BF3BE00168B1F1804F0FD100BF46
:109640001C490839096841F001011A4A083A1160B9
:109650001146096801F00101009100BF27E0164A98
:10966000016891420FD100BF12490839096841F0E1
:109670000201104A083A11601146096801F002011E
:10968000009100BF13E00D4A016891420FD100BF65
:1096900008490839096841F04001064A083A116052
:1096A0001146096801F04001009100BF00BF08BDEC
:1096B00000000140F044025800040040001800403F
:1096C0007047000010B5044609492068884207D158
:1096D00003F0E2FC074800680FF01EFF03F0DCFE19
:1096E00005492068884201D1FBF7D6FF10BD000074
:1096F000001000400801002000E0004070470146D3
:1097000000BF91F88400012801D102207047012098
:1097100081F8840000BF2420C1F88800086802682E
:109720000868006820F001000B68186022F0005201
:1097300000204866086802602020C1F8880000BF49
:10974000002081F8840000BF00BFDFE7704770474A
:1097500070B504460D4600BF94F88400012801D17D
:10976000022070BD012084F8840000BF2420C4F8CA
:109770008800206806682068006820F001002168E1
:1097800008602068806820F0606028432168886055
:10979000204607F0A1FA206806602020C4F888005F
:1097A00000BF002084F8840000BF00BFD9E770B577
:1097B00004460D4600BF94F88400012801D1022020
:1097C00070BD012084F8840000BF2420C4F8880004
:1097D000206806682068006820F0010021680860A1
:1097E0002068806820F06040284321688860204617
:1097F00007F072FA206806602020C4F8880000BFD5
:10980000002084F8840000BF00BFD9E7704770478C
:10981000704700002DE9F04704462068C5692068BC
:1098200006682068876840F60F0005EA0009B9F16C
:10983000000F0FD105F0200060B106F0200010B934
:1098400007F0805030B1606F10B12046616F8847DB
:10985000BDE8F087B9F1000F7ED0F848384018B95C
:10986000F74830400028F7D005F0010058B106F461
:10987000807040B1012021680862D4F8900040F067
:109880000100C4F8900005F0020058B107F0010093
:1098900040B1022021680862D4F8900040F0040032
:1098A000C4F8900005F0040058B107F0010040B181
:1098B000042021680862D4F8900040F00200C4F847
:1098C000900005F0080070B106F0200010B9DB48E8
:1098D000384040B1082021680862D4F8900040F078
:1098E0000800C4F8900005F4006060B106F08060E4
:1098F00048B14FF4006021680862D4F8900040F04D
:109900002000C4F89000D4F89000002852D005F050
:10991000200050B106F0200010B907F0805020B1AF
:10992000606F10B12046616F8847D4F890A020681E
:10993000806800F04000402802D00AF0280070B390
:10994000204607F0BBFB2068806800F040004028FC
:1099500026D100BF00BF00E02DE02168083151E8AA
:10996000001F21F040002168083141E80002002A70
:10997000F1D100BFD4F8800068B1B248D4F88010AB
:109980000865D4F88000F9F741FA98B1D4F880005E
:10999000016D88470EE02046FFF73AFF0AE003E03A
:1099A0002046FFF735FF05E02046FFF731FF002096
:1099B000C4F890004CE7E06E01287DD105F010005E
:1099C000002879D006F010000028FAD01020216875
:1099D00008622068806800F0400040286DD1D4F80B
:1099E00080000068984988426BD0D4F880000068F5
:1099F00095491831884264D0D4F8800000689249B3
:109A0000303188425DD0D4F8800000688E494831FA
:109A1000884256D0D4F8800000688B496031884273
:109A20004FD0D4F88000006887497831884248D008
:109A3000D4F88000006884499031884241D0D4F83D
:109A4000800000688049A83188423AD0D4F880006C
:109A500000687E49884234D0D4F8800000687B4991
:109A6000183188422DD0D4F8800000687749303111
:109A7000884226D0D4F88000006874494831884272
:109A80001FD0D4F88000006870496031884218D037
:109A9000D4F8800000686D497831884211D0D4F83C
:109AA000800000686949903188420AD0D4F880006B
:109AB00000686649A83102E0CAE07BE001E0884224
:109AC00004D1D4F880000068406803E0D4F8800036
:109AD000006840681FFA80F8B8F1000F58D0B4F859
:109AE0005C00404554DDA4F85E80D4F88000C06975
:109AF000B0F5807F40D000BF00BF216851E8001F53
:109B000021F48070226842E800010029F5D100BFED
:109B100000BF00BF2168083151E8001F21F001009B
:109B20002168083141E80002002AF3D100BF00BFDC
:109B300000BF2168083151E8001F21F04000216872
:109B4000083141E80002002AF3D100BF2020C4F808
:109B50008C000020E06600BF00BF216851E8001FB4
:109B600021F01000226842E800010029F5D100BF71
:109B7000D4F88000F8F7DCFE02202067B4F85C001F
:109B8000B4F85E20801A81B22046FFF7DFFD10E0B6
:109B9000B4F85C0040450CD1D4F88000C069B0F541
:109BA000807F06D102202067B4F85C102046FFF7C2
:109BB000CDFD4DE634F85C0F6188401A1FFA80F83D
:109BC00060885C3CC8B3B8F1000F36D000BF00BF5E
:109BD000216851E8001F21F49070226842E80001DA
:109BE0000029F5D100BF00BF00BF2168083151E84E
:109BF000001F124AD24301EA02002168083141E8FD
:109C00000002002AF1D100BF2020C4F88C000020FF
:109C1000E066606700BF00BF216851E8001F21F0C7
:109C20001000226842E800010029F5D100BF02209F
:109C3000206741462046FFF789FD09E60100001034
:109C400020010004130F010810000240100402401C
:109C500005F4801050B107F4800038B14FF4801043
:109C6000216808622046FFF7D2FDF1E505F080008B
:109C700058B106F0800010B907F4000028B1A06FB9
:109C800010B12046A16F8847E2E505F0400030B1F1
:109C900006F0400018B1204607F046FAD8E505F472
:109CA000000030B106F0804018B12046FFF7AEFD4D
:109CB000CEE505F0807030B106F0004018B12046C6
:109CC000FFF745FDC4E500BFC2E510B504460CB979
:109CD000012010BDA06900B100E000BFD4F88800E9
:109CE00028B9002084F88400204600F02BF82420B6
:109CF000C4F888002068006820F00100216808602E
:109D0000A06A10B1204607F013F8204607F03AFC8D
:109D1000012800D1DDE72068406820F490402168E8
:109D200048602068806820F02A00216888602068E8
:109D3000006840F0010021680860204607F074F8D0
:109D4000C7E7000010B5B6B00446142130A8F6F7F6
:109D500093FBB82102A8F6F78FFBFB4920688842E5
:109D60007ED102210020CDE902101F9002A8FCF74D
:109D700065FF08B1F8F710FC00BFF448006840F038
:109D80008040F24908600846006800F08040019079
:109D900000BF00BF00BFED480838006840F0100069
:109DA000EA49083908600846006800F01000019090
:109DB00000BF00BF4FF4C0703090022031900020EF
:109DC000329033900720349030A9E148FBF760FBD4
:109DD000E048E1490860502048604021DE48816049
:109DE0000021C1604FF48061016100214161816106
:109DF0004FF48071C161002101624162F9F74EFFA9
:109E000008B1F8F7C9FB00BFD348E067846300BF1F
:109E1000D0481830D14908604F2048600021CF4811
:109E20008160C1604FF48061016100214161816105
:109E30004FF48071C161002101624162F9F72EFF88
:109E400008B1F8F7A9FB00BFC448C4F880008463D8
:109E500000BF002205215220FBF734FD522000E014
:109E600002E0FBF71BFD6DE1BD49206888427ED111
:109E700002210020CDE902101F9002A8FCF7DEFEAF
:109E800008B1F8F789FB00BFB048006840F0004017
:109E9000AE4908600846006800F00040019000BF2D
:109EA00000BF00BFA9480838006840F01000A7496B
:109EB000083908600846006800F01000019000BFF3
:109EC00000BF032030900220319000203290339068
:109ED0000820349030A99E48FBF7DAFA9D4860309C
:109EE000A04908605120486000219E488160C160FF
:109EF0004FF4806101610021416181614FF4807103
:109F0000C161002101624162F9F7C8FE08B1F8F7AA
:109F100043FB00BF9348C4F88000846300BF8D48B2
:109F20009030914908605220486040218E488160FD
:109F30000021C1604FF480610161002141618161B4
:109F4000C16101624162F9F7A9FE08B1F8F724FB8B
:109F500000BF8548E067846300BF002205215320CD
:109F6000FBF7B0FC5320FBF799FCEBE0FFE77F49E0
:109F70002068884262D101210020CDE902102090A2
:109F800002A8FCF75BFE08B1F8F706FB00BF6F48BC
:109F90000830006840F040006C490831086008460D
:109FA000006800F04000019000BF00BF00BF67489C
:109FB0000838006840F0080064490839086008461D
:109FC000006800F00800019000BF00BF4FF440405F
:109FD0003090022031900020329033900B2034904A
:109FE00030A96348FBF754FA5A4848306149086081
:109FF0007420486000215F488160C1604FF4806137
:10A0000001610021416181614FF48071C1610021D2
:10A0100001624162F9F742FE08B1F8F7BDFA00BFEC
:10A020005448C4F88000846300BF002205219B20AF
:10A03000FBF748FC9B20FBF731FC83E04E4920688E
:10A0400088427FD101210020CDE90210209002A892
:10A05000FCF7F4FD08B1F8F79FFA00BF3B48083061
:10A06000006840F01000394908310860084600686F
:10A0700000F01000019000BF00BF00BF3348083857
:10A08000006840F00100314908390860084600685E
:10A0900000F00100019000BF00BF4FF4C06030909D
:10A0A000022031900020329033900720349030A964
:10A0B0003248FBF7EDF92748303031490860292054
:10A0C000486000212E488160C1604FF480610161C9
:10A0D0000021416181614FF48071C1610021016201
:10A0E0004162F9F7DBFD08B1F8F756FA00BF2448E2
:10A0F000C4F88000846300BF1648783021490860A6
:10A100002A20486040211F4881600021C1604FF42F
:10A1100080610161002141618161C161016241622F
:10A12000F9F7BCFD08B1F8F737FA00BF1548E0674A
:10A13000846300BF002205212520FBF7C3FB2520F7
:10A14000FBF7ACFB36B010BD00780040E844025885
:10A150000010025828000240241E00209C1E0020EF
:10A16000007C0040141F00208C1F002000180140BC
:10A17000000C02580420002000100140000002588A
:10A180007C200020F420002070B504460D461646C1
:10A19000D4F88C00202821D105B10EB9012070BD62
:10A1A0000020E0660E492068884211D0206840688F
:10A1B00000F4000060B100BF00BF216851E8001F3B
:10A1C00041F08060226842E800010029F5D100BF1B
:10A1D00032462946204607F0E9FCE0E70220DEE7A8
:10A1E000000C00587047704770B504460E4615467F
:10A1F000D4F8880020283FD106B10DB9012070BDE8
:10A2000044F8506FA580E580002020642120A063E1
:10A21000E06A503CE0B11948E16FC8631848E16F4B
:10A2200008641848E16FC8640020E16F086523687E
:10A2300003F128022B46216DE06FF9F7B9FF38B121
:10A240001020C4F890002020C4F888000120D6E730
:10A2500040202168086200BF00BF2168083151E832
:10A26000001F41F080002168083141E80002002A07
:10A27000F3D100BF0020C2E70220C0E75910010857
:10A28000AD100108270F01087047704710B517E09F
:10A2900011F8014B80EA042000230FE000F4004491
:10A2A0002CB141F2210484EA4004A4B203E04FF649
:10A2B000FF7404EA400420465C1CE3B2082BEDD393
:10A2C000131EA2F10104A2B2E2D110BD08B5002014
:10A2D0008023034A03490090034807F03BF808BD78
:10A2E0009C1E0020D41B0020E008002410B50B4861
:10A2F00090F8380070B1FBF7C9F90849C96B401AEA
:10A30000642807D90020054981F838004021034816
:10A31000F6F7B2F8014890F8380010BD409F0020D1
:10A320002DE9F043A1B0802201A9354807F0FCF8DF
:10A3300081460024002534E001A8405D5A2804D15C
:10A3400001A9681C085CA52800D028E001A9A81C68
:10A35000095C01AAE81C105C41EA00264C2E00D0E2
:10A360001DE001A8411904220020FFF78FFF0746D6
:10A3700001AAA81D11184C223846FFF787FF07468F
:10A3800001A9281D095C01AA681D105C41EA00288A
:10A39000474500D003E001A9A81D0C1805E0681C82
:10A3A00085B205F152004845C6D900BF14B921B0A5
:10A3B000BDE8F083206B13490860606B4860A06BB8
:10A3C0008860A0698861E069C861206A0862E06805
:10A3D000C8602069086160694861E06B4862206C70
:10A3E0008862606CC862A06C0863A0684863012042
:10A3F00081F83800FBF74AF90249C86300BFD6E785
:10A40000E0080024409F002010B504464022024985
:10A410002046F6F70AF810BD409F002000BFFEE777
:10A420002DE9F04104464FF03C0CB4FBFCFC0CF071
:10A43000FF074FF03C0CB4FBFCF80CFB184CCCEBCA
:10A440000C2C4FF03C08BCFBF8FC0CF0FF0630462F
:10A45000C6F1FF05052F36D2DFE807F0030D1721FF
:10A460002B004FF0FF0C81F800C010704FF0000C73
:10A4700083F800C031E00D704FF0FF0C82F800C08F
:10A480004FF0000C83F800C027E04FF0000C81F87B
:10A4900000C04FF0FF0C82F800C018701DE04FF0B4
:10A4A000000C81F800C015704FF0FF0C83F800C05D
:10A4B00013E008704FF0000C82F800C04FF0FF0C62
:10A4C00083F800C009E04FF0FF0C81F800C04FF0A6
:10A4D000000C82F800C01D7000BF00BFBDE8F08115
:10A4E00030B50B46002100BF16E00A24B4EB107F04
:10A4F00005D9302404EB107403F8114005E0412421
:10A5000004EB10740A3C03F81140000100254C00D4
:10A51000641C1D554C1CE1B29142E6DB30BD80ED60
:10A52000000AC0ED010A80ED021AC0ED031A80EDA9
:10A53000042A7047F0EE401AB0EE602A90ED000A4F
:10A5400001EE810A80ED000A90ED010AD0ED022AA9
:10A5500030EE220A80ED010A90ED010AD0ED042AC6
:10A56000B4EEE20AF1EE10FA03DD90ED040A80ED9C
:10A57000010A90ED010AD0ED032A30EE220AD0ED57
:10A58000012AC2EE800A90ED000AD0ED002A72EE98
:10A59000622A00EEA20A80ED000AB7EE000A30EE51
:10A5A000600AD0ED012A20EE220A80ED010A90ED2A
:10A5B000000A704710B52DED0E8B044694ED000A8D
:10A5C000F0EE409A94ED010AF0EE408A94ED020A12
:10A5D000B0EE409A94ED030AB0EE408A29EE090AE3
:10A5E00008EE080AF7EE000AB0EE001A41EE400A43
:10A5F000F0EE60AA28EE890A09EEC80AF0EE000A19
:10A6000020EE200AF0EE40BA28EE880A09EE890A08
:10A61000F0EE000A20EE200AB0EE40CA28EE890AC9
:10A6200009EE880AF0EE000A20EE200AB0EE40AAF9
:10A6300028EEA80A08EE080AF7EE000AB0EE001AA3
:10A6400041EE400AF0EE60CA29EE080A09EEE80A77
:10A65000F0EE000A20EE200AB0EE40DA94ED0D0A8A
:10A6600020EE2A0AD4ED0E0A0BEEA00AD4ED0F0A52
:10A670000CEE200AF0EE40DA94ED0D0A20EE0A0A04
:10A68000D4ED0E0A0CEEA00AD4ED0F0A0DEE200A4E
:10A69000B0EE40EA6AEEAA0A4AEE0A0AB0EE600A92
:10A6A0000AF0D4FFB0EE40BA9FED0B0AB4EEC0BA88
:10A6B000F1EE10FA04D29FED090ABDEC0E8B10BD2D
:10A6C0002DEEAA0A0EEE0A0AC0EE0B0A9FED040A4E
:10A6D00020EE800AF1E700006F12833A00000000CC
:10A6E000C3F51C4170B52DED048BA8B00446D4ED24
:10A6F0004A0AB0EE600A9FED821ADFED820A0DF081
:10A7000014FAF0EE408AD4ED4B0AB0EE600A9FEDE9
:10A710007C1ADFED7C0A0DF008FAB0EE409AD4ED19
:10A720004C0A78EEE00AB0EE600A0DF037FCDFED7F
:10A73000760AB4EEE00AF1EE10FA0EDCD4ED4D0A22
:10A7400079EE600AB0EE600A0DF028FCDFED6E0ACB
:10A75000B4EEE00AF1EE10FA27DD6846F0EE490AA1
:10A76000B0EE680A00F064F9002618E0002512E057
:10A7700006EB8500694601EB800090ED000A06EBD0
:10A78000860104F1880000EBC10000EB850080ED3C
:10A79000000A681CC5B20A2DEADB701CC6B2042E82
:10A7A000E4DBC4ED4C8A84ED4D9A0026A1E09FEDD8
:10A7B000570AB0EE408A00255BE0022D24D15448B0
:10A7C0004079E0B104F1280000EB8500D0ED000AEB
:10A7D00004EB850090ED001A70EEC10AB0EE600A3D
:10A7E00001F036F806EB860104F1880000EBC100A9
:10A7F00000EB8500D0ED000A20EE200A01E09FED7D
:10A80000430AF0EE409A27E0032D02D140488079B8
:10A8100018B13DB93E48C07920B99FED3C0AF0EE31
:10A82000409A19E006EB860104F1880000EBC100B4
:10A8300000EB850090ED000A04F1280000EB850094
:10A84000D0ED000A04EB850090ED001A70EEC10A0D
:10A8500020EE200AF0EE409A2EB904F1600000EBE1
:10A860008500C0ED009A38EE290AB0EE408A681CD7
:10A87000C5B20A2DA1DB18EE100AC0F3C751FF299B
:10A8800001D0012100E0002119B99FED200AB0EEAE
:10A89000408A0EB1012E15D11D4890ED070AB0EE89
:10A8A000401A90ED070AB1EE400AF0EE400AB0EE11
:10A8B000480A0DF03AF904F1500000EB860080EDF3
:10A8C000000A14E0124890ED080AB0EE401A90ED2C
:10A8D000080AB1EE400AF0EE400AB0EE480A0DF068
:10A8E00024F904F1500000EB860080ED000A701C92
:10A8F000C6B2042EFFF65BAF28B0BDEC048B70BD72
:10A900001F856B3EB81E053E6F12033A0000000023
:10A91000809F002003469FED0E0A83ED550A9FEDB0
:10A920000C0A83ED560A93ED020A83ED590A9FED56
:10A93000090A83ED5A0A9FED070A83ED570A0120A1
:10A9400083F860019FED030A83ED000A7047000061
:10A95000295C0F3E0000000010B504464FF4CE7194
:10A960002046F5F789FDBFEE000A2A4880ED000A6F
:10A9700001202849087148718871C871B1EE040A34
:10A98000084680ED020AB7EE000A80ED030ABFEE2A
:10A99000000A80ED040A9FED200A80ED050A0120DF
:10A9A0000876487688761D48006890ED030A0846C8
:10A9B00080ED070A1948006890ED080A084680ED06
:10A9C000080ABFEE000A84ED4C0ABFEE000A84EDCF
:10A9D0004D0A9FED130A04F5B87001F063FD9FED79
:10A9E000100A04F5BC7001F05DFD9FED0D0A04F541
:10A9F000C07001F057FDB6EE002ADFED0A1A9FED98
:10AA00000A1ADFED0A0A9FED040A04F5C470FFF785
:10AA100086FD10BD809F002000000000BCD701080B
:10AA20009A99993E0AD7233C4260E53BCDCCCC3D78
:10AA300060EE002AB0EE621A60EEA02AF0EE621A12
:10AA400060EE202AB0EE622ADFEDFD2A9FEDFD3A8E
:10AA500043EE002A9FEDFC3A43EE602A9FEDFB3A5D
:10AA600043EE412A9FEDFA3A43EE422A9FEDF93A2E
:10AA700043EE212AC0ED002ADFEDF12A9FEDF23AE4
:10AA800043EE402A9FEDEF3A43EE202A9FEDF13A44
:10AA900043EE012A9FEDEE3A43EE422A9FEDEB3A58
:10AAA00043EE612AC0ED012ADFEDEB2A9FEDEB3A80
:10AAB00043EE402A9FEDEA3A43EE602A9FEDE93AE1
:10AAC00043EE012A9FEDE83A43EE022A9FEDE73A72
:10AAD00043EE212AC0ED022ADFEDDF2A9FEDE03AA6
:10AAE00043EE402A9FEDDD3A43EE602A9FEDDF3AC8
:10AAF00043EE012A9FEDDC3A43EE022A9FEDD93A5C
:10AB000043EE212AC0ED032ADFEDD92A9FEDD93A81
:10AB100043EE002A9FEDD83A43EE602A9FEDD73AE4
:10AB200043EE412A9FEDD63A43EE022A9FEDD53AF5
:10AB300043EE212AC0ED042ADFEDCD2A9FEDCE3A67
:10AB400043EE402A9FEDCB3A43EE202A9FEDCD3ACB
:10AB500043EE012A9FEDCA3A43EE022A9FEDC73A1F
:10AB600043EE612AC0ED052ADFEDC72A9FEDC73A03
:10AB700043EE402A9FEDC63A43EE602A9FEDC53A68
:10AB800043EE012A9FEDC43A43EE022A9FEDC33AF9
:10AB900043EE212AC0ED062ADFEDBB2A9FEDBC3A29
:10ABA00043EE402A9FEDB93A43EE602A9FEDBB3A4F
:10ABB00043EE012A9FEDB83A43EE022A9FEDB53AE3
:10ABC00043EE212AC0ED072ADFEDB52A9FEDB53A05
:10ABD00043EE402A9FEDB43A43EE202A9FEDB33A6C
:10ABE00043EE012A9FEDB23A43EE022A9FEDB13ABD
:10ABF00043EE612AC0ED082ADFEDAF2A9FEDAA3AA5
:10AC000043EE402A9FEDA73A43EE202A9FEDA93A52
:10AC100043EE012A9FEDA63A43EE422A9FEDA33A66
:10AC200043EE612AC0ED092ADFEDA42A9FEDA43A84
:10AC300043EE002A9FEDA33A43EE202A9FEDA23A6D
:10AC400043EE412A9FEDA13A43EE022A9FEDA03A3E
:10AC500043EE612AC0ED0A2ADFED9E2A9FED993A64
:10AC600043EE402A9FED963A43EE602A9FED983AD4
:10AC700043EE012A9FED953A43EE422A9FED923A28
:10AC800043EE212AC0ED0B2ADFED932A9FED933A84
:10AC900043EE402A9FED923A43EE202A9FED913AEF
:10ACA00043EE012A9FED903A43EE022A9FED8F3A40
:10ACB00043EE612AC0ED0C2ADFED8D2A9FED883A24
:10ACC00043EE402A9FED853A43EE202A9FED873AD6
:10ACD00043EE012A9FED843A43EE422A9FED813AEA
:10ACE00043EE612AC0ED0D2ADFED822A9FED823A04
:10ACF00043EE002A9FED813A43EE202A9FED803AF1
:10AD000043EE412A9FED7F3A43EE022A9FED7E3AC1
:10AD100043EE612AC0ED0E2ADFED7C2A9FED773AE3
:10AD200043EE402A9FED743A43EE602A9FED763A57
:10AD300043EE012A9FED733A43EE422A9FED703AAB
:10AD400043EE212AC0ED0F2ADFED712A9FED713A03
:10AD500043EE402A9FED703A43EE202A9FED6F3A72
:10AD600043EE012A9FED6E3A43EE022A9FED6D3AC3
:10AD700043EE612AC0ED102ADFED6B2A9FED6B3A9E
:10AD800043EE402A9FED6A3A43EE202A9FED693A4E
:10AD900043EE012A9FED683A43EE422A9FED673A5F
:10ADA00043EE612AC0ED112ADFED652A9FED653A79
:10ADB00043EE002A9FED643A43EE202A9FED633A6A
:10ADC00043EE012A9FED623A43EE022A9FED613A7B
:10ADD00043EE612AC0ED122ADFED5F2A9FED5F3A54
:10ADE00043EE402A9FED5E3A43EE602A9FED5D3AC6
:10ADF00043EE012A9FED5C3A43EE422A9FED5B3A17
:10AE000043EE212AC0ED132ADFED592A9FED593A6E
:10AE100043EE402A9FED583A43EE602A9FED573AA1
:10AE200043EE012A9FED563A43EE022A9FED553A32
:10AE300043EE612AC0ED142ADFED532AA6E000009C
:10AE40006A5D81BF69FBE03FE3A8514002421F40B9
:10AE50006334BD3D0C6CBF40941705408CBA8D40E7
:10AE6000810A3141CCA6DB40589A2B419FC51C4139
:10AE70002D1059BF93FC9F3F533D2B406F800340E3
:10AE80004E0E713DD6D88840C622CD3F29073240AC
:10AE90001AC20F419BACBE403CD10241230BD240B1
:10AEA00019089ABEA854BC3E98232D3FF5B1383FEF
:10AEB0003F659B3E1617C03F19089A3E44850E3EDB
:10AEC0004E4C873FC56F893F98B632401CF5CD3F49
:10AED000E7BE1F4044850EBEDC6293BE24FDCA3E21
:10AEE0005533343FA4BB413F8E499F3E2193C13F20
:10AEF000DC62933E8493F53D9809923F2F068D3F87
:10AF0000CC153840474CD93F56841D408493F5BD3D
:10AF100018D27CBF7320D940956C19405C4EC74055
:10AF20007FD51C411FDCB8404A5381BF561966418A
:10AF3000BF0A69405C769941FFA64B3F03B7C0400A
:10AF40003D0EBB40026C16405DB0C33F0F13B740CF
:10AF5000A3FC0342F08D1441E007953FDB9AE541E5
:10AF60001ED3EB405628EC41F33AD04143C78B4106
:10AF70003B908BBC7547863FE4B6193E11D9633EC2
:10AF800085BC933F7994A63DF18757BD9FEDE33A89
:10AF900043EE402A9FEDE23A43EE202A9FEDE13A4C
:10AFA00043EE012A9FEDE03A43EE022A9FEDDF3A9D
:10AFB00043EE612AC0ED152ADFEDDD2A9FEDDD3A73
:10AFC00043EE402A9FEDDC3A43EE602A9FEDDB3AE8
:10AFD00043EE012A9FEDDA3A43EE022A9FEDD93A79
:10AFE00043EE612AC0ED162ADFEDD72A9FEDD73A4E
:10AFF00043EE402A9FEDD63A43EE602A9FEDD53AC4
:10B0000043EE412A9FEDD43A43EE422A9FEDD33AD4
:10B0100043EE212AC0ED172A5FED3D2A1FED3C3A91
:10B0200043EE002A1FED3F3A43EE602A1FED3D3A02
:10B0300043EE412A1FED403A43EE422A1FED433AC8
:10B0400043EE212AC0ED182A5FED4F2A1FED4E3A3C
:10B0500043EE002A1FED513A43EE602A1FED4F3AAE
:10B0600043EE412A1FED523A43EE022A1FED553AB4
:10B0700043EE212AC0ED192A5FED492A1FED483A17
:10B0800043EE402A1FED4B3A43EE602A1FED493A4A
:10B0900043EE012A1FED4C3A43EE422A1FED4F3A90
:10B0A00043EE212AC0ED1A2A5FED5B2A1FED5A3AC2
:10B0B00043EE002A1FED5D3A43EE202A1FED5B3A76
:10B0C00043EE412A1FED5E3A43EE022A1FED613A3C
:10B0D00043EE212AC0ED1B2A5FED552A9FED903AE1
:10B0E00043EE002A9FED8D3A43EE602A9FED8F3AA2
:10B0F00043EE412A9FED8C3A43EE022A9FED893AB6
:10B1000043EE212AC0ED1C2A5FED672A1FED663A47
:10B1100043EE402A1FED693A43EE602A1FED673A7D
:10B1200043EE412A1FED6A3A43EE022A1FED6D3AC3
:10B1300043EE212AC0ED1D2ADFED832A9FED843ADC
:10B1400043EE402A9FED813A43EE602A9FED833A19
:10B1500043EE012A9FED803A43EE422A9FED7D3A6D
:10B1600043EE612AC0ED1E2ADFED712A9FED723A8F
:10B1700043EE402A9FED6F3A43EE602A9FED713A0D
:10B1800043EE412A9FED6E3A43EE022A9FED6B3A61
:10B1900043EE212AC0ED1F2ADFED712A9FED713A9F
:10B1A00043EE002A9FED703A43EE202A9FED6F3A5E
:10B1B00043EE412A9FED6E3A43EE422A9FED6D3AEF
:10B1C00043EE612AC0ED202ADFED652A9FED663A45
:10B1D00043EE002A9FED633A43EE202A9FED653A45
:10B1E00043EE412A9FED623A43EE422A9FED5F3AD9
:10B1F00043EE612AC0ED212ADFED5F2A9FED5F3A21
:10B2000043EE402A9FED5E3A43EE202A9FED5D3AE1
:10B2100043EE012A9FED5C3A43EE022A9FED5B3A32
:10B2200043EE612AC0ED222ADFED532A9FED543A06
:10B2300043EE002A9FED513A43EE602A9FED533AC8
:10B2400043EE412A9FED503A43EE022A9FED4D3ADC
:10B2500043EE212AC0ED232ADFED4D2A9FED4D3A22
:10B2600043EE002A9FED4C3A43EE202A9FED4B3AE5
:10B2700043EE412A9FED4A3A43EE422A9FED493A76
:10B2800043EE612AC0ED242ADFED412A9FED423AC8
:10B2900043EE002A9FED3F3A43EE202A9FED413ACC
:10B2A00043EE412A9FED3E3A43EE422A9FED3B3A60
:10B2B00043EE612AC0ED252ADFED3B2A9FED3B3AA4
:10B2C00043EE402A9FED3A3A43EE202A9FED393A69
:10B2D00043EE012A9FED383A43EE022A9FED373ABA
:10B2E00043EE612AC0ED262ADFED2F2A9FED303A8A
:10B2F00043EE002A9FED2D3A43EE602A9FED2F3A50
:10B3000043EE412A9FED2C3A43EE022A9FED293A63
:10B3100043EE212AC0ED272A704700009C26D23F29
:10B32000E9DD453E0A35193F62A60F3F8FE4043F31
:10B330004707233FCB40823F64D3003F547BAE405E
:10B34000CC922B401644943E3BD7263E03BB0D4087
:10B350005F1CBD3C4AE1623FD92D55409DF3903FB3
:10B36000025B0BC09558944097EEA24065AED0406A
:10B37000C2BE4F40C90CB84029A69CBFE529BA41BE
:10B380002768904079161D4248CE7240BA70B2408C
:10B39000BD06A3BEE6481E3F79BF713FB5F3793FB6
:10B3A000E7A1743ECC0CAE3F3D8094BE773883401D
:10B3B000B5B4913FC0B8F3406525B53DA24DD63F29
:10B3C00070B504460D461048006890ED140A84EDEF
:10B3D000000A0D48006890ED150A85ED000AD4EDCD
:10B3E000000AB0EE600ADFED090A0AF01DF884EDEC
:10B3F000000AD5ED000AB0EE600ADFED050A0AF09A
:10B4000037F885ED000A70BDBCD70108B81E053EAF
:10B410001F856B3E2DE9F0412DED048B84B0044671
:10B420000D4616461F46B0EE409ADDF838800020E3
:10B4300084F8400125B11EB117B1B8F1000F05D154
:10B44000002004B0BDEC048BBDE8F08195F840000D
:10B4500028B196F8790010B197F8790008B9002062
:10B46000EFE796ED090A84ED4A0A97ED090A84EDA3
:10B470004B0AD5ED078AD5ED0B0AB0EE600A04F54C
:10B48000BC7001F019F8B0EE408A95ED080A84ED21
:10B490005B0A96ED0A0AB1EE400A30EE280A84ED06
:10B4A000040A96ED0D0AB1EE400A30EE080A84ED6A
:10B4B000050A97ED0A0AB1EE400A30EE280A84ED3B
:10B4C000060A97ED0D0AB1EE400A30EE080A84ED47
:10B4D000070AC4ED088A84ED098A95ED090A84ED0E
:10B4E000020AD5ED0C0AB0EE600A04F5C07000F057
:10B4F000E3FF84ED030A98ED000A7048D0ED000ADE
:10B5000096ED0D1A00EE810AD0ED040A00EE880ACD
:10B510008DED020A98ED010AD0ED000A97ED0D1AA3
:10B5200000EE810AD0ED040A00EE880A8DED030AD0
:10B530009DED020A84ED4E0A9DED030A84ED4F0A4B
:10B54000D4ED040AB0EE600A09F0CCFDD6ED090A8C
:10B5500094ED051A60EE810A60EE209A9DED020AD4
:10B5600057480068D0ED040A40EE209AD4ED040A52
:10B57000B0EE600A09F0A0FFD6ED0C0A40EE809A0A
:10B58000CDED009AD4ED060AB0EE600A09F0AAFDEE
:10B59000D7ED090A94ED071A60EE810A60EE209A51
:10B5A0009DED030A46480068D0ED040A40EE209A5B
:10B5B000D4ED060AB0EE600A09F07EFFD7ED0C0A62
:10B5C00040EE809ACDED019A9DED000ADDED010A75
:10B5D00030EE200AF6EE000A20EE200A84ED510A31
:10B5E000D4ED510AB0EE600A04F5B87000F064FFC3
:10B5F00084ED520A2846FEF7DDFF3048D0ED030AFD
:10B6000020EE200A84ED540A94ED511AF0EE410A1E
:10B6100094ED541AB0EE410AB0EE491A04F5C47024
:10B62000FEF788FF84ED530A2448007910B194EDA9
:10B63000530A01E094ED520A84ED010A94ED0B0ADD
:10B64000B5EEC00AF1EE10FA07D09FED1E0A84EDA8
:10B65000570A002084F8600126E094F86001C0B920
:10B66000164890ED050AB5EEC00AF1EE10FA0DD9B4
:10B67000D4ED010AB0EE600A0CF090FC0F48D0ED5A
:10B68000050AB4EEE00AF1EE10FA02D2012084F8C5
:10B69000600194F8600138B194ED570AD4ED010AC5
:10B6A00000EE890A84ED570A94ED570A84ED000AEA
:10B6B000012084F8400100BFC3E60000809F002005
:10B6C000BCD701080000000070B52DED048B82B0DE
:10B6D00004460D46B0EE408A0DB1A87C20B900208A
:10B6E00002B0BDEC048B70BD694601A8FFF768FE8F
:10B6F0009FED510A84ED0A0A95ED000ADFED4F0A2D
:10B7000020EE200AB0EE409A4D4890ED020AB5EEC8
:10B71000C00AF1EE10FA27DD90ED020A20EE080AC9
:10B72000F0EE408A94ED5A0A30EE280AB0EE401A44
:10B7300094ED5A0A30EE680AF0EE400AB0EE490A7B
:10B740000CF0F3F984ED5A0AD4ED5A0AB0EE600A0F
:10B750000CF024FCB4EEE80AF1EE10FA03D29FEDEF
:10B76000390A84ED5A0A01E084ED5A9A94ED5A0A96
:10B7700084ED0B0A95ED010AB5EEC00AF1EE10FA60
:10B7800003D094ED020A84ED590A94ED590A84ED30
:10B790000C0A95ED010AB1EE400AF1EE040A20EE22
:10B7A000200A84ED0D0A9FED280A84ED0E0A9FED14
:10B7B000250A84ED0F0A9FED240A84ED100A9FEDFF
:10B7C000210A84ED110A9FED1F0A84ED120A9FEDF4
:10B7D0001D0A84ED130A002629E004F5AA7000EB87
:10B7E000860090ED000AD5ED020A9FED181A60EE72
:10B7F000810A00EE880A04F5AA7000EB860080ED4D
:10B80000000A04F5AA7000EB8600D0ED000AB0EE45
:10B81000600A9DED001ADDED010A0CF086F904F5D1
:10B82000AA7000EB860080ED000A701CC6B2022EE2
:10B83000D3D3012054E70000CDCCCC3D9A99993F59
:10B84000809F0020000000000AD7233D9A99993E6E
:10B8500005E0DFED0E0A70EE600AB0EE600ADFED83
:10B860000C0AB4EEE00AF1EE10FAF2DC05E0DFEDCE
:10B87000070A70EE200AB0EE600ADFED060AB4EEA9
:10B88000E00AF1EE10FAF2D370470000DB0FC94076
:10B89000DB0F4940DB0F49C02DE9F0412DED028B54
:10B8A0008AB005460C4616461F46B0EE408ADDF8C3
:10B8B00048802DB124B11EB117B1B8F1000F05D1E8
:10B8C00000200AB0BDEC028BBDE8F08196F879004B
:10B8D00010B197F8790008B90020F2E794ED551AF5
:10B8E000F0EE410A96ED091AB0EE410AB0EE481AA0
:10B8F00028460DF0D9FF94ED561AF0EE410A97ED67
:10B90000091AB0EE410AB0EE481A05F190000DF0A8
:10B91000CBFFD4ED5B0AB0EE600AB0EE481ADFED63
:10B92000300A05F590700DF0BFFF94ED160AB1EEE8
:10B93000400A8DED080A94ED170AB1EE400A8DED2C
:10B94000090A95ED1A0AD5ED620A30EE200AF2EEE8
:10B95000000A30EE200A8DED060A95ED3E0AD5ED7F
:10B96000620A30EE600AF2EE000A30EE200A8DED37
:10B97000070A1C48407E38B99FED190A8DED080A68
:10B980009FED170A8DED090A1648807E38B9B2EE90
:10B99000000A8DED060AB2EE000A8DED070A114885
:10B9A000007E10B194ED140A01E09FED0D0A8DEDBB
:10B9B000040A0C48007E10B194ED150A01E09FEDD9
:10B9C000080A8DED050A04A808A906AB3A46CDE998
:10B9D000010800913146284600F052F871E7000056
:10B9E00000000000809F002010B504464FF4EE7167
:10B9F0002046F4F741FD9FED1C3ADFED1B2A9FED39
:10BA00001B2ADFED191A9FED1A1ADFED170A9FEDB9
:10BA1000190A0021204601F011FD9FED133ADFEDD8
:10BA2000122A9FED122ADFED101A9FED111ADFED99
:10BA30000E0A9FED100A002104F1900001F0FEFCB7
:10BA40009FED093ADFED082A9FED0B2ADFED061A7C
:10BA50009FED0A1ADFED040A9FED060A002104F5A6
:10BA6000907001F0EBFC10BD0000000000401C468F
:10BA700000401C4500409C450000484200004843EF
:10BA80002DE9FC5F0446894692461E46DDE90C7BA3
:10BA90000E9D1C2104F5E070F4F7EEFC4FF0000859
:10BAA0001AE006EB880090ED000A10EE101A084626
:10BAB00009F0E4F848B107EB880090ED000A10EEB9
:10BAC000101A084609F0DAF810B90020BDE8FC9F0A
:10BAD00008F1010000F0FF08B8F1020FE1D396ED84
:10BAE000000A84ED6C0A96ED010A84ED6D0A97ED6B
:10BAF000000A84ED6E0A97ED010A84ED6F0A97ED56
:10BB0000001AF0EE410A96ED001AB0EE410A6946BD
:10BB1000484600F0DDF808B90020D7E74448D0EDEA
:10BB2000081AB0EE611AD0ED081AF1EE611AF0EEC3
:10BB3000610ADDED001AB0EE610A0BF0E1FF85ED60
:10BB4000000A3B48D0ED081AB0EE611AD0ED081A91
:10BB5000F1EE611AF0EE610ADDED011AB0EE610A54
:10BB60000BF0CEFF85ED010A97ED011AF0EE410AC8
:10BB700096ED011AB0EE410A6946504600F0A8F869
:10BB800008B90020A2E72A48D0ED081AB0EE611AE1
:10BB9000D0ED081AF1EE611AF0EE610ADDED001A3F
:10BBA000B0EE610A0BF0ACFF85ED020A2048D0ED43
:10BBB000081AB0EE611AD0ED081AF1EE611AF0EE33
:10BBC000610ADDED011AB0EE610A0BF099FF85ED17
:10BBD000030A1748D0ED071AB0EE611AD0ED071A24
:10BBE000F1EE611AF0EE610ADBED001AB0EE610AC7
:10BBF0000BF086FF85ED040A0D48D0ED071AB0EE74
:10BC0000611AD0ED071AF1EE611AF0EE610ADBED70
:10BC1000011AB0EE610A0BF073FF85ED050A1C22D4
:10BC2000294604F5E070F4F700FC01204EE700001F
:10BC3000809F00203EB5054605B93EBD009505F143
:10BC4000900001909030029000242FE05DF82400D5
:10BC500000210165416581655DF824008163C16350
:10BC600001645DF8240041648164C1649FED170A9A
:10BC70005DF8240080ED170A9FED140A5DF824009A
:10BC800080ED180A9FED110A5DF8240080ED190A75
:10BC90009FED0E0A5DF8240080ED1A0A9FED0B0A55
:10BCA0005DF8240080ED1B0A601CC4B2032CCDD3C8
:10BCB00005F5C0700021016341638163C1631C21EC
:10BCC0004030F4F7D9FB00BFB7E7000000000000E8
:10BCD00070B52DED028B0446B0EE408B0D461CB1C5
:10BCE00015B194F8780018B90020BDEC028B70BD36
:10BCF00018EE100A08F0B9FF20B118EE900A08F00B
:10BD0000B4FF08B90020F0E794ED190A20EE080A04
:10BD1000D4ED1A0A00EEA80A85ED000A94ED1B0A7C
:10BD200020EE080AD4ED1C0A00EEA80A85ED010AEF
:10BD30000120DAE710B5044604B910BD7C21204685
:10BD4000F4F79AFB00BFF8E770B5044604F110055C
:10BD50002646307B08B9002070BD96ED000ADFED65
:10BD60001B0AB4EEE00AF1EE10FA08D996ED010ACA
:10BD7000DFED160AB4EEE00AF1EE10FA01D8002069
:10BD8000EAE795ED000A10EE101A084608F06DFF7C
:10BD9000B8B195ED010A10EE101A084608F065FFDB
:10BDA00078B195ED020A10EE101A084608F05DFF12
:10BDB00038B195ED030A10EE101A084608F055FF49
:10BDC00008B90020C8E70120C6E70000BD37863566
:10BDD00010B58AB0044614B900200AB010BD5C2129
:10BDE00004F12000F4F748FB2046FFF7ADFF08B947
:10BDF0000020F2E701A9204600F044F808B900202D
:10BE0000EBE701A9204600F057F908B90020E4E764
:10BE1000204600F005F8012184F879100120DCE7C4
:10BE200090ED150A80ED190A90ED170A80ED1A0AB7
:10BE300090ED160A80ED1B0A90ED180A80ED1C0AA1
:10BE400090ED190AD0ED1C0A20EE200AD0ED1A0A56
:10BE500090ED1B1A00EEC10A80ED1D0A90ED1D0A3F
:10BE6000F0EEC00A9FED060AF4EEC00AF1EE10FAF9
:10BE700001DB012200E0002280F8782070470000FA
:10BE8000BD37863570B52DED0E8B05460C4695ED0C
:10BE9000000A84ED040A95ED010A84ED050A95ED8A
:10BEA000040A84ED000A95ED050A84ED010A95ED7A
:10BEB000060A84ED020A95ED070A84ED030AD4ED23
:10BEC000000AB0EE600A0BF015F9D4ED040A20EE7A
:10BED000200AB0EE40BAD4ED000AB0EE600A0BF0D2
:10BEE0005BF9D4ED040A20EE200AF0EE40BAD4ED5E
:10BEF000010AB0EE600A0BF0FDF8D4ED040A20EE62
:10BF0000200AB0EE40CAD4ED010AB0EE600A0BF090
:10BF100043F9D4ED040A20EE200AF0EE40CA3CEECC
:10BF20004B0AB0EE40DA3CEEEB0AB0EE409A94EDEC
:10BF3000050AF0EE000A20EE200A20EE0D0AF0EECF
:10BF400040DA94ED050AF0EE000A20EE200A20EE19
:10BF5000090AF0EE409A2DEE0D0A09EE090AB0EE3C
:10BF600040AA2DEEAD0A09EEA90A0AEE4A0AF0EE41
:10BF700040AA9FED4D0AF4EEC0AAF1EE10FA03D2EA
:10BF80000020BDEC0E8B70BDF5EEC0AAF1EE10FAEC
:10BF900003D29FED460AF0EE40AAB0EE6A0A00F026
:10BFA000C1F9B0EE40EA3DEE8A1AF0EE410A39EEF0
:10BFB0008E1AB0EE410A08F03BFFF0EE000A20EEC8
:10BFC000200A84ED060AD4ED060AB0EE600A0BF0F2
:10BFD00091F8D4ED050AF0EE4B8A40EE808AD4ED5C
:10BFE000060AB0EE600A0BF0D7F8D4ED050AB0EE01
:10BFF0006B8A00EE808A38EECC1AF0EE410A38EEF9
:10C000006C1AB0EE410A08F013FF84ED070A68EEDF
:10C01000A80A48EE080AB0EE600A00F083F985ED40
:10C02000090A95ED090ADFED220AB4EEE00AF1EE05
:10C0300010FA01D20020A4E7F0EE680AB0EE480A38
:10C0400008F0F6FE84ED080AD4ED080A9FED191AEF
:10C0500071EE600A95ED021A70EE810AB0EE600A88
:10C0600000F0FCF985ED0A0AD4ED000AB0EE600A92
:10C0700000F0F4F985ED080AD4ED060A94ED001AF3
:10C0800070EEC10A9FED0B1A70EEC10AB0EE600AA5
:10C0900000F0E4F9F0EE40EAB0EE6E0A00F0DEF9EE
:10C0A00085ED0B0A01206CE7BD3786B50000000066
:10C0B0006F12833ADB0FC93F70B52DED0C8B05462F
:10C0C0000C46D4ED060A94ED071A70EEC10AB0EEE4
:10C0D000600A0BF061F8B0EE408AB0EE480AF0EE6C
:10C0E000C00A9FED8F0AF4EEC00AF1EE10FA03D2F7
:10C0F0000020BDEC0C8B70BDD4ED000A94ED061A47
:10C1000070EEC10AB0EE600A0BF046F8B0EE409A4D
:10C11000D4ED000A94ED071A70EEC10AB0EE600A81
:10C120000BF03AF8F0EE40AAD4ED010A94ED071AAC
:10C1300070EEC10AB0EE600A0BF02EF8F0EE408A05
:10C14000D4ED080A94ED061A70EEC10AB0EE600A4A
:10C150000BF022F8B0EE40BAD4ED080A94ED071ABD
:10C1600070EEC10AB0EE600A0BF016F8F0EE40BABD
:10C17000D4ED080A94ED061A70EEC10AB0EE600A1A
:10C180000AF0B8FFB0EE40CAD4ED080A94ED071AE1
:10C1900070EEC10AB0EE600A0AF0ACFFF0EE40CAE1
:10C1A000D4ED070AB0EE600A0AF0F6FFD4ED040AF7
:10C1B00060EE890A20EE200AC0EE080AC5ED110AD9
:10C1C000D4ED060AB0EE600A0AF0E6FFD4ED040AE8
:10C1D000F1EE600A60EEA80A20EE200AC0EE080A1E
:10C1E000C5ED120AD4ED070AB0EE600A0AF082FF2C
:10C1F000D4ED040AF1EE600A60EE890A20EE200A0E
:10C20000C0EE080AC5ED130AD4ED060AB0EE600AC6
:10C210000AF070FFD4ED040A60EEA80A20EE200AAE
:10C22000C0EE080AC5ED140A94ED040AB1EE400A06
:10C2300020EE2B0A20EE090AC0EE080AC5ED150A09
:10C2400094ED040A20EE0B0A20EE280AC0EE080A3C
:10C25000C5ED160A94ED040A20EE2C0A20EE090A18
:10C26000D5ED090A60EE880A80EE201A85ED171ACE
:10C2700094ED040AB1EE400A20EE0C0A20EE280AE2
:10C28000D5ED090A60EE880A80EE201A85ED181AAD
:10C2900095ED150AD4ED020A20EE200AD5ED160A16
:10C2A00094ED031A00EE810A85ED0C0A95ED170A4C
:10C2B000D4ED020A20EE200AD5ED180A94ED031AF7
:10C2C00000EE810A85ED0D0A94ED040A20EE280A9D
:10C2D000D4ED050A60EE880AC0EE209A94ED040AB7
:10C2E000B1EE400A20EE2A0AD4ED050A20EE881AA3
:10C2F000C0EE010AB7EE000A30EEC0AA94ED030AC0
:10C3000020EE290AD4ED020AB0EE40DA0AEE20DA75
:10C31000C5ED0F9A85ED10AA85ED0EDA0120E8E64D
:10C32000BD37863508B5F0EE400AB0EE600AB5EECE
:10C33000C00AF1EE10FA04DBB1EEC01A8DED001A5E
:10C3400004E09FED041A8DED001A00BF9DED000A78
:10C3500008BD00000000000010B53A48807888B39E
:10C36000384890F90010384800EB810090ED000A41
:10C37000DFED360A30EE200A354880ED040A3148F8
:10C3800090F90110304800EB810090ED000A304830
:10C3900080ED050A2B4890F900102B48103000EB77
:10C3A000810090ED000A2A4880ED060A254890F9A0
:10C3B00001102548103000EB810090ED000A244860
:10C3C00080ED070A2348807888B3224890F900104E
:10C3D0001D4800EB810090ED000ADFED1C0A30EEF5
:10C3E000200A1D4880ED040A1A4890F901101648E9
:10C3F00000EB810090ED000A174880ED050A154812
:10C4000090F900101048103000EB810090ED000A08
:10C41000114880ED060A0F4890F901100A481030C3
:10C4200000EB810090ED000A0B4880ED070A0FF049
:10C43000D5FA0748FFF7CCFC0748FFF7C9FC10F016
:10C440007BFB10BDF400002064A40020DB0F4940FA
:10C45000D8A40020F700002054A5002005E0DFED5F
:10C460000E0A70EE600AB0EE600ADFED0C0AB4EE60
:10C47000E00AF1EE10FAF2DC05E0DFED070A70EEFB
:10C48000200AB0EE600ADFED060AB4EEE00AF1EE33
:10C4900010FAF2D370470000DB0FC940DB0F4940B0
:10C4A000DB0F49C0DFED030AC0ED000A80ED010A91
:10C4B0007047000000000000F0EE400A90ED010A15
:10C4C000B7EE001A31EE400A90ED001A20EE010A94
:10C4D00090ED011A01EE200A80ED000A90ED000AAD
:10C4E0007047000008B500BF2248006840F0010016
:10C4F000204908600846006800F00100009000BF75
:10C5000000BF002205210C20F9F7DCF90C20F9F717
:10C51000C5F9002205210D20F9F7D4F90D20F9F70E
:10C52000BDF9002205210E20F9F7CCF90E20F9F70C
:10C53000B5F9002205210F20F9F7C4F90F20F9F70A
:10C54000ADF9002205211020F9F7BCF91020F9F708
:10C55000A5F9002205211120F9F7B4F91120F9F706
:10C560009DF9002205212F20F9F7ACF92F20F9F7CA
:10C5700095F908BDD844025810B51F481F490860F6
:10C580004FF44070886000211C48C1600121017493
:10C5900000214174817403214161012181610521E0
:10C5A000C1610221016203214162012181620521F1
:10C5B000C1620221016300214163012181630021E5
:10C5C000C1632021016404214164002181640421AC
:10C5D000C164002101650421416500218165C165B7
:10C5E000202101660021416604218166F8F7F2FBF3
:10C5F00008B1F5F7D1FF10BD00A00040E016002003
:10C6000010B51F481F4908600020886000211D48A0
:10C61000C1600121017400214174817403214161D1
:10C62000012181610521C161022101620321416271
:10C63000012181620521C1620221016340F20641AC
:10C640004163012181630021C16320210164042130
:10C650004164002181640421C16400210165042139
:10C66000416500218165C165202101660021416687
:10C6700004218166F8F7AEFB08B1F5F78DFF10BD18
:10C6800000A400408017002010B51F481F49086013
:10C690000020886000211D48C16001210174002133
:10C6A0004174817403214161012181610521C161CE
:10C6B0000221016203214162012181620521C162DF
:10C6C0000221016340F612014163012181630021CF
:10C6D000C16320210164042141640021816404219B
:10C6E000C164002101650421416500218165C165A6
:10C6F000202101660021416604218166F8F76AFB6A
:10C7000008B1F5F749FF10BD00D400402018002003
:10C7100000B5A3B002F07AFB1C221E491CA8F3F757
:10C7200084FE00211CA80CF053FF1B4908601C224A
:10C7300018491C3115A8F3F778FE002115A80CF054
:10C7400047FF164908601C22124938310EA8F3F73A
:10C750006CFE00210EA80CF03BFF114908601C2262
:10C760000C49543107A8F3F760FE002107A80CF02C
:10C770002FFF0C4908601C22064970316846F3F708
:10C7800054FE002168460CF023FF0749086023B0DF
:10C7900000BD000038CD010800000020040000208A
:10C7A000080000200C0000201000002000B587B019
:10C7B000142102A8F3F760FE00BF6E48006840F045
:10C7C00004006C4908600846006800F0040001900D
:10C7D00000BF00BF00BF0846006840F0800008604E
:10C7E0000846006800F08000019000BF00BF00BF55
:10C7F0000846006840F0010008600846006800F044
:10C800000100019000BF00BF00BF0846006840F073
:10C81000020008600846006800F00200019000BFB6
:10C8200000BF00BF0846006840F0100008600846DE
:10C83000006800F01000019000BF00BF00BF084674
:10C84000006840F0080008600846006800F0080032
:10C85000019000BF00BF01224EF229014648F8F7BF
:10C860000FFF00224FF400414448F8F709FF00226F
:10C870004FF440614248F8F703FF0122110340489A
:10C88000F8F7FEFE00224FF480613E48F8F7F8FE0C
:10C890004FF4604002900120039000200490059026
:10C8A00002A93548F8F7F4FD2920029001200390F1
:10C8B000002004900320059002A92F48F8F7E8FD16
:10C8C0004FF4A05002904FF4881003900020049081
:10C8D00002A92A48F8F7DCFD4FF40040029001203D
:10C8E000039000200490059002A92448F8F7D0FD99
:10C8F0004FF44060029001200390002004900590C6
:10C9000002A91F48F8F7C4FD4FF48050029001209F
:10C91000039004900320059002A91948F8F7B8FD88
:10C920004FF4806002900120039000200490059055
:10C9300002A91448F8F7ACFD4FF480700290022071
:10C940000390002004900590069002A90E48F8F785
:10C950009FFD4FF40040029000200390049002A934
:10C960000948F8F795FD00214FF00060FCF756FAF2
:10C9700007B000BDE04402580008025800100258F9
:10C9800000040258000C02580000025810B5164866
:10C99000164908604FF480004860411113488160D7
:10C9A0000721C1604FF000710161002141614FF02A
:10C9B000806181618900C1610021016241628162FF
:10C9C000C1624FF08041416300218163C163016412
:10C9D00041648164C164016541658165FBF7C4FE02
:10C9E00008B1F5F7D9FD10BD00300140C018002096
:10C9F00010B51648164908604FF4800048600021C1
:10CA0000134881600721C1604FF000710161491036
:10CA10004161890081610901C161002101624162B6
:10CA20008162C1624FF08041416300218163C16333
:10CA3000016441648164C164016541658165FBF7FE
:10CA400093FE08B1F5F7A8FD10BD000000380040C6
:10CA50004819002010B51648164908604FF48000A8
:10CA600048604111134881600721C16000210161C4
:10CA70004FF080714161890081618900C1610021AD
:10CA8000016241628162C1624FF0804141630021D5
:10CA90008163C163016441648164C164016541656E
:10CAA0008165FBF761FE08B1F5F776FD10BD00006A
:10CAB00000140058D019002000B58BB00020089059
:10CAC00009900A901C2101A8F3F7D6FC17481849D1
:10CAD00008601720486000211548816040F2CF713E
:10CAE000C160002101618161FCF75BFD08B1F5F7D0
:10CAF00053FD002008900A9008A90D48FCF700FAA1
:10CB000008B1F5F749FD60200190002002900390E4
:10CB10000590042201A90648FCF78BFC08B1F5F743
:10CB20003BFD0348FCF7ECFB0BB000BD00180040D8
:10CB3000881B002000B597B0002014901590169027
:10CB40001C210DA8F3F798FC34216846F3F794FCF8
:10CB50002B482C4908601820486000212948816032
:10CB600042F21071C1600021016141618161FCF7F5
:10CB700018FD08B1F5F710FD0020149015901690DF
:10CB800014A92048FCF7BCF908B1F5F705FD6020B1
:10CB90000D9041F288300E9000200F90109011906F
:10CBA0001290139000220DA91648FCF742FC08B120
:10CBB000F5F7F2FC08220DA91248FCF73AFC08B17F
:10CBC000F5F7EAFC00200090019002900390049099
:10CBD0004FF4005005900020069008904FF0007030
:10CBE000099000200A900C9069460648FCF724F949
:10CBF00008B1F5F7D1FC0348FCF782FB17B000BD84
:10CC000000000140581A002000B58BB000200890A9
:10CC100009900A901C2101A8F3F72EFC4FF08040E8
:10CC20001C4908601820486000211A48816042F2BF
:10CC30001071C160002101618161FCF7B2FC08B193
:10CC4000F5F7AAFC002008900A9008A91148FCF703
:10CC500057F908B1F5F7A0FC6020019041F2883047
:10CC60000290002003900590002201A90948FCF7DA
:10CC7000E0FB08B1F5F790FC082201A90548FCF794
:10CC8000D8FB08B1F5F788FC0248FCF739FB0BB07C
:10CC900000BD0000A41A002000B58BB00020089051
:10CCA00009900A901C2101A8F3F7E6FB18481949DE
:10CCB00008601720486000211648816042F20F7119
:10CCC000C1600021016180218161FCF76AFC08B12B
:10CCD000F5F762FC002008900A9008A90D48FCF7BF
:10CCE0000FF908B1F5F758FC602001900020029080
:10CCF000039005900C2201A90648FCF79AFB08B1A5
:10CD0000F5F74AFC0348FCF7FBFA0BB000BD000046
:10CD100000040040F01A00200EB5002000900190A1
:10CD200002901548154908604FF489704860002149
:10CD30001248816040F2CF71C16000218161FCF72F
:10CD400051F908B1F5F728FC0020009002906946DF
:10CD50000A48FCF7D5F808B1F5F71EFC40F2CF7190
:10CD60000648C16000BFC06804490968C86203483A
:10CD7000C168C16000BF0EBD001000403C1B002018
:10CD800010B51848184908604FF461204860002128
:10CD900015488160C16001610C2141610021816100
:10CDA000C1610162416200200F4988620846FCF7B8
:10CDB0008CFF08B1F5F7F0FB00210B48FCF7F7FCFE
:10CDC00008B1F5F7E9FB00210748FCF7C1FC08B101
:10CDD000F5F7E2FB0448FCF792FC08B1F5F7DCFB41
:10CDE00010BD000000780040D41B002010B517488B
:10CDF0001749086017484860002115488160C160E4
:10CE000001610C21416100218161C16101624162C6
:10CE100000200F4988620846FCF757FF08B1F5F774
:10CE2000BBFB00210A48FCF7C2FC08B1F5F7B4FBD4
:10CE300000210748FCF78CFC08B1F5F7ADFB04486E
:10CE4000FCF75DFC08B1F5F7A7FB10BD007C0040C6
:10CE5000681C00200094110010B519481949086099
:10CE6000194848604FF48051164881600021C16024
:10CE70004FF4806101610C21416100218161C16138
:10CE80000162416200200F4988620846FCF71DFFDD
:10CE900008B1F5F781FB00210A48FCF788FC08B1CE
:10CEA000F5F77AFB00210748FCF752FC08B1F5F7CB
:10CEB00073FB0448FCF723FC08B1F5F76DFB10BDCC
:10CEC00000180140FC1C0020A086010010B5174886
:10CED0001749086017484860002115488160C16003
:10CEE00001610C21416100218161C16101624162E6
:10CEF00000200F4988620846FCF7E7FE08B1F5F705
:10CF00004BFB00210A48FCF752FC08B1F5F744FB43
:10CF100000210748FCF71CFC08B1F5F73DFB04486D
:10CF2000FCF7EDFB08B1F5F737FB10BD0010014031
:10CF3000901D00200094110010B501220E490F48E9
:10CF400005F088FD08B1F5F727FB0D490B4806F001
:10CF5000BFF808B1F5F720FB0A49084805F068F961
:10CF600008B1F5F719FB054806F0B4F908B1F5F773
:10CF700013FBF9F717FC10BD00C004240CC10424F6
:10CF80008CC0042468C0042410B50446606A0128DB
:10CF900005D1E06A042802D1206B01280BD00121C1
:10CFA00061620421E162012121632046F7F712FF4B
:10CFB00008B1F5F7F1FA10BD10B50348FFF7E4FF2B
:10CFC0000248FFF7E1FF10BDE01600202018002006
:10CFD000044800680449401AA02190FBF1F0C0B257
:10CFE00070470000BCD701087CD6010800BFFEE7EF
:10CFF0002DE9F04700BFEFF31080044672B61048E9
:10D00000406810490968401A0F4AD2E90032C7182F
:10D0100042F10008204680F3108800BF4FF47A7276
:10D0200000203946A1FB025908FB029207FB0021B0
:10D0300040F2262203462846F3F7C6F9BDE8F087FA
:10D04000001000E0E8000020E00000200C4800682C
:10D0500040F080700A4908600A480B4908600020C7
:10D060000A4948600846006840F001000860002155
:10D07000074A1160516005484068064908607047DA
:10D08000FCED00E055CEACC5B01F00E0001000E0A4
:10D09000E0000020E800002030B500BFEFF3108270
:10D0A000104672B6094A5168094A12688A1A094C30
:10D0B000D4E90054521944F10003064C0CC4044A4C
:10D0C0001160024682F3108800BF30BD001000E0FE
:10D0D000E8000020E000002070B5002430E004EB00
:10D0E0004400364901EB001595ED060A344800EB83
:10D0F000840080ED000A95ED070A3148103000EBFE
:10D10000840080ED000A95ED080A2D48203000EBE0
:10D11000840080ED000A95ED090A2948303000EBC3
:10D12000840080ED000AE96A2548403040F8241068
:10D130002046F4F74BFF224950310855601CC4B219
:10D14000042CCCDB00242EE004EB84001D4901EB11
:10D15000C00595ED050A1A48543000EB840080EDB7
:10D16000000A95ED060A16485C3000EB840080ED5D
:10D17000000A95ED070A1248643000EB840080ED48
:10D18000000AA9890E486C3020F81410696A001D45
:10D1900040F824102046F4F795FC01460848783002
:10D1A0000155601CC4B2022CCED3F8F76FFA0449C3
:10D1B000C867012081F8800070BD0000349E002007
:10D1C00054A40020E49D002000BFFEE710B50248F3
:10D1D000F8F7ABFD10BD0000E8D504242DE9F047B9
:10D1E00004460D4626683746D6F8408007F530607D
:10D1F00000EB4510D0F80890104880450BD909F491
:10D200000040B0F5004F06D14FF4004107F5306003
:10D2100000EB451081602046F9F74AFA074880453F
:10D2200008D9A079012805D104F29C420121206887
:10D2300006F036FD0020BDE8F08700000A30544FAC
:10D240002DE9F04705460C46D5F800904E46D9F832
:10D2500040A006F5306000EB4410D0F80880A879B3
:10D26000012855D108F0080008280FD1434882450D
:10D270000BD908F40040B0F5004F7BD14FF40041CA
:10D2800006F5306000EB4410816073E008F0200088
:10D29000202806D1202106F5306000EB4410816083
:10D2A00068E008F02800002864D1344882450CD991
:10D2B00008F40040B0F5004F07D14FF4004106F5E7
:10D2C000306000EB4410816054E004EBC40105F5CC
:10D2D000157000EB810706F5306000EB4410396AE9
:10D2E0000069C0F31200081A786164B9386930B96E
:10D2F00005F29C420121286806F0D2FC03E079691E
:10D30000F8680844F860E1B22846F8F785FB31E098
:10D310001B4882451BD108F40040B0F5004F07D1EF
:10D320004FF4004106F5306000EB4410816021E0CD
:10D3300008F02000202805D1202106F5306000EB00
:10D3400044108160E1B22846F8F766FB12E06CB940
:10D3500004EBC40105F5157000EB8100006928B9E4
:10D3600005F29C420021286806F09AFCE1B22846AA
:10D37000F8F752FB0020BDE8F08700000A30544F58
:10D380000A31544F2DE9F84F07460E46D7F8009062
:10D39000C84606EBC60107F1140000EB8104D4E98E
:10D3A0000410884202D90120BDE8F88FD4E90401B5
:10D3B000451AA068A84200D2A568E81C4FEA900A66
:10D3C00017E0D4E90401451AA068A84200D2A56874
:10D3D000E81C4FEA900AB879ABB2F2B20090484626
:10D3E000E16807F025F9E0682844E06060692844B6
:10D3F000606108F5106000EB4610806980B250450E
:10D4000006D3D4E90410884202D220690028D8D17A
:10D41000D4E9040188420ED806F00F01012000FA79
:10D4200001FB40F6340050F8080020EA0B0040F6FB
:10D43000340141F808000020B6E7000070B52DED7A
:10D44000088B04460D46B0EE409BB0EE41ABB0EE0B
:10D4500042BAB0EE628AF0EE438A0E48C4F88C00FD
:10D46000B0EE4B2AF0EE6A1AB0EE4A1AF0EE690AF4
:10D47000B0EE490A29462046D4F88C209047F0EEB9
:10D48000680AB0EE480A04F11800F5F731FABDEC6D
:10D49000088B70BDCD9A010810B507480078401C74
:10D4A000C0B205490870052805D30020087003485C
:10D4B00000680CF031F810BD100100200C010020B4
:10D4C0002DE9F04104460E4600275548006800F05B
:10D4D0000300032802D10120BDE8F081504828381C
:10D4E000006820F080604E4928390860F8F7CEF8CF
:10D4F000054606E0F8F7CAF8401B022801D90320C8
:10D50000EAE7474828380068C0F3C0600028F1D136
:10D5100000BF4348006820F47C30216840EA0130B5
:10D520003F490860A088401EC0F30800A168491E5A
:10D530004FF47E4202EA41210843A189491ED201EB
:10D5400002EA01410843217C491E120202EA0161FC
:10D55000084333491031086000BF3148001D00689E
:10D5600020F0C000616908432D49091D0860084684
:10D57000006820F02000A16908432949091D0860BE
:10D580000846006820F01000086025481430006844
:10D590004FF6F8718843E16940EAC100204914312F
:10D5A00008601F48001D006840F010001C49091D5C
:10D5B00008602EB90846006840F40020086012E0B8
:10D5C000012E08D11648001D006840F4801014494F
:10D5D000091D086007E01248001D006840F40010B3
:10D5E0000F49091D08600E482838006840F0806027
:10D5F0000B4928390860F8F749F8054606E0F8F7BE
:10D6000045F8401B022801D9032065E70448283863
:10D610000068C0F3C0600028F1D038465CE7000025
:10D62000284402582DE9F04104460E46002755488B
:10D63000006800F00300032802D10120BDE8F0815A
:10D6400050482838006820F080504E49283908603A
:10D65000F8F71CF8054606E0F8F718F8401B022812
:10D6600001D90320EAE7474828380068C0F3407032
:10D670000028F1D100BF4348006820F07C70218869
:10D6800040EA01503F490860A088401EC0F30800EE
:10D69000A168491E4FF47E4202EA41210843A18954
:10D6A000491ED20102EA01410843217C491E1202AF
:10D6B00002EA0161084333491831086000BF31486C
:10D6C000001D006820F44060616908432D49091D70
:10D6D00008600846006820F40070A16908432949E1
:10D6E000091D08600846006820F48070086025481D
:10D6F0001C3000684FF6F8718843E16940EAC100C8
:10D7000020491C3108601F48001D006840F48070EB
:10D710001C49091D08602EB90846006840F48000C5
:10D72000086012E0012E08D11648001D006840F480
:10D7300000001449091D086007E01248001D006838
:10D7400040F080700F49091D08600E4828380068B5
:10D7500040F080500B4928390860F7F797FF0546DD
:10D7600006E0F7F793FF401B022801D9032065E785
:10D77000044828380068C0F340700028F1D03846CB
:10D780005CE70000284402580146DFED180AB0EEBD
:10D79000600AB5EEC00AF1EE10FA00D8704700201A
:10D7A0001FE001EB8002D2ED000AF1EE401AB0EE6C
:10D7B000401AF4EEC10AF1EE10FA02DDB0EE412A91
:10D7C00009E0F4EEE10AF1EE10FA02D2B0EE612ABD
:10D7D00001E0B0EE602A01EB800282ED002A421CDB
:10D7E000D0B20628DDD300BFD8E700000000C84251
:10D7F00070B504460D4600BFEFF31080064672B6C2
:10D80000182221460848F2F710FE01200649087741
:10D81000F7F73CFF0449886108464577304680F3B6
:10D82000108800BF70BD0000D0A50020194991EDFF
:10D83000000ADFED190A20EE200A80ED000A91EDC2
:10D84000010AB1EE400ADFED140A20EE200A80ED55
:10D85000010A91ED020AF7EE000A30EE200AF6EE18
:10D86000000A60EE200A9FED0C1A9FED0C0A00EEF4
:10D87000810A80ED020A90ED000A094981ED000A53
:10D8800090ED010A81ED010A90ED020A81ED020A94
:10D890007047000010A6002000000000CDCC4C3ED8
:10D8A000F0A500202DE9F043A1B004460D46164630
:10D8B0000FA800F0E7F800200B900C900D900E9050
:10D8C000182105A8F2F7D8FD48220FA92846F2F73B
:10D8D000ACFDFFF78DFB07464FF47A720023F2F799
:10D8E00073FDC6E900019DF87C0088B1164890F8E8
:10D8F000790068B1154890F8790048B100F038FA1D
:10D9000030B105A90BA800F095F908B1012000E09D
:10D910000020814605A80BA90FAB19AACDE9020981
:10D92000CDE900410A49A1F51D7000F057FA18B978
:10D93000002021B0BDE8F083064800F0C8FC05488F
:10D9400090F87102F5E70000D8A4002054A500204B
:10D9500098A8002024A6002070B52DED0A8B05465E
:10D96000F0EE409AB0EE608A022D0ED219EE900AC7
:10D9700007F096F948B118EE100A07F091F920B1B6
:10D98000B5EEC08AF1EE10FA04D89FED3B0ABDEC6B
:10D990000A8B70BD05EB8500384901EBC00494ED9E
:10D9A000090A20EE29CAB0EE4C0A07F09BFBD4ED21
:10D9B000060A60EE20CAB0EE4C0A07F07DFDD4EDF9
:10D9C000080AB0EE6CAA00EE20AAB0EE4C0A07F0EE
:10D9D00073FDB1EE400AD4ED060A60EE20CAB0EE47
:10D9E0004C0A07F07FFBD4ED080AF0EE6CAA40EE7B
:10D9F00020AA94ED030A30EE0A0AD4ED000A30EEB4
:10DA000060BA94ED040AD4ED070A30EE200AD4ED92
:10DA1000010A70EE60BA94ED050A30EE2A0AD4EDE0
:10DA2000020A70EE608A6BEE0B0A4BEEAB0A48EE10
:10DA3000A80AB0EE600A07F009FEB0EE409A19EEAF
:10DA4000100A07F02DF930B19FED0D0AB4EEC09A1F
:10DA5000F1EE10FA02D29FED080A98E72BEE2A0A9F
:10DA600008EECA0AD4ED090A60EE880A60EE200AC0
:10DA700080EE890A8BE7000000000000C8D701088B
:10DA80006F12833A30B593B0054600BFEFF31080B4
:10DA9000044672B64822074901A8F2F7C6FC2046A0
:10DAA00080F3108800BF482201A92846F2F7BDFC88
:10DAB00013B030BD0CA4002030B52DED028BA7B003
:10DAC0005848006800F1840518211EA8F2F7D4FC1C
:10DAD000182118A8F2F7D0FC9FED530AB0EE408A47
:10DAE00024A8FFF7A3FE0BF093FE0446ECB9002038
:10DAF0004E49088004AA06A924A800F02FFB0021A3
:10DB000018A8FFF775FE0020CDE90240DDE9040109
:10DB1000B0EE480A1EAACDE90001454906A806F064
:10DB20001DFE27B0BDEC028B30BD04AA06A924A8B7
:10DB3000FFF7B8FEA8B900203C490880002118A8CA
:10DB4000FFF756FE0020CDE90240DDE90401B0EE0A
:10DB5000480A1EAACDE90001354906A806F0FEFDD7
:10DB6000DFE7324800880A2805D230480088401C88
:10DB70002E49088027E01EAA2D4901F52E7000F0DD
:10DB800071FCB0B91EA92A4800F093FB002118A827
:10DB9000FFF72EFE0020CDE90240DDE90401BFEED3
:10DBA000000A18AACDE90001214906A806F0D6FD11
:10DBB000B7E71EA8FFF7E8FD1D4890EDB40AB8EEE0
:10DBC000400AB0EE408A1EA9194800F072FB0020FE
:10DBD00012E0295600EE101AB8EEC00A1EA901EB99
:10DBE0008001D1ED000A20EE200A18A901EB800186
:10DBF00081ED000A411CC8B20628EAD3012118A809
:10DC0000FFF7F6FD0120CDE90240DDE90401B0EEA9
:10DC1000480A1EAACDE90001054906A806F09EFDA6
:10DC200000BF7EE7BCD70108000000001201002001
:10DC300024A6002070B586B005460E464848006808
:10DC400000F18404207E10B9002006B070BD454864
:10DC5000D0ED080A94ED021A70EEC10AB0EE600A27
:10DC6000F2F742FF94F9000000EE900AF8EEE00AA5
:10DC700020EE200A85ED000A3A48D0ED0B0A94ED1B
:10DC8000031A70EEC10AB0EE600AF2F72DFF94F9A4
:10DC9000010000EE900AF8EEE00A20EE200A85ED81
:10DCA000010A3148D0ED080A94ED041A70EEC10A59
:10DCB000B0EE600AF2F718FF94F9030000EE900A44
:10DCC000F8EEE00A20EE200A85ED020A2648D0EDA3
:10DCD0000B0A94ED051A70EEC10AB0EE600AF2F775
:10DCE00003FF94F9040000EE900AF8EEE00A20EE3B
:10DCF000200A85ED030A1B4890ED060A8DED000A07
:10DD000090ED0E0A8DED010A184890ED1A0A8DED7E
:10DD1000020A154890ED060A8DED030A90ED0E0AF1
:10DD20008DED040A114890ED190A8DED050A0020C9
:10DD300011E0215600EE101AB8EEC00A694601EB58
:10DD40008001D1ED000A20EE200A06EB800181ED72
:10DD5000000A411CC8B20628EBD3012075E7000079
:10DD6000BCD70108D8A4002054A5002054A400204A
:10DD7000002106E00B48405C08B900207047481CB1
:10DD8000C1B20429F6DB002107E006482830405CD8
:10DD900008B90020F2E7481CC1B20229F5D30120DE
:10DDA000ECE70000A4A4002070B505460E460DB9AE
:10DDB000002070BD00240CE005EB840090ED000A0B
:10DDC00010EE101A084606F062FF08B90020F0E7CE
:10DDD000641CB442F0D30120EBE700002DE9F04FC2
:10DDE0002DED028B87B005460F4691461E46DDE9B4
:10DDF000138BDDF848A02DB9002007B0BDEC028BD5
:10DE0000BDE8F08F1598E0B1384600F07DF9C0B15B
:10DE100003214846FFF7C8FF98B104213046FFF7B9
:10DE2000C3FF70B103215046FFF7BEFF48B1042184
:10DE30004046FFF7B9FF20B106215846FFF7B4FF6F
:10DE400020B9284600F02AFA0020D6E7D6ED000ACD
:10DE500060EEA00A96ED011AD6ED011A41EE210AF4
:10DE600096ED021AD6ED021A41EE210A96ED031A3A
:10DE7000D6ED031A41EE210AB0EE600A07F0E6FB88
:10DE8000B0EE408A18EE100A06F001FF30B19FEDA7
:10DE9000710AB4EEC08AF1EE10FA04D2284600F0FE
:10DEA000FDF90020A9E700240BE006EB840090EDCB
:10DEB000000AC0EE080A684600EB8400C0ED000AC4
:10DEC000641C042CF1D304A9684600F097F90321DF
:10DED00004A8FFF769FF20B9284600F0DFF9002009
:10DEE0008BE7002410E009EB840090ED000A07F1B5
:10DEF0001C0000EB8400D0ED000A20EE200A05EBA8
:10DF0000840080ED000A641C032CECD300240AE09A
:10DF100004A800EB840090ED000AE01C05EB8000F3
:10DF200080ED000A641C032CF2D3002411E00AEBFC
:10DF3000840090ED000A07F1100000EB8400D0EDA2
:10DF4000000A20EE200AA01D05EB800080ED000AEB
:10DF5000641C032CEBD398ED000AD7ED000A30EED9
:10DF6000600A85ED090A98ED010AD7ED010A30EE45
:10DF7000600A85ED0A0A98ED020AD7ED020A30EE32
:10DF8000600A85ED0B0A98ED030AD7ED030A30EE1F
:10DF9000600A85ED0C0A002412E00BEB840090ED82
:10DFA000000A07F1280000EB8400D0ED000A20EE03
:10DFB000200A04F10D0005EB800080ED000A641CCE
:10DFC000062CEAD300240CE005F5167000EB840063
:10DFD00090ED000A04F1130005EB800080ED000ACB
:10DFE000641C062CF0D3002423E005EB840090EDA4
:10DFF000000ADFED190AB4EEE00AF1EE10FA06DDD0
:10E000009FED150A05EB840080ED000A10E005EB9A
:10E01000840090ED000ADFED110AB4EEE00AF1EEA3
:10E0200010FA05D29FED0D0A05EB840080ED000A81
:10E03000641C192CD9D319212846FFF7B5FE20B945
:10E04000284600F02BF90020D7E6012085F8700261
:10E0500000BFD2E6BD3786350000C8420000C8C206
:10E0600010B50446204600F019F910BD70B50446FD
:10E0700004B970BD44212046F2F7FEF99FED1D0A58
:10E0800084ED000A9FED1C0A84ED010A9FED1B0A36
:10E0900084ED020A9FED1A0A84ED030AB0EE000A2D
:10E0A00084ED040AB5EE000A84ED050AB1EE040A17
:10E0B00084ED060A002508E0B5EE000A04F11C0014
:10E0C00000EB850080ED000A6D1C032DF4D30025C4
:10E0D00008E09FED0C0A04F1280000EB850080EDBC
:10E0E000000A6D1C062DF4D3012084F8400000BF07
:10E0F000BFE700008FC275BDCDCCCC3D8FC2753D52
:10E10000CDCCCCBDCDCC4C3D10B5044614B194F86B
:10E11000400008B9002010BD04212046FFF744FE4E
:10E1200008B90020F7E7032104F11000FFF73CFED7
:10E1300008B90020EFE7032104F11C00FFF734FECB
:10E1400008B90020E7E7062104F12800FFF72CFEBC
:10E1500008B90020DFE70120DDE700002DE9F043EA
:10E16000A1B004460D4616460FA8FFF78BFC002011
:10E170000B900C900D900E90182105A8F2F77CF9E9
:10E1800048220FA92846F2F750F9FEF731FF07465B
:10E190004FF47A720023F2F717F9C6E900019DF8EF
:10E1A0007C0070B1114890F8790050B1104890F897
:10E1B000790030B105A90BA8FFF73CFD08B101209B
:10E1C00000E0002081460B4800F068F805A80BA984
:10E1D0000FAB19AACDE90209CDE90041064905486E
:10E1E000FFF7FCFD21B0BDE8F0830000D8A40020BB
:10E1F00054A5002024A6002098A8002090ED015AE4
:10E20000B1EE455AB0EE450A90ED025AB1EE455ACC
:10E21000F0EE450A90ED035AB1EE455AB0EE453A9C
:10E2200090ED005AB0EE451AB8EE005A20EE855A2D
:10E23000F0EE451AB0EE005A20EE055AB0EE452A2F
:10E240009FED155AF0EE452A20EEA25A03EE425AEF
:10E25000F0EE454A23EE215A00EE625AB0EE454AEE
:10E2600020EE025A00EEE15AF0EE453AB0EE645A62
:10E2700001EE215A81ED005AB0EE445A01EE025AE5
:10E2800081ED015ABFEE005A01EE225A35EE235AB3
:10E2900081ED025A704700000000000010B50446EE
:10E2A00004B910BD4FF41D712046F2F7E5F800BF28
:10E2B000F7E770B504460D4604B105B970BD1822E4
:10E2C000294604F51670F2F7B0F800BFF6E770B50E
:10E2D000044614B194F8700218B92046FFF7DEFF27
:10E2E00070BD94F87102A0B900250CE005EBC501E2
:10E2F00001EB051204F1640101EB82006422214666
:10E30000F2F793F86D1C052DF0D3012084F871020B
:10E31000E6E74FF4C87204F1C80104F16400F2F7B3
:10E3200084F86422214604F5FA70F2F77EF800BF03
:10E33000D6E710B502460B460AB9002010BD0021F1
:10E340000DE052F82100C0F3C754FF2C01D0012486
:10E3500000E000240CB90020F0E7481C0146994277
:10E36000EFD30120EAE710B504461CB1182120467E
:10E37000F2F782F810BD000038B504460CB9002051
:10E3800038BD00BF0F48006840F400200D49086008
:10E390000846006800F40020009000BF00BF012084
:10E3A000A07000250AE0E8B200F00EF8611C4855A4
:10E3B000601C405D08B90020A0706D1C002DF2D0DB
:10E3C000A078DDE7E04402587FB505461D480068A7
:10E3D000009015B1002004B070BD1B4800EB05147F
:10E3E000207B08B10120F6E7002002900190002276
:10E3F0006946204608F0EEFB03900398C0B2C8B906
:10E4000002A9206808F068FC606001A9206808F093
:10E4100073FCA060606858B1A06848B1BDF80800FE
:10E42000022805D1BDF80400022801D1012000E036
:10E4300000202073207B18B9002020606060A0605D
:10E44000207BC8E7C4D70108A49F002010B504466C
:10E4500004B910BD1C212046F2F70EF800202070F0
:10E4600000BFF6E72DE9F74F84B004460E46069844
:10E47000FFF779FFB4B1AEB1A07898B196F8700209
:10E4800080B196F8710268B1207801280ADA192162
:10E490003046FFF74EFF28B17D2106F16400FFF7FB
:10E4A00048FF18B9002007B0BDE8F08F2078344944
:10E4B00001EB0015287B08B90020F4E76868D0F864
:10E4C00004906868D0F820A0A86840680390A86805
:10E4D000D0F820B0B9F1000F07D0BAF1000F04D086
:10E4E000039810B1BBF1000F01D10020DBE76422DB
:10E4F00031464846F1F799FF4FF4FA7206F164018C
:10E500005046F1F792FFFEF773FD0746884695E8FF
:10E51000070008F001FC0290FEF76AFDC01B61EBEA
:10E5200008014FF47A720023CDE90001F1F74CFFA6
:10E53000A0610298012808D0286808F0A7FB019084
:10E540006069401C60610020ADE7182203990698BD
:10E55000F1F76BFF9BE80700231D07C30621069810
:10E56000FFF7E7FE38B90698FFF7FDFE6069401C2B
:10E570006061002097E72069401C2061012092E73C
:10E58000A49F002070B504460E460CB9002070BD53
:10E5900000250CE004EB850090ED000A10EE101A47
:10E5A000084606F07DFB08B90020F0E76D1CB54277
:10E5B000F0D30120EBE700002DE9FF4F2DED048B98
:10E5C000A7B006460F469B46DDE9389A3A9D9FED77
:10E5D000FE0A85ED000A9FEDFC0A85ED010A9FED1C
:10E5E000FA0A85ED020A9FEDF80A85ED030A9FED10
:10E5F000F60A85ED040A9FEDF40A85ED050A66B179
:10E600005FB12D9848B1BAF1000F06D0BBF1000FF1
:10E6100003D0B9F1000F00D035B9002027B0BDEC10
:10E62000048B04B0BDE8F08F96F8790010B197F82C
:10E63000790008B90020F1E706214846FFF7A2FF5C
:10E6400020B102215846FFF79DFF08B90020E5E7F9
:10E6500096ED080A8DED150A96ED0B0A8DED160A5A
:10E660009FEDD90A8DED170A97ED080A8DED180A6E
:10E6700097ED0B0A8DED190A9FEDD30A8DED1A0A5D
:10E6800096ED060A8DED0F0A96ED0E0A8DED100A35
:10E690009BED000A8DED110A97ED060A8DED120A29
:10E6A00097ED0E0A8DED130A9BED010A8DED140A0C
:10E6B00000200EE09FEDC40A21A901EB800181ED4D
:10E6C000000A9FEDC10A1BA901EB800181ED000A40
:10E6D000401C0628EED399ED000AF6EE000A20EE63
:10E6E000200A8DED210A99ED010AF6EE000A20EECE
:10E6F000200A8DED220A99ED030AF6EE000A20EEBB
:10E70000200A8DED240A99ED040AF6EE000A20EEA7
:10E71000200A8DED250AD9ED020AB2EE041A60EE48
:10E72000810AB0EE600AB3EE041AFBEE040A09F0A7
:10E7300011FA8DED1D0AD9ED050AB2EE041A60EE4C
:10E74000810AB0EE600AB3EE041AFBEE040A09F087
:10E7500001FA8DED200A002467E0022C01D0052C7F
:10E7600028D11BA800EB840090ED000A0AF13400C8
:10E7700000EB840080ED000A1BA901EB840191ED00
:10E78000001AF0EE410A0FA901EB840191ED001A85
:10E79000B0EE410A04EBC4020AF14C0101EB021095
:10E7A0009FED8A1A0BF080F809A800EB840080ED39
:10E7B000000A39E021A800EB840090ED000A2D98B2
:10E7C00000EB8400D0ED000A30EE200AB0EE409A53
:10E7D0000AF1340000EB840080ED009A15A901EBEA
:10E7E0008401D1ED000AB0EE600A04EBC4020AF124
:10E7F0004C0101EB02109FED751AF0EE490A0BF087
:10E8000053F82D98303000EB8400D0ED000A0FA8AB
:10E8100000EB840090ED001A00EEC10A09A800EB9D
:10E82000840080ED000A00BF641C062C95D30024F0
:10E8300029E0022C01D0052C12D109A800EB84009C
:10E84000D0ED000AB0EE600A9FED611ADFED610ABB
:10E8500009F080F909A800EB840080ED000A11E0BE
:10E8600009A800EB8400D0ED000AB0EE600A9FED2D
:10E870005A1ADFED5A0A09F06DF909A800EB840075
:10E8800080ED000A641C062CD3D3182209A90AF1D2
:10E890001C00F1F7CAFD5248006800F184089DEDA4
:10E8A0000A0A8DED030A9DED0D0A8DED040A98F814
:10E8B0001800B8B34A48006890F8680090B3DDEDDE
:10E8C000160A98ED031A70EEC10AB0EE600AF2F76C
:10E8D0000BF998F9010000EE900AF8EEE00A20EE3C
:10E8E000200A8DED010A3E48006890ED181AF0EEFE
:10E8F000410A9DED011AB0EE410A0020FFF72CF805
:10E9000098F901003649096891F9681010FB01F087
:10E9100000EE900AB8EEE01ADDED030A41EE000ABF
:10E92000CDED030A98F81800B8B32D48006890F8A8
:10E93000690090B3DDED190A98ED051A70EEC10A71
:10E94000B0EE600AF2F7D0F898F9040000EE900AF1
:10E95000F8EEE00A20EE200A8DED020A2048006859
:10E9600090ED191AF0EE410A9DED021AB0EE410A3F
:10E970000120FEF7F1FF98F904101948006890F99A
:10E98000690011FB00F000EE900AB8EEE01ADDED30
:10E99000040A41EE000ACDED040A9DED090ADDED01
:10E9A000030A96ED101A00EE810A8DED070A9DED1F
:10E9B000030AD6ED0F0A20EE200A8DED050A9DED23
:10E9C0000C0ADDED040A0DE0000000006F12033BAD
:10E9D0009A9979409A9979C000002042000020C29B
:10E9E000BCD7010897ED101A00EE810A8DED080AD8
:10E9F0009DED040AD7ED0F0A20EE200A8DED060AE0
:10EA00002B48006890ED088ADDED070AB0EE600A39
:10EA1000B0EE481AF1EE480A09F09CF885ED000ABC
:10EA2000DDED050AB0EE600AB0EE481AF1EE480AD4
:10EA300009F090F885ED010ADDED080AB0EE600AF4
:10EA4000B0EE481AF1EE480A09F084F885ED020AA2
:10EA5000DDED060AB0EE600AB0EE481AF1EE480AA3
:10EA600009F078F885ED030A11480068D0ED038AB3
:10EA7000DDED0B0AB0EE600AB0EE681AF1EE680A3E
:10EA800009F068F885ED040ADDED0E0AB0EE600AC3
:10EA9000B0EE681AF1EE680A09F05CF885ED050A37
:10EAA0001C2229465046F1F7C0FC0120B6E50000C3
:10EAB000BCD7010870B592B004460E4634480068D1
:10EAC00000F18405182233490CA8F1F7AEFC182296
:10EAD0003049183106A8F1F7A8FC18222D49303129
:10EAE0006846F1F7A2FC0CB912B070BD6021204657
:10EAF000F1F7C2FC95ED020A95F9000000EE900ACC
:10EB0000F8EEE00A9DED0C1A00EE810A84ED000A91
:10EB100095ED030A95F9010000EE900AF8EEE00A7F
:10EB20009DED0D1A00EE810A84ED010A95ED040AAF
:10EB300095F9030000EE900AF8EEE00A9DED0F1A39
:10EB400000EE810A84ED030A95ED050A95F90400AB
:10EB500000EE900AF8EEE00A9DED101A00EE810A30
:10EB600084ED040A182206A904F11800F1F75DFCEF
:10EB70001822694604F13000F1F757FC9FED060AB0
:10EB800084ED120A9FED040A84ED150A00BFABE77D
:10EB9000BCD7010818D80108CDCCCC3D70B50446CF
:10EBA0000D4604B105B970BD4FF46B712046F1F705
:10EBB00063FC95ED060AB0EE401A9FED4E3ADFED8C
:10EBC0004D2A9FED4C2ADFED4B1ADFED4A0A9FEDEF
:10EBD0004A0A002104F14C00FEF730FC95ED070ACB
:10EBE000B0EE401A9FED433ADFED422A9FED412AF5
:10EBF000DFED401ADFED3F0A9FED3F0A002104F1EF
:10EC0000DC00FEF71BFC95ED140AB0EE402A95EDF2
:10EC1000130AF0EE401A95ED120AB0EE401A9FED7D
:10EC2000353ADFED342ADFED330A9FED330A002158
:10EC300004F5B670FEF702FC95ED090AB0EE401A35
:10EC40009FED2C3ADFED2B2A9FED2A2ADFED291AC2
:10EC5000DFED280A9FED280A002104F5FE70FEF77B
:10EC6000EDFB95ED0A0AB0EE401A9FED223ADFED7A
:10EC7000212A9FED202ADFED1F1ADFED1E0A9FEDEE
:10EC80001E0A002104F52370FEF7D8FB95ED170A44
:10EC9000B0EE402A95ED160AF0EE401A95ED150AF1
:10ECA000B0EE401A9FED133ADFED122ADFED110AA4
:10ECB0009FED110A002104F54770FEF7BFFB01210B
:10ECC00084F8D41084F8641184F8841284F814133E
:10ECD00095ED000A84ED0D0A95ED010A84ED0E0A0A
:10ECE00095ED030A84ED100A95ED040A84ED110AEE
:10ECF00000BF58E70000000000007A4470B50546E8
:10ED00000E4631462846F2F7CDFC0446B4F5257F81
:10ED100002DD4FF4257403E014F5257F00DA054C7D
:10ED200000EE104AF8EEC00A9FED031A80EE810A49
:10ED300070BD00006CFDFFFF0000254470B5044667
:10ED40000D46A87DA0B99FED1D0A84ED000A9FED38
:10ED50001B0A84ED010A9FED190A84ED020A9FED5A
:10ED6000170A84ED030A002020746074A07470BD3B
:10ED7000B5F902000A21FFF7C1FF84ED000AB5F9D9
:10ED800000001421FFF7BAFFB1EE400A84ED010A3A
:10ED9000B5F908001421FFF7B1FF84ED020AB5F9B7
:10EDA00006001421FFF7AAFF84ED030AA87A207455
:10EDB000E87A60740120A07400BFD8E7000000006A
:10EDC00000B58FB0F2F726FD01A8F2F737FD1C223F
:10EDD00001A908A8F1F729FB08A90948FFF7AEFF28
:10EDE00007480CF001FB074908709DF8360010B188
:10EDF0009DF82A0000E00020034908770FB000BD0D
:10EE000010A60020FA000020F0A5002010B5012176
:10EE100042480AF054FB424908600846006808B9B5
:10EE2000F3F7BAFB01213F480AF049FB3E4908606D
:10EE30000846006808B9F3F7AFFB01203B490870AA
:10EE40003B48FCF777FF3B48FCF774FF3A48006803
:10EE500090ED120A364880ED000A3748006890EDC0
:10EE6000130A334880ED010A3348006890ED160A12
:10EE70002F4880ED020A01202D4908732E480068B2
:10EE800090ED120A2B4880ED000A2B48006890EDA7
:10EE9000130A284880ED010A2748006890ED170AF8
:10EEA000244880ED020A01202249087300202349EA
:10EEB00008700120487088700220214908700320E2
:10EEC0004870012088701C48006890F89C00A0B130
:10EED0001C48FFF7C5F81C48FFF7C8F81A4844302B
:10EEE000FFF7B4FA002118486030FFF7E3FD164938
:10EEF000603101F16000FFF751FEF1F7DFFD0E48D0
:10EF00000068007928B11148FBF726FD1048FCF78E
:10EF10006BFD02200F49087010BD000060D8010889
:10EF20000801002068D801080C010020060100201B
:10EF3000D8A4002054A50020BCD70108F40000206C
:10EF4000F700002024A6002098A8002004AD00208F
:10EF5000A0AE0020FD00002070B59F480078401C46
:10EF6000C0B29D490870142800D270BD00209A4993
:10EF700008709A4890F8400008B1012000E0002095
:10EF80000646F2F7ADFB08B1022000E00020064380
:10EF9000934890F8500008B1042000E00020064398
:10EFA0008F4890F8510008B1082000E00020064387
:10EFB0008B4890F8520008B1102000E00020064372
:10EFC000874890F8530008B1202000E00020064355
:10EFD000834890F8780008B1402000E00020064304
:10EFE0007F4890F8790008B1802000E000200643B7
:10EFF00000EE106AB8EE400A7A4880ED000A7A48BE
:10F00000407808B1012000E000200446764880786E
:10F0100008B1022000E000200443744890F8790011
:10F0200008B1042000E000200443714890F8790002
:10F0300008B1082000E0002004430020F2F7AEFFF2
:10F0400008B1102000E0002004430120F2F7A6FFE1
:10F0500008B1202000E0002004430220F2F79EFFC8
:10F0600008B1402000E0002004430320F2F796FF9F
:10F0700008B1802000E0002004430AF0C3FB10B177
:10F080004FF4807000E0002004430AF0C1FB10B18F
:10F090004FF4007000E00020044300EE104AB8EE88
:10F0A000400A504880ED010A524890F8BA0208B16F
:10F0B000012000E0002005464E4890F8710208B19A
:10F0C000022000E0002005434B48407F08B10420A7
:10F0D00000E0002005430AF09BFB08B1082000E097
:10F0E00000200543434890F8700208B1402000E03A
:10F0F000002005434148006890F89C0008B180203A
:10F1000000E0002005433B4890F8CC0245EA00258A
:10F110003B48007810B14FF4803000E000200543F8
:10F120003848007810B14FF4003000E0002005436B
:10F1300000EE105AB8EE400A2A4880ED020A27482D
:10F1400090ED070A274880ED030A244890ED080A4D
:10F15000244880ED040A214890ED090A214880EDF9
:10F16000050A1E4890ED0A0A1E4880ED060A1B4853
:10F1700090ED0B0A1B4880ED070A184890ED0C0A29
:10F18000184880ED080A154890ED0D0A154880EDE5
:10F19000090A124890ED0E0A124880ED0A0A0F483B
:10F1A00090ED0F0A0F4880ED0B0A124890ED030A0C
:10F1B0000C4880ED0C0A0F4890ED040A094880EDD8
:10F1C0000D0A0C4890ED050A064880ED0E0A202134
:10F1D00005F052FA00BFC8E6240100200CA400206C
:10F1E00054A400208CB00020FA000020D8A40020F5
:10F1F00054A5002024A60020D0A50020BCD70108DB
:10F20000040100200501002010B51548007838B130
:10F210001448006820B91248807808B9012000E03D
:10F220000020044644B10E48407828B901200C491A
:10F230004870F2F7DBFD0AE04CB90948407830B17C
:10F24000002007494870F2F78BFBF2F7BFFD044836
:10F25000407810B1F2F702FE01E0F2F7D7FD10BDE1
:10F26000FA000020000100200E48D0ED070AB0EEA1
:10F27000E01AB0EE410ADFED0C0AB4EEE00AF1EE5E
:10F2800010FA03DD01200949887009E0F7EE000A51
:10F29000B4EEE00AF1EE10FA02D2002003498870C1
:10F2A000704700000CA400203333B33FFA00002065
:10F2B00070B500240126002509E02C48405D18B1F6
:10F2C0002846F2F717FE00B10026681CC5B2042DCF
:10F2D000F3DB002006E025492831095C01B900264E
:10F2E000411CC8B20228F6D3214890F8400008B962
:10F2F00044F00104F2F7F4F908B944F002040120E3
:10F30000F1F79AFD08B944F008040EB944F004047A
:10F310001848007858B91848007F30B1F6F7B6F9A8
:10F3200015498969401A642801D344F010040AF091
:10F330006FFAA0B11048407F88B91048006820B922
:10F34000F6F7A4F90D4908600CE0F6F79FF90B49B0
:10F350000968401A642805D344F0100402E0002034
:10F36000064908600648046070BD0000A4A400209F
:10F370000CA40020FD000020D0A5002020010020CA
:10F38000000100202DE9F04F89B004464FF0000A3B
:10F39000F74E09F05DFD0790F648C06A401CF5493C
:10F3A000C862A06B8863E06B4863206CC1F8E00022
:10F3B000606C0863EF4AD4E90010C2E9161094F8B3
:10F3C0004800114681F82202302204F10801E94880
:10F3D000B030F1F72AF8C82204F14C01E548F030CA
:10F3E000F1F723F8A034E349606FC1F8E400A06F9F
:10F3F000C1F8E800E06FC1F8EC0014F8580CA03C2C
:10F4000088B10846D0F81002D4F818110843D94939
:10F41000C1F810020846D0F81402D4F81C110843B1
:10F42000D449C1F81402D348A030D0E90010002319
:10F4300059405840014307D0CE482268D0F8A00078
:10F44000111ACD4809F033FE002514E004F108003C
:10F4500000EBC500D0E90078002187EA010088EAC6
:10F460000101084306D02068C11BC34800F1040015
:10F4700009F01DFE6D1C062DE8D3BE48006920F082
:10F480000400BC49086194F84800A0B1606C90B1D8
:10F490000846007C00F0010068B10846806850B161
:10F4A000B648007838B1B648407820B108460069BF
:10F4B00040F004000861AF48D0E91C100023594017
:10F4C000584001430CD0AB4BD4E90010D3E91C23C6
:10F4D0008A1A60EB0300AB4BD21A70F1000001D323
:10F4E000012000E000200590A7480078012817D1EE
:10F4F000A648D0E9001000225140504001430DD0F1
:10F50000A249D4E90020D1E90031D31A60EB01000F
:10F5100042F210729A1A70F1000001D3012000E04B
:10F52000002081469848007808B100200590B9F184
:10F53000000F03D0954AD4E9000103C2059830B307
:10F540008C48D0F8C001401C8A49C1F8C001084667
:10F55000D0E91C10002251405040014304D085489E
:10F560002168006F081A00E000200490814AD4E965
:10F570000001C2E91C010E208549CDE90010D4E943
:10F58000000107236832CDE902010AF047F9079824
:10F590000BF04CFF059828B9B9F1000F02D109B062
:10F5A000BDE8F08FD4E900014FF4E272CDE900012B
:10F5B00004216F4817380BF02DF96E48C16A3046A8
:10F5C00000F042FE94F8480010B16A48006B00E079
:10F5D00000200146301D00F037FE06F10800A16B47
:10F5E00000F032FE06F10C00E16B00F02DFE06F19A
:10F5F0001000049900F028FE002106F1140000F02C
:10F6000023FE0022134606F1180000F028FE002217
:10F61000134606F1200000F022FE00257BE04FF0AB
:10F62000000B04F1080000EBC500D0E90078042DC0
:10F6300001D2284600E0281F0690042D0FD255481D
:10F64000405D60B1002187EA010088EA01010843BA
:10F6500001D0102000E0002040F0070B12E0042D44
:10F6600010D34C4828300699405C58B1002187EAF5
:10F67000010088EA0101084301D0102000E00020C9
:10F6800040F0030B04F5A87101EB8501D1ED000AF0
:10F69000B0EE600A06F5B27101EB850000F0C6FD20
:10F6A00004F5907101EB8501D1ED000AB0EE600A1E
:10F6B00006F5BE7101EB850000F0B8FD04F59C7104
:10F6C00001EB8501D1ED000AB0EE600A06F5CA71C2
:10F6D00001EB850000F0AAFD06F5D67101EB85006F
:10F6E0009FED2D0A00F0A2FD06F1280101EBC500F7
:10F6F0003A46434600F0B3FD06F16C0101EB85008C
:10F70000594600F0A1FDBBF1000F03D00120A84035
:10F7100040EA0A0A6D1C062D81D3514606F15800B5
:10F7200000F092FD1348D0F8E01006F15C0000F004
:10F730008BFD94F8480010B1D4F8180100E00020C7
:10F74000014606F1600000F07FFD94F8480010B11A
:10F75000D4F81C0100E00020014606F1640000F02E
:10F7600073FD94F84800C8B1D4F8140117E0000004
:10F770008F780024A80B00249C0D00240601002093
:10F78000FA000020400D030058010020480100202D
:10F79000E0930400A4A400200000C07F00200146E4
:10F7A00006F1680000F050FD94F8480010B104F133
:10F7B0004C0000E000200146322206F1840008F0EF
:10F7C000F3FB00250EE004F5B47101EB8501D1EDEA
:10F7D000000AB0EE600A06F5A67101EB850000F0A4
:10F7E00025FD6D1C042DEED300250FE0291D04F529
:10F7F000B47202EB8101D1ED000AB0EE600A06F5A9
:10F80000AE7101EB850000F011FD6D1C022DEDD3F2
:10F81000B9F1000F03D009480BF018F80CE00021F3
:10F82000064808F03FFB00F0A1F92168401A0146A4
:10F830000390034809F03BFC00BFB0E67878002451
:10F84000900D002470B503460C464FF0FF310022A6
:10F850000EE0985C4140002507E001F001004042C5
:10F86000054E304080EA51016D1C082DF5D3521C25
:10F87000A242EED3C84370BD2083B8ED2DE9F04716
:10F88000044615461E46DDF82090B9F81400B0F580
:10F89000806F02D90020BDE8F08729A000682060B1
:10F8A0000120207199F8160060712821A01D00F038
:10F8B000C7FCB9F8141004F1080000F0C1FC0021E5
:10F8C00004F10A0000F0BCFC04F10C00D9F810109F
:10F8D00000F0BAFC2A46334604F1100000F0BFFCE9
:10F8E00004F11800D9F8081000F0AEFCD9E9007353
:10F8F0003A4604F11C0000F0B2FC04F12400D9F8EF
:10F900000C1000F0A1FCB9F8142009F1170104F162
:10F910002800F0F78AFDB9F8140000F1280120460C
:10F92000FFF790FF0746B9F8142004F1280150189A
:10F93000394600F089FCB9F814002C3080B2AAE7EF
:10F94000533252310000000070B509F081FA0446CC
:10F950001248806830B11148007C00F0110008B1F5
:10F96000012000E0002005460C48006920F034002A
:10F970000A4908610020C86120460BF057FD65B1B7
:10F980000648806A421C0421062008F0ABFA0020D9
:10F9900000F01CFD012000F019FD70BDA80B002433
:10F9A0002DE9F04F8BB081461746984600200A900B
:10F9B0001422644904A8F0F738FD63A103C9CDE916
:10F9C000020100F0D3F805460E4609F041FA09900D
:10F9D0005F48C0F83490C0E9287809980BF026FDFC
:10F9E0005B48D0E91E1000235940584001430DD018
:10F9F0005749D1E91E012B1A66EB01005549591AE6
:10FA000070F1000002D20BB0BDE8F08F09F020FACF
:10FA100009904F48C0E91E5609980BF007FD58227F
:10FA200005214D48CDE900560AF0F4FE49464A4802
:10FA3000173000F009FC3A46434647481B3000F0B7
:10FA40000EFC00242FE0032C03D2444890F8380029
:10FA500002E0434890F8400083464FF0000A15E06A
:10FA6000BBF1000F0ED004A850F8240000EB8A0070
:10FA700090ED000A10EE101A084605F01AF908B1C8
:10FA8000012000E0002083460AF1010A02A8005D7F
:10FA90005045E5D8BBF1000F04D00120A0400A99E1
:10FAA00008430A90641C052CCDD32B4823300A99B7
:10FAB00000F0CAFB00212848273000F0C5FB0422D3
:10FAC0002649243124482B3008F06EFA002424E023
:10FAD0002249183101EB8401D1ED000A9FED211A72
:10FAE00060EE810AB0EE600A1B493B3101EB8400F5
:10FAF00000F09CFB19490C3101EB8401D1ED000AA7
:10FB00009FED191A60EE810AB0EE600A1249473182
:10FB100001EB840000F08AFB641C032CD8D3042280
:10FB20000F490D48533008F03FFA03220C492831A1
:10FB30000948633008F038FA0021074808F0B2F9A4
:10FB400000BF60E77CD80108040303040300000041
:10FB5000A80B002420A10700907C0024409F0020D7
:10FB60000CA4002035FA8E3C0AE81C4170B5FDF764
:10FB70003FFA04464FF47A720023F0F725FC70BD7B
:10FB80002DE9F04104460F4615461E4609F060F97E
:10FB900080461848006A401C164908620846C0E9B9
:10FBA0001056006920F01800086124B10846006969
:10FBB00040F0080008614FB10E48406A401C0D49F2
:10FBC00048620846006940F01000086164B90948BD
:10FBD000006920F02400074908610846006940F4E4
:10FBE000806008610020C86140460BF01FFCBDE842
:10FBF000F0810000A80B00242DE9FC5F06468A4630
:10FC00009146FFF7B3FF04460D4657480078022897
:10FC100005D10020554981F82402BDE8FC9F5348D6
:10FC2000D0E9181000235940584001430FD04F49E4
:10FC3000D1E91801221A65EB01004D49511A70F102
:10FC4000000004D20020494981F82402E5E70120A0
:10FC5000464981F82402D42203214648CDE90045D3
:10FC60000AF0D8FD434803C84FF40072CDE9000103
:10FC7000072141480AF0CEFD09F0EAF883463B48E7
:10FC80008069401C394988610846D0F8BC01401C95
:10FC9000C1F8BC010D203949CDE900103549D1E941
:10FCA00000710323314A6032384609F0B7FD2F480E
:10FCB00081693048173000F0C7FA2C48016A2D4896
:10FCC0001B3000F0C1FA2948416A2A481F3000F071
:10FCD000BBFA2648816A2748233000F0B5FA23484A
:10FCE000D0E910733A462348273000F0B8FA1F488D
:10FCF00081692148173000F0A7FA1C48416A1E4864
:10FD00001B3000F0A1FA1948816A1B481F3000F02F
:10FD10009BFA58460BF08AFB1922314615483F30B2
:10FD200008F042F9032249461248DF3008F03CF956
:10FD30007D2251461048233008F036F90D48D0E9AD
:10FD400000100A4AC2E912101146D1E91201C2E9B3
:10FD500014011046D0E912733A4606482F3000F0DD
:10FD60007EFA00BF59E7000058010020A80B0024CC
:10FD7000400D03004870002460740024E0930400E8
:10FD80002DE9F0470646884691464948D0E9144592
:10FD900090F8240208B9BDE8F0870020444981F8B2
:10FDA000240222462B46434800F059FA062200213D
:10FDB00040486C3008F0F8F80EB1404600E00020F2
:10FDC000014606223B48843008F0EEF80EB1484662
:10FDD00000E000200146032236489C3008F0E4F899
:10FDE00009F036F882463248806C211A324809F010
:10FDF0005EF936B12E48007C00F0010008B9012000
:10FE000000E0002007462A48006920F48460284961
:10FE1000086146B10846006940F0210008610846C3
:10FE20008069C8610DE02248006920F00400204983
:10FE300008610020C8610846D0F80002401CC1F8E3
:10FE400000020BF067FA1B493739C8600846C068E2
:10FE50001A49C86050460BF0E9FA27B10022114652
:10FE6000022008F03FF800211248373808F01AF84D
:10FE7000A7B90F488030D0E90010002359405840FE
:10FE800001430BD00A488030D0E90010631A65EBBB
:10FE900000000B4A9A1A70F1000006D301210748AE
:10FEA00008F000F80248803030C000BF73E700005F
:10FEB000A80B00247F7000248C0D002460740024A3
:10FEC000404B4C000148C06970470000A80B00245B
:10FED0002DE9FC5FC74890F8230208B908F0F6FE48
:10FEE000FFF744FE04460D46C348007808B10120E0
:10FEF00000E000208146BF4890F82002484533D0FA
:10FF0000BE48407880BBBB48806868BB04F060FD99
:10FF100050B308F09DFF8246B94890F85202B549A7
:10FF200091F8211209B1012100E000210144B448F7
:10FF3000D0F844020144B248C0F84412002180F8CD
:10FF4000511280F8501280F85212C0F84C12002062
:10FF5000A84981F82102084680F82092012081F802
:10FF60003C0250460BF062FAA24890F8200210B909
:10FF70000020BDE8FC9F9F48D0E9001000235940B5
:10FF80005840014301D10120F3E7204629460AF0F9
:10FF9000CFFC00F097FA07F027FE9648D0F8400211
:10FFA00098490968884216D0964A12680AB1032215
:10FFB00000E000221146934A12680AB1042200E0D0
:10FFC000052210468F4A126807F08CFF8D480068A2
:10FFD0008849C1F84002874890F83C0248B18548FA
:10FFE000D0F8340228B107F0D9F98248903030C0F7
:10FFF0001AE08048B0F82A027E49B1F828128842F7
:020000040801F1
:1000000012D17C489030D0E90010621A65EB0000F4
:100010007D4BD21A70F1000006D300207549A1F87B
:100020002A0201F1900030C07848006800F0020018
:10003000002864D16F48B0F82A026E49B1F828123E
:1000400088425CDA6B49983103C9221A65EB0100DA
:100050006F4BD21A70F1000051D36648B0F82802F5
:100060006449B1F82A12461AB6F5007F01D94FF457
:10007000007606F10C0082B201216648CDE9004508
:100080000AF0C8FB5B48D0F83802624988605948DA
:10009000D0F82C125F48173000F0D6F85548B0F869
:1000A0002A02410A5B481B3000F0CAF85148B0F8F8
:1000B000280200F2FF10410A56481D3000F0C0F837
:1000C0004C48B0F8281253481F3000F0BDF849489A
:1000D000B0F82A02504A811832464E482330F0F7D1
:1000E000A4F901214B4807F0DDFE4248B0F82A028E
:1000F00030444049A1F82A0201F1980030C03D493E
:10010000883103C9231A65EB0100444A9A1A70F139
:10011000000003D32046294608F0B8FC04F06CFC2C
:1001200040B93448D0F81C02401C3249C1F81C02C6
:1001300001201EE72F4890F8210218BB2D49A83155
:1001400003C9201A75EB01001CD308F081FE82461A
:100150003049334800F090F8064650460BF066F9F7
:100160000EB9012005E72B4800902248D0E9007322
:100170003A462C48FFF782FB1E49A1F826020120CF
:1001800081F821021B4890F8210208B90120F0E60D
:100190001848B0F82612234804F042FC08B30020A7
:1001A000144981F821020846B0F826020A21A0FB72
:1001B00001121A4B0020A1FB037B02FB03B201FBDF
:1001C0000021194A03463846F0F7FEF80019694144
:1001D00040F2DC53C01841F10001064AA83203C2C4
:1001E00006E00448D0F81C02401C0249C1F81C0279
:1001F0000120BEE6A80B002428010020FA00002000
:10020000F06D002400010020002D3101300100209C
:10021000E0930400A8800024C084002440420F0022
:10022000F00D0024200000240094110031B52DEDC4
:10023000020B0446009D2946204600F005F83EBD0D
:1002400001700A12427070470246002004E0C300A9
:1002500021FA03F31354401C0428F8D3704770B5F7
:10026000064614461D4621463046FFF7EDFF294657
:10027000301DFFF7E9FF70BD70B504460D4646F22C
:100280005220005D08B9002070BD46F25020005D8C
:1002900000EB400303EBC01004EBC000808A00F1C8
:1002A000170246F25020005D00EB400303EBC01044
:1002B00004EBC0012846F0F7B8F846F25020005D84
:1002C000401C1821B0FBF1F201FB120146F2502054
:1002D0000155801C005D401EC1B246F252200155FE
:1002E000801F0159A88A2C30091A46F24C2001516E
:1002F0000120C9E72DE9F04104460D46174646F2B4
:10030000402050F804800059401C46F2402108511A
:10031000A88AB0F5806F0AD846F25220005D1828EE
:1003200005D277B946F25220005D142809D346F26F
:1003300044200059401C46F2442108510020BDE8E9
:10034000F08146F25120005D00EB400101EBC0104E
:1003500004EBC006D5E90001C6E90001A868B06059
:10036000E868F060C6F81080A88AB082A87DB075F1
:10037000AA8A05F1170106F11700F0F756F846F2C0
:100380005120005D401C1821B0FBF1F201FB12016D
:1003900046F251200155401C005D401CC1B246F29E
:1003A00052200155801F0159A88A2C30014446F281
:1003B0004C2001510159001F0059814204D946F2D5
:1003C0004C200159001F01510120B8E72DE9F041EF
:1003D00004460026002708F03BFD0546FCB12F48E7
:1003E0008068E0B92D48C068401C2C49C86088600E
:1003F00000208861C861086248620846806A401C23
:1004000088624FF4806008610021244A80321160C4
:1004100051600120214981F83C0201260AE04CB9D3
:100420001E48806830B11D48006920F004001B4957
:100430000861012728460AF0F9FF36B100F034F8C8
:1004400000221146012007F04DFD27B314488078A3
:1004500008B106200AE01348006808B1032005E04F
:100460000F48407808B9022000E0012001460D48FD
:100470000268032007F036FD08F0EAFC054600207C
:1004800006498860012081F83C0200200861C861AB
:1004900028460AF0CBFFBDE8F0810000A80B00243D
:1004A000FA0000200001002010B500200449086176
:1004B0004861302102483030EFF7DEFF10BD000008
:1004C00010B1002010B54FF4C0710848EFF7D4FF09
:1004D0000AF028FC0AF0F8FB0AF080FC03480AF056
:1004E0003DFB0248FEF74EFF10BD000070B100203A
:1004F000026851690268926942F0080203689A61D1
:100500000268926942F0100203689A6102681268F8
:1005100022F0010203681A600268126940F26F3328
:100520009A4303681A610268926822F440420368A1
:100530009A6090F88120042A0ED001F020025AB16E
:10054000D0F8842042F08002C0F8842002689269CA
:1005500042F0200203689A6190F88120032A0ED0AD
:1005600001F040025AB1D0F8842042F00402C0F8F1
:1005700084200268926942F0400203689A6101F4A3
:1005800000725AB1D0F8842042F00102C0F88420F1
:100590000268926942F4007203689A6101F4807201
:1005A0005AB1D0F8842042F00802C0F884200268D2
:1005B000926942F4807203689A610022A0F8622076
:1005C000A0F86A20704710B501460124C86B04EBFF
:1005D0005013C868421CD01DC20802FB03F010BDB6
:1005E0002DE9F04106460D4617461C46DDF81880F9
:1005F0000BE0F5F74BF8A0EB0800A04201D3601C1C
:1006000000B914B90320BDE8F08130684069284082
:10061000A84201D1012000E00020B842E9D000202A
:10062000F1E730B501460A461378521C147843EAC4
:10063000042030BDFCF780FC00BF012008F02EFF35
:10064000FBE7000010B500BF502080F31188BFF316
:100650004F8FBFF36F8F00BF0CF0BEF818B14FF093
:1006600080500449086000BF002080F3118800BF5B
:1006700010BD000004ED00E000B59DB04C210AA8BB
:10068000EFF7FAFE202102A8EFF7F6FE0220F6F7B8
:1006900059F800BF002001902C48006820F4404029
:1006A0002A4908600846006800F44040019000BFF5
:1006B00000BF00BF2548006800F40050B0F5005F9F
:1006C000F8D123200A904FF480300B9001200D9038
:1006D00040200E90012010900220139002211491CE
:1006E000032115914421169101211791032118919D
:1006F000022119910C211A9100211B914FF4C05134
:100700001C910AA8F7F782FC08B1F1F745FF3F20DA
:1007100002900320039000200490082005904020C0
:10072000069007900001089040200990032102A83C
:10073000F7F7E8F808B1F1F72FFF4FF48022002116
:100740000846F7F705FC1DB000BD00001848025828
:100750002F48006840F470002D4908602D4800685B
:1007600000F00F00072806D22A48006820F00F008A
:10077000C01D284908602848006840F0010026494B
:10078000086000202449103108602348006823498C
:100790000840214908601F48006800F00F00072842
:1007A00006D91C48006820F00F00C01D19490860D8
:1007B0000020194918310860091D0860091D0860EA
:1007C00017481549283108601648091D0860164861
:1007D000091D08600020091D08601348091D0860F4
:1007E0000020091D08601048091D08600020091D2F
:1007F00008600948006820F480200749086000204C
:1008000005496031086043F2D2000849086070472A
:1008100088ED00E000200052004402587FEDF6EA27
:10082000000202020000FF018002010100400052AC
:1008300010B50248F8F797FC10BD00006C210020AD
:1008400010B50248F8F78FFC10BD00003C1B0020DB
:1008500010B502682E4B98420ED0B0F1804F0BD0ED
:100860002C4B984208D02C4B984205D02B4B9842E9
:1008700002D02B4B984203D122F070024B681A43EE
:10088000234B98421DD0B0F1804F1AD0214B984293
:1008900017D0214B984214D0204B984211D0204BB6
:1008A00098420ED01F4B98420BD01F4B984208D055
:1008B0001E4B984205D01E4B984202D01D4B9842C9
:1008C00003D122F44072CB681A4322F080034C69B2
:1008D00043EA04028B68C3620B6883620C4B984244
:1008E0000BD00F4B984208D00E4B984205D00E4BC0
:1008F000984202D00D4B984201D10B690363036803
:1009000043F00403036001234361026010BD000053
:10091000000001400004004000080040000C0040BE
:1009200000040140004001400044014000480140F3
:1009300000E0004000E4004030B5026A056A25F09E
:100940000105056243688469204D2C4024F00304AE
:100950000D682C4322F002028D682A431C4DA842E8
:1009600000D10FE01B4DA84200D10BE01A4DA84268
:1009700000D107E0194DA84200D103E0184DA8426C
:1009800006D100BF22F00802CD682A4322F00402FB
:100990000F4DA8420BD00F4DA84208D00E4DA842D3
:1009A00005D00E4DA84202D00D4DA84207D123F428
:1009B000807323F400734D692B438D692B4343608F
:1009C00084614D684563026230BD00008FFFFEFF09
:1009D000000001400004014000400140004401408B
:1009E0000048014030B5026A056A25F0100505622D
:1009F00043688469224D2C4024F440740D6844EA15
:100A0000052422F020028D6842EA05121D4DA842FD
:100A100000D10FE01C4DA84200D10BE01B4DA842B5
:100A200000D100BF1A4DA84200D100BF194DA84205
:100A300007D106E022F08002CD6842EA051222F0DA
:100A40004002104DA8420BD00F4DA84208D00F4DC8
:100A5000A84205D00E4DA84202D00E4DA84209D1A1
:100A600023F4806323F400634D6943EA85038D69B1
:100A700043EA8503436084614D688563026230BD4B
:100A8000FF8FFFFE000001400004014000400140D4
:100A9000004401400048014030B5026A056A25F46F
:100AA000807505624368C469224D2C4024F003041C
:100AB0000D682C4322F400728D6842EA05221E4D17
:100AC000A84200D10FE01D4DA84200D10BE01C4D03
:100AD000A84200D100BF1B4DA84200D100BF1A4D53
:100AE000A84207D106E022F40062CD6842EA05225E
:100AF00022F48062104DA8420BD0104DA84208D0BD
:100B00000F4DA84205D00F4DA84202D00E4DA8426D
:100B100009D123F4805323F400534D6943EA0513AC
:100B20008D6943EA05134360C4614D68C563026281
:100B300030BD00008FFFFEFF0000014000040140B7
:100B400000400140004401400048014030B5036AC4
:100B5000056A25F4805505624468C269124D2A4031
:100B600022F440720D6842EA052223F400538D6896
:100B700043EA05330D4DA8420BD00D4DA84208D0D5
:100B80000C4DA84205D00C4DA84202D00B4DA842F6
:100B900004D124F480444D6944EA85144460C26160
:100BA0004D680564036230BDFF8FFFFE0000014009
:100BB0000004014000400140004401400048014061
:100BC00030B5026A056A25F4803505624368446DD4
:100BD000114D2C400D682C4322F400320D8942EA5D
:100BE00005420E4DA8420BD00D4DA84208D00D4D28
:100BF000A84205D00C4DA84202D00C4DA84204D109
:100C000023F480334D6943EA0523436044654D680E
:100C10008565026230BD00008FFFFEFF00000140CD
:100C200000040140004001400044014000480140F0
:100C300030B5026A056A25F4801505624368446D83
:100C4000114D2C400D6844EA052422F400120D8950
:100C500042EA05520D4DA8420BD00D4DA84208D0D6
:100C60000C4DA84205D00C4DA84202D00B4DA84215
:100C700004D123F480234D6943EA8523436044650E
:100C80004D68C565026230BDFF8FFFFE0000014068
:100C90000004014000400140004401400048014080
:100CA00010B50249024800F077FA10BDE0080024B0
:100CB000D41B002010B50248F8F7ACFD10BD0000B1
:100CC000681C002010B50249024800F065FA10BD0A
:100CD00060040024FC1C002070B5456E2DB9012570
:100CE000A0F86A50A0F868501CE010231024056892
:100CF000AD68C5F342610568AD686A0F0A4DAD5C29
:100D000015FB04F5094EB65C95FBF6F5A0F86A50A4
:100D1000054D6D5C15FB03F5044E765C95FBF6F511
:100D2000A0F8685070BD000040CE010848CE010810
:100D300090F8281001F00801082907D101684968D6
:100D400021F40041826B11430268516090F8281031
:100D500001F0010139B10168496821F40031C26A2A
:100D600011430268516090F8281001F00201022935
:100D700007D10168496821F48031026B1143026890
:100D8000516090F8281001F00401042907D101688E
:100D9000496821F48021426B11430268516090F848
:100DA000281001F01001102907D10168896821F489
:100DB0008051C26B11430268916090F8281001F0D5
:100DC0002001202907D10168896821F40051026CB3
:100DD00011430268916090F8281001F04001402909
:100DE00013D10168496821F48011426C11430268F3
:100DF0005160416CB1F5801F07D10168496821F449
:100E0000C001826C11430268516090F8281001F013
:100E10008001802907D10168496821F40021C26C52
:100E2000114302685160704738B504460020C4F889
:100E30009000F4F72BFC05462068006800F00800DD
:100E4000082821D16FF07E402B4600224FF400117C
:100E50000090204600F00EFFB0B100BF00BF216837
:100E600051E8001F21F08000226842E800010029BB
:100E7000F5D100BF2020C4F8880000BF002084F80E
:100E8000840000BF032038BD2068006800F0040023
:100E9000042830D16FF07E402B4600224FF48001B1
:100EA0000090204600F0E6FE28B300BF00BF216896
:100EB00051E8001F21F49070226842E800010029E7
:100EC000F5D100BF00BF00BF2168083151E8001F05
:100ED00021F001002168083141E80002002AF3D125
:100EE00000BF2020C4F88C0000BF002084F88400DC
:100EF00000BF0320C7E72020C4F88800C4F88C0096
:100F00000020E066206700BF84F8840000BF00BFB7
:100F1000B9E770B50446A56B0020A5F85E00284629
:100F2000F8F776FC70BD2DE9F0410546AC6BD4F8BE
:100F30008860D4F88C702068806800F08000802879
:100F400007D1212E05D10020A4F85600204600F03C
:100F500003F92068806800F04000402807D1222F64
:100F600005D10020A4F85E00204600F0A7F8D4F8D0
:100F7000900040F01000C4F890002046F8F748FCBC
:100F8000BDE8F08170B50546AC6BE869B0F5807FCF
:100F900040D00020A4F85E0000BF00BF216851E8E7
:100FA000001F21F48070226842E800010029F5D179
:100FB00000BF00BF00BF2168083151E8001F21F0C9
:100FC00001002168083141E80002002AF3D100BF86
:100FD00000BF00BF2168083151E8001F21F0400028
:100FE0002168083141E80002002AF3D100BF202027
:100FF000C4F88C00E06E01280CD100BF00BF21684E
:1010000051E8001F21F01000226842E80001002989
:10101000F5D100BF00202067E06E012805D1B4F8AB
:101020005C102046F8F792FB02E02046F9F7DAF868
:1010300070BD70B50546AC6B01202067E06E0128DD
:1010400006D1B4F85C0041082046F8F77FFB02E0C7
:101050002046F9F7C8F870BD70B50546AC6BE86975
:10106000B0F5807F1ED00020A4F8560000BF00BF5E
:101070002168083151E8001F21F080002168083103
:1010800041E80002002AF3D100BF00BF00BF216881
:1010900051E8001F41F04000226842E800010029A9
:1010A000F5D102E02046F9F7EFF870BD70B50446BF
:1010B000A56B2846F9F7E9F870BD000000BF00BF36
:1010C000026852E8002F22F49071036843E800128E
:1010D000002AF5D100BF00BF00BF0268083252E805
:1010E000002F104B02EA03010268083242E80013A5
:1010F000002BF2D100BFC16E01290CD100BF00BF8F
:10110000026852E8002F22F01001036843E8001241
:10111000002AF5D100BF2021C0F88C100021C16643
:1011200041677047FEFFFFEF10B5044600BF00BFE8
:10113000216851E8001F21F04000226842E80001C8
:101140000029F5D100BF2020C4F888000020A06746
:101150002046F9F799F810BD00BF00BF026852E8B9
:10116000002F22F0C001036843E80012002AF5D1E5
:1011700000BF00BF00BF0268083252E8002F22F40F
:1011800000010268083242E80013002BF3D100BFCF
:101190002021C0F8881070472DE9F04105460C4623
:1011A0002868C06900F0010010B1012029680862B8
:1011B0002868C06900F00200022801D1296808628D
:1011C0002868C06900F00400042801D12968086279
:1011D0002868C06900F00800082801D12968086261
:1011E0000020C5F890002868C06900F010001028A1
:1011F00001D0BDE8F08110202968086260680068AD
:101200005249884258D06068006850491831884275
:1012100052D0606800684D49303188424CD06068D7
:1012200000684A494831884246D0606800684749AA
:101230006031884240D06068006844497831884213
:101240003AD06068006841499031884234D0606883
:1012500000683E49A83188422ED0606800683C4949
:10126000884229D06068006839491831884223D003
:10127000606800683649303188421DD06068006877
:1012800033494831884217D060680068304960317E
:10129000884211D0606800682D49783188420BD0AF
:1012A000606800682A499031884205D0606800680B
:1012B0002749A831884203D160680068406802E08D
:1012C000606800684068B4F82412081A1FFA80F8B1
:1012D000B4F82602404504DCB4F82602A8EB00006E
:1012E00005E0B4F82402B4F82612401A404486B24D
:1012F00006B97EE7B4F8241204F12000F1F702F9F0
:10130000B4F82402B4F82612401A87B2B74200DDBE
:101310003746B4F8262204F1200011183A4604F5A5
:101320009070EFF782F8BE4207DDF21B04F5907172
:10133000C81904F12001EFF778F8A4F82682A4F880
:101340002062012084F8220200BF52E71000024010
:10135000100402402DE9F04106460D4614461F4692
:10136000DDF8188035607460A6F824720020A6F8B5
:101370002602C6F82882394606F12000F1F7C2F8A5
:101380003A4606F120012846F8F7FEFE6449206837
:10139000884249D0624918312068884244D0604967
:1013A0003031206888423FD05D494831206888420A
:1013B0003AD05B4960312068884235D0584978314D
:1013C0002068884230D056499031206888422BD01E
:1013D0005349A8312068884226D052492068884263
:1013E00022D050491831206888421DD04D493031F3
:1013F0002068884218D04B4948312068884213D071
:1014000048496031206888420ED0464978312068CA
:10141000884209D0434990312068884204D041492C
:10142000A8312068884206D12068006820F00800B2
:101430002168086005E02068006820F00400216849
:10144000086037492068884249D0354918312068FA
:10145000884244D032493031206888423FD03049F8
:101460004831206888423AD02D496031206888424E
:1014700035D02B4978312068884230D028499031C6
:10148000206888422BD02649A8312068884226D07F
:1014900024492068884222D0224918312068884295
:1014A0001DD0204930312068884218D01D4948316C
:1014B0002068884213D01B496031206888420ED0D2
:1014C000184978312068884209D01649903120683F
:1014D000884204D01349A8312068884206D1206888
:1014E000006820F010002168086005E020680068AE
:1014F00020F00200216808602868006840F01000B1
:10150000296808602868006840F4807029680860CD
:101510002868806840F0010029688860BDE8F08193
:1015200010000240100402402DE9F04104460F462D
:1015300090461CB117B1B8F1000F02D10020BDE8F0
:10154000F08100BFEFF31080054672B694F82202D6
:1015500010B1B4F8200200E000200646464500DD48
:1015600000262EB1324604F590713846EEF75DFF45
:10157000002084F8220200BF85F3108800BF3046A7
:10158000DDE700002DE9F04F89B005460020089006
:10159000F8492868884200D100E000BF2969A8689E
:1015A000084369690843E96940EA01082868006856
:1015B000F149084040EA0800296808602868406846
:1015C00020F44050E968084329684860D5F818803D
:1015D000E8492868884202D0286A40EA0808286852
:1015E0008068E649084040EA080029688860286861
:1015F000C06A20F00F00696A08432968C86200BF0A
:10160000DF492868884220D1DE48006800F03800B1
:10161000182811D005DC48B1082809D0102811D1AC
:1016200008E020280AD028280CD109E001240BE08A
:10163000042409E0082407E0102405E0202403E046
:10164000402401E0802400BF42E1CF49286888425D
:1016500019D1CC48006800F00700062810D2DFE856
:1016600000F0030507090B0D00240BE0042409E03A
:10167000082407E0102405E0202403E0402401E0D2
:10168000802400BF24E1C1492868884219D1BD489F
:10169000006800F00700062810D2DFE800F003051C
:1016A00007090B0D00240BE0042409E0082407E0DF
:1016B000102405E0202403E0402401E0802400BF42
:1016C00006E1B3492868884219D1AE48006800F0A5
:1016D0000700062810D2DFE800F0030507090B0D0C
:1016E00000240BE0042409E0082407E0102405E0AE
:1016F000202403E0402401E0802400BFE8E0A54965
:101700002868884219D19F48006800F00700062821
:1017100010D2DFE800F0030507090B0D00240BE0F1
:10172000042409E0082407E0102405E0202403E055
:10173000402401E0802400BFCAE09749286888421D
:1017400020D19048006800F03800182811D005DC3E
:1017500048B1082809D0102811D108E020280AD063
:1017600028280CD109E001240BE0042409E0082416
:1017700007E0102405E0202403E0402401E0802459
:1017800000BFA5E085492868884219D17D480068D6
:1017900000F00700062810D2DFE800F00305070973
:1017A0000B0D00240BE0042409E0082407E01024BA
:1017B00005E0202403E0402401E0802400BF87E00E
:1017C00077492868884219D16E48006800F0070000
:1017D000062810D2DFE800F0030507090B0D0024EE
:1017E0000BE0042409E0082407E0102405E020248D
:1017F00003E0402401E0802400BF69E069492868D3
:10180000884220D15F48006800F03800182811D0C5
:1018100005DC48B1082809D0102811D108E020289B
:101820000AD028280CD109E001240BE0042409E0A7
:10183000082407E0102405E0202403E0402401E010
:10184000802400BF44E058492868884220D14D4890
:10185000006800F03800182811D005DC48B10828CD
:1018600009D0102811D108E020280AD028280CD14E
:1018700009E001240BE0042409E0082407E0102417
:1018800005E0202403E0402401E0802400BF1FE0A5
:101890003849286888421AD13A48001D006800F08B
:1018A0000700062810D2DFE800F0030507090B0D3A
:1018B00002240BE0042409E0082407E0102405E0DA
:1018C000202403E0402401E0802400BF00E08024C5
:1018D00000BF2849286888424BD1102C1AD006DC5A
:1018E000022C09D0042C0BD0082C29D10DE0202C7F
:1018F00021D0402C24D120E0F4F75EFF064623E0FF
:1019000005A8F4F76BFF069E1EE002A8F5F77EF827
:10191000039E19E01B4854380068C0F3401040B1E2
:10192000184854380068C0F3C101204820FA01F675
:1019300000E01E4E08E01E4E06E04FF4004603E0B5
:1019400000260120089000BF00BF002E10D01949CA
:10195000686A31F81000B6FBF0F9686800EB4000E7
:10196000484503D868680003484525D201200890FF
:1019700007E153E0000C0058F369FFCFFFF4FF11BB
:101980000010014054440258004400400048004008
:10199000004C00400050004000140140007800401E
:1019A000007C004000180140001C01400090D00362
:1019B00000093D0028CE01087849686A31F810C056
:1019C0006246002330461946EEF7FEFC4FF4807C59
:1019D00000220346A3FB0C0B01FB0CB103FB02131B
:1019E0006968490884461CEB010143EB0200CDE91C
:1019F0000010D5F804C06246002308460199EEF7AE
:101A0000E3FC0746B7F5407F05D3B7F5801F02D248
:101A10002868C760B5E001200890B2E0E869B0F539
:101A2000004F5BD1082C1AD005DC5CB1012C0DD025
:101A3000042C2DD10EE0102C16D0202C23D0402CBD
:101A400026D122E0F6F74AF9064625E0F6F758F9DE
:101A5000064621E005A8F4F7C1FE069E1CE002A898
:101A6000F4F7D4FF039E17E04D480068C0F3401020
:101A700038B14B480068C0F3C1014A4820FA01F66A
:101A800000E0484E08E0484E06E04FF4004603E010
:101A900000260120089000BF00BF7EB33F49686A5E
:101AA00031F81000B6FBF0F04000696800EB51001F
:101AB000B0FBF1F7102F0ED3B7F5803F0BD24FF6E6
:101AC000F07007EA000AC7F342004AEA000A2868F1
:101AD000C0F80CA055E00120089052E0082C1BD063
:101AE00005DC64B1012C0ED0042C2ED10FE0102C9B
:101AF00017D0202C24D0402C27D123E041E0F6F74A
:101B0000EDF8064625E0F6F7FBF8064621E005A8C5
:101B1000F4F764FE069E1CE002A8F4F777FF039E2C
:101B200017E01F480068C0F3401038B11C48006837
:101B3000C0F3C1011B4820FA01F600E0194E08E08D
:101B4000194E06E04FF4004603E0002601200890FD
:101B500000BF00BFAEB11149686A31F81000B6FB92
:101B6000F0F0696800EB5100B0FBF1F7102F06D3DD
:101B7000B7F5803F03D2B8B22968C86001E0012000
:101B800008900120A5F86A00A5F8680000206867A1
:101B9000A867089809B0BDE8F08F000028CE0108BA
:101BA000004402580090D00300093D0070B504467F
:101BB0000E46154644F8586FA5800020A0632220E9
:101BC0006063A06A583CF8B12748241DE16FC863E0
:101BD0002648E16F08642648E16FC8640020E16F81
:101BE000086554F8043C03F12401626DE06F241F82
:101BF0002B46F2F7DDFA38B11020C4F8900020200F
:101C0000C4F88C00012070BD206960B100BF00BF26
:101C1000216851E8001F41F48070226842E8000109
:101C20000029F5D100BF00BF00BF2168083151E88D
:101C3000001F41F001002168083141E80002002A3C
:101C4000F3D100BF00BF00BF2168083151E8001F79
:101C500041F040002168083141E80002002AF3D138
:101C600000BF0020CFE70000850F010833100108F6
:101C7000270F01082DE9F04104460D461746984606
:101C8000069E41E0701C00283ED0F3F7FFFCA0EB5D
:101C90000800B04200D816B90320BDE8F0812068E2
:101CA000006800F0040070B3802D2DD0402D2BD0A3
:101CB0002068C069C0F3C00078B1082021680862BC
:101CC0002046FFF7FBF90820C4F8900000BF002071
:101CD00084F8840000BF0120DFE72068C069C0F3FA
:101CE000C02080B14FF40060216808622046FFF7F1
:101CF000E5F92020C4F8900000BF002084F884009B
:101D000000BF0320C9E7FFE72068C0692840A84258
:101D100001D1012000E00020B842B3D00020BCE790
:101D200010B50248F7F776FD10BD0000901D0020A9
:101D30002DE9F04104460D46D4F8C87204F5307020
:101D4000D4F8D41250F8210010B90320BDE8F08176
:101D500004F53070D4F8D41250F8216005F00F006B
:101D600000EB800104F1140000EB8100406838B3FF
:101D700005F00F0000EB800104F1140000EB81007E
:101D8000416805F00F0000EBC00207F1140000EB02
:101D900082008068B1FBF0F200FB121080B90021D4
:101DA00005F00F0000EB800204F1140000EB82004C
:101DB000416000231A462946204601F056F917E0F3
:101DC0000020C6F8140204F53170D4F8D41250F88B
:101DD0002100006960B1D6F8080204F53171D4F829
:101DE000D42251F822102A460B6906F5047198474F
:101DF0000020ABE770B504460E4604F53070D4F809
:101E0000D41250F82150D4F8D41250F8210008B957
:101E1000032070BD3146204600F07AFFC5F80C0261
:101E2000D5F8040204F53171D4F8D43251F82310F6
:101E3000CA6805F5037190470020EAE770B50446CB
:101E40000D4630480178204600F034FE00212D4830
:101E5000007800F00F0000EB800204F1140000EBAA
:101E60008200018228480178204600F023FE0021EC
:101E70002548007800F00F0000EB800204F5AA70FE
:101E800000EB8200018221480178204600F012FE1A
:101E900000211E48007800F00F0000EB800204F1E2
:101EA000140000EB820001821848007800F00F0057
:101EB00000EB800204F1140000EB8200418204F583
:101EC0003070D4F8D41250F82100C8B104F5317143
:101ED000D4F8D42251F822104868804704F53071B4
:101EE000D4F8D42251F8220001F0E8FB002104F5D7
:101EF0003070D4F8D42240F822100020C4F8BC027C
:101F0000002070BD07C1042408C1042409C10424B1
:101F100070B5044604F53070D4F8D41250F821504E
:101F20000DB9032070BD04F53170D4F8D41250F807
:101F3000210098B195F80002FF280FD095F80122F2
:101F400095F8000204F53171D4F8D46251F82610E6
:101F50008B6829469847FF2085F800020020E1E7BA
:101F600001460A20088001487047000080C0042410
:101F70002DE9F041044682210D4800F02FFC054672
:101F800001210B4800F02AFC06468121084800F098
:101F900025FC07460DB11020A8710EB14020B0807D
:101FA0000FB14020B880432020800148BDE8F08177
:101FB000C4C004242DE9F041044682210E4800F0FB
:101FC0000DFC054601210C4800F008FC0646812165
:101FD000094800F003FC07460DB11020A87116B1A6
:101FE0004FF40070B08017B14FF40070B8804320F8
:101FF00020800148BDE8F081C4C004242DE9F041EF
:10200000044682210D4800F0E9FB054601210B48FA
:1020100000F0E4FB06468121084800F0DFFB07469C
:102020000DB11020A8710EB14020B0800FB140203A
:10203000B880432020800148BDE8F081C4C004245A
:1020400070B504460E464FF4077001F039FB0546A3
:1020500045B9002104F53070D4F8D42240F822109C
:10206000022070BD4FF407712846EEF705FA04F51B
:102070003070D4F8D41240F82150D4F8D41250F86B
:102080002100C4F8BC02207C98BB4FF400730222EC
:1020900050480178204600F0E1FE01214D480078CB
:1020A00000F00F0000EB800204F1140000EB82004E
:1020B00001824B02022248480178204600F0CEFE01
:1020C00001214548007800F00F0000EB800204F584
:1020D000AA7000EB8200018210214048007800F0D5
:1020E0000F0000EB800204F1140000EB820041823B
:1020F00032E0FFE74023022236480178204600F014
:10210000ADFE01213348007800F00F0000EB8002A3
:1021100004F1140000EB82000182402302222E48C9
:102120000178204600F09AFE01212B48007800F04B
:102130000F0000EB800204F5AA7000EB8200018220
:1021400010212648007800F00F0000EB800204F117
:10215000140000EB82004182082303221F4801780B
:10216000204600F07BFE01211C48007800F00F00A3
:1021700000EB800204F1140000EB820001820020D9
:10218000C5F8040204F53171D4F8D42251F82210B4
:10219000086880470020C5F81402C5F81802D5F871
:1021A000040208B902205CE7207C48B94FF40073B0
:1021B000094801782046D5F8042200F067FE07E0C0
:1021C0004023054801782046D5F8042200F05EFE41
:1021D000002046E707C1042408C1042409C10424DF
:1021E00070B5044604F53070D4F8D41250F821507C
:1021F000D4F8D41250F8210008B9032070BD207C17
:1022000048B94FF40073094801782046D5F80422F4
:1022100000F03CFE07E04023044801782046D5F852
:10222000042200F033FE0020E8E7000008C1042487
:10223000024609B90320704702F53170D2F8D43252
:1022400040F823100020F6E710B5024602F5307082
:10225000D2F8D44250F824300BB9032010BDC3F893
:1022600004120020FAE730B503460C4603F530703F
:10227000D3F8D45250F8251009B9032030BDC1F865
:102280000842C1F810220020F8E72DE9FC4105467C
:102290000C4605F53070D5F8D41250F821600020B6
:1022A00001900090804616B90320BDE8FC8120789B
:1022B00000F0600000283DD020287CD1E08868B381
:1022C000207800F08000B8B1E288607805F53171BF
:1022D000D5F8D4C251F82C108B6831469847E08865
:1022E000072801D9072000E0E08807463A46314632
:1022F000284600F011F91CE0607886F80002E088BA
:10230000402801D2E08800E0402086F8010296F8DB
:1023100001223146284600F0DEF80AE0607805F533
:102320003171D5F8D42251F8221000228B68214651
:10233000984747E0607830B1012832D00A2813D09E
:102340000B282FD121E095F89C02032805D1022209
:102350006946284600F0E0F805E02146284600F0EE
:10236000AEF84FF0030824E095F89C02032805D14D
:10237000012201A9284600F0CFF805E021462846B1
:1023800000F09DF84FF0030813E095F89C02032835
:1023900005D02146284600F092F84FF0030808E0E7
:1023A00009E006E02146284600F089F84FF00308CE
:1023B00000BF00BF06E02146284600F080F84FF03D
:1023C000030800BF00BF40466FE7000070B5054638
:1023D00005F53070D5F8D41250F8214001260CB91B
:1023E000032070BDD4F81402C8B90120C4F8140247
:1023F0000C48007800F00F0000EB800205F114009B
:1024000000EB8200D4F8101241600648017828469B
:10241000D4F81032D4F8082200F027FE0026304607
:10242000DFE7000007C1042470B504460D4600260E
:10243000D4F8B802294642682046904700B10326E6
:10244000304670BD70B504460D4694F89C020128D4
:1024500004D0022803D003280CD101E000BF00BF44
:102460006888012805D10020C4F8A402204600F0A5
:1024700064F804E02946204600F021F800BF00BFC0
:1024800070BD02460020704702460020704770B5BC
:1024900006460C4615462B4622460021304600F0E3
:1024A000F5FC002070BD70B506460C4615462B465F
:1024B00022460021304600F0D8FD002070BD70B5E6
:1024C00004460D468021204600F09FFD0021204655
:1024D00000F09BFD70BD70B504460E461546032006
:1024E000C4F894024FF4AC700551001D05512B4601
:1024F00032460021204600F0C9FC002070BD10B516
:1025000004460520C4F8940200231A4619462046C2
:1025100000F0BCFC002010BD70B504460E46154608
:102520000220C4F89402A561E5612B4632460021E1
:10253000204600F09AFD002070BD10B5044604202E
:10254000C4F8940200231A461946204600F08DFD77
:10255000002010BD70B504460D46E888012804D05F
:1025600029462046FFF7ABFF1EE094F89C020128A5
:1025700004D0022803D0032810D109E000BF0020B6
:10258000A060012204F108012046FFF7C5FF0AE020
:102590000122211D2046FFF7BFFF04E02946204607
:1025A000FFF78DFF00BF00BF70BDF8B504460E46B3
:1025B000002000900027002570880012062874D0A3
:1025C00006DC01281BD0022821D003286ED132E07E
:1025D00007286CD00F28F9D1D4F8B402C06938B1FB
:1025E000207CD4F8B412CA6969469047074605E0D2
:1025F00031462046FFF763FF681CC5B2CBE0207C64
:10260000D4F8B4120A68694690470746C3E0207CB4
:1026100040B9D4F8B802816A684688470746022064
:10262000787007E0D4F8B802C16A68468847074660
:1026300002207870AFE0B07806287AD2DFE800F0A8
:102640000316293F5265D4F8B402406838B1207CA3
:10265000D4F8B4124A6869469047074605E0314607
:102660002046FFF72CFF681CC5B269E0D4F8B4021D
:10267000806838B1207CD4F8B4128A6869469047E3
:10268000074605E031462046FFF719FF681CC5B232
:1026900056E0D4F8B402C06850B1207CD4F8B4122B
:1026A000CA6869469047074608E04BE06CE059E08D
:1026B00031462046FFF703FF681CC5B240E0D4F85E
:1026C000B402006938B1207CD4F8B4120A696946B2
:1026D0009047074605E031462046FFF7F0FE681CAC
:1026E000C5B22DE0D4F8B402406938B1207CD4F8EA
:1026F000B4124A6969469047074605E031462046CC
:10270000FFF7DDFE681CC5B21AE0D4F8B402806998
:1027100040B1207CD4F8B4128A69694690470746D4
:1027200006E006E031462046FFF7C9FE681CC5B248
:1027300006E031462046FFF7C2FE681CC5B200BF66
:1027400000BF28E0207C30B9D4F8B802416B68465D
:102750008847074605E031462046FFF7B0FE681C73
:10276000C5B218E0207C40B9D4F8B802016B6846C5
:10277000884707460720787005E031462046FFF776
:102780009EFE681CC5B206E031462046FFF797FE64
:10279000681CC5B200BF00BF05B1F8BDF088C0B16C
:1027A000BDF8000080B1F088BDF80010884202DD5D
:1027B000BDF8000000E0F0880090BDF80020394628
:1027C0002046FFF7A9FE07E031462046FFF777FED7
:1027D00002E02046FFF7B1FE00BFDEE72DE9F84139
:1027E00005460F462C462E464FF00008708831787B
:1027F000884218DD307800900FE06946204600F0EE
:1028000020F804466078052807D1A04698F8020011
:10281000B84200D106E04FF000087088BDF8001003
:102820008842EADC00BF4046BDE8F881014600204E
:102830000A4602E0431CD8B2521C1378002BF9D18F
:10284000704710B5024610460B88047823440B806D
:102850000378981810BD70B504460D4694F89C0294
:10286000012804D0022803D003281AD101E000BFB8
:1028700000BFE888022804D029462046FFF71FFE43
:1028800014E00120E060D4F8A40218B1E06840F040
:102890000200E060022204F10C012046FFF73CFE3A
:1028A00004E029462046FFF70AFE00BF00BF70BDC6
:1028B0002DE9F04107460D46904600240FB9BDE8CA
:1028C000F0813E463046FFF7B1FF022101EB4000A8
:1028D000B0F5007F01D9080204E03046FFF7A6FFFB
:1028E0004000801CA8F8000098F800002855601CE3
:1028F000C4B203202855601CC4B208E030782855C3
:10290000761C601CC4B200202855601CC4B230780C
:102910000028F3D100BFD2E70146002031B10129E0
:1029200006D0022906D0032908D105E0002007E0DF
:10293000032005E0012003E0032001E0032000BFA5
:1029400000BF704770B505460C462DB922460649B2
:1029500006A0FFF7ADFF04E02246034903A0FFF7FE
:10296000A7FF014870BD0000E8C30424434443208E
:10297000436F6E66696700000246122008800148B6
:102980007047000020C0042470B505460C462DB9E0
:102990002246064906A0FFF78BFF04E022460349C2
:1029A00003A0FFF785FF014870BD0000E8C30424C1
:1029B00043444320496E746572666163650000009C
:1029C00002460420088001487047000040C00424EB
:1029D00070B505460C462246024903A0FFF768FF82
:1029E000004870BDE8C3042453544D6963726F6599
:1029F0006C656374726F6E696373000070B5054631
:102A00000C462DB92246064906A0FFF751FF04E007
:102A10002246034903A0FFF74BFF014870BD0000A9
:102A2000E8C3042453544D333220566972747561DF
:102A30006C20436F6D506F727400000070B50546D6
:102A40000C461A202080EFF759FF014870BD0000A6
:102A500044C004242DE9F04104460D46164614B93D
:102A60000320BDE8F0810020C4F8B802C4F8C40215
:102A7000C4F8D0020DB1C4F8B452012084F89C020D
:102A80002670204600F04EF907463846E9E72DE962
:102A9000F04104460D46002600272946D4F8C80216
:102AA000F3F727F806463046FFF736FF0746384665
:102AB000BDE8F0812DE9F04104460D4600260027CF
:102AC0002946D4F8C802F2F7DFFF06463046FFF782
:102AD00023FF07463846BDE8F0812DE9F04704465C
:102AE0000F469146002F56D104F11405D4F89402F4
:102AF000022846D1D5E9020188420FD9D5E9020161
:102B0000401AA86049462046AA68FFF7CCFC00237B
:102B10001A461946204600F0B9F932E0D5E902100C
:102B2000884217D1E9686868884213D36868D4F886
:102B3000981288420ED2002211462046FFF7B3FCBD
:102B40000020C4F8980200231A461946204600F0D7
:102B50009DF916E094F89C0203280BD1D4F8B80232
:102B6000C06838B10020C4F8D402D4F8B802C168F3
:102B7000204688478021204600F047FA2046FFF78C
:102B8000BEFC94F8A00250B3204600F0C5FA002025
:102B900084F8A00223E047F080012046FFF771FC93
:102BA0000646FF2E1BD0D6B994F89C02032816D1F6
:102BB00004F52E7050F82600406980B1C4F8D46244
:102BC00004F52E7050F82600394642692046904799
:102BD0008046B8F1000F02D04046BDE8F0870020E3
:102BE000FBE72DE9F04705460F4690464FF00009F8
:102BF000002F51D105F5AA76D5F8940203286FD19C
:102C0000D6E90201884210D9D6E90201401AB06023
:102C1000D6E90201884201D2B06800E0F0680246BD
:102C200041462846FFF733FC5AE095F8AA0200F027
:102C30001F0020B1012804D0022812D109E000248D
:102C400011E040F2AE20415D2846FFF71DFC04462E
:102C500009E040F2AE20415D2846FFF712FC044631
:102C600001E0002400BF00BF94B995F89C0203283E
:102C70000ED105F52E7050F82400006940B1C5F85A
:102C8000D44205F52E7050F8240001692846884783
:102C90002846FFF752FC23E007F07F012846FFF7A4
:102CA000F0FB0446FF2C1BD0D4B995F89C020328F6
:102CB00010D105F52E7050F82400806950B1C5F888
:102CC000D44205F52E7050F8240039468269284612
:102CD00090478146B9F1000F02D04846BDE8F08721
:102CE0000020FBE701460020704770B50446002530
:102CF000012084F89C02D4F8B80238B12179D4F8C4
:102D0000B80242682046904700B10325284670BDAE
:102D100070B504460D462946D4F8C802F2F727FFDD
:102D200070BD000010B50446207801282CD117484A
:102D3000C0F8E044C4F8C8021548144908600920E6
:102D4000087102211148C171002181710221417273
:102D500000218172C17201738173C1730174F3F731
:102D60007DFB08B1EFF718FC4FF400710748F2F74C
:102D700010FE802200210548F2F710FE4FF4BA72CF
:102D800001210248F2F70AFE002010BDE8D5042414
:102D90000000044010B50246D2F8C83201F08000AD
:102DA000802809D101F07F0000EBC00403F114007A
:102DB00000EB8400807810BD01F07F0000EBC004C0
:102DC00003F5157000EB84008078F4E770B50446D5
:102DD0000D4604F52E70D4F8D41250F8210008B92D
:102DE000032070BD94F89C02032811D104F52E70C5
:102DF000D4F8D41250F82100006A48B104F52E70BE
:102E0000D4F8D41250F821002946026A204690478F
:102E10000020E6E770B504460D4604F52E70D4F8A0
:102E2000D41250F8210008B9032070BD94F89C0218
:102E3000032811D104F52E70D4F8D41250F82100D3
:102E4000406A48B104F52E70D4F8D41250F821002D
:102E50002946426A204690470020E6E72DE9F047E0
:102E600004460F4615461E464FF00008C1462B4645
:102E700032463946D4F8C802F2F784FE804640460E
:102E8000FFF74AFD81464846BDE8F0872DE9F04747
:102E900004460D4616461F464FF00008C1463B4605
:102EA00032462946D4F8C802F2F7B3FE80464046BF
:102EB000FFF732FD81464846BDE8F08770B504460D
:102EC0000025012084F89C020020C4F89402606070
:102ED000C4F8A40284F8A002D4F8B80258B1D4F817
:102EE000B802406838B12179D4F8B8024268204667
:102EF000904700B103254023002211462046FFF7EA
:102F0000ADFF01214FF4B27001534021001F015168
:102F10004023002280212046FFF7A0FF0121A18449
:102F200040212162284670BD014691F89C02042888
:102F300003D191F89D0281F89C020020704710B5E2
:102F4000044694F89C0203280BD1D4F8B80240B18F
:102F5000D4F8B802C06920B1D4F8B802C1692046DB
:102F60008847002010BD02461174002070472DE9EB
:102F7000F04104460D46002600272946D4F8C80231
:102F8000F3F77CFB06463046FFF7C6FC074638469B
:102F9000BDE8F08170B504460D46294604F2AA202A
:102FA00000F07BF80120C4F894024FF42C70005B11
:102FB000C4F8980294F8AA0200F01F0020B101287A
:102FC00009D0022815D10DE004F2AA21204600F014
:102FD00087F9064616E004F2AA21204600F017FB06
:102FE00006460FE004F2AA21204600F0D0F906467A
:102FF00008E094F8AA0200F08001204600F005F8ED
:10300000064600BF00BF304670BD2DE9F0410446C2
:103010000D46002600272946D4F8C802F2F71CFE08
:1030200006463046FFF778FC07463846BDE8F08193
:1030300070B5044600250026D4F8C802F3F741FB1A
:1030400005462846FFF768FC0646304670BD014637
:1030500091F89C02042803D091F89C0281F89D020B
:10306000042081F89C02002070472DE9F0470446B7
:103070000D4616461F464FF00008C1463B463246F5
:103080002946D4F8C802F2F72CFE80464046FFF7E6
:1030900043FC81464846BDE8F08770B505460E46BC
:1030A000344620782870641C20786870641C2046A0
:1030B000FDF7B7FA6880641C641C2046FDF7B1FA7E
:1030C000A880641C641C2046FDF7ABFAE88070BD44
:1030D00038B504460D46002000900DB9032038BDD8
:1030E000C4F8B85204F52E70D4F8D41250F8210068
:1030F000C06A50B104F52E70D4F8D42250F82200E2
:10310000C16A68468847C4F8D002D4F8D802401C87
:10311000C4F8D8020020E2E701460020704770B5ED
:1031200004460D46A88810BBE88800BB6888802844
:103130001DD2A87800F07F0694F89C02032804D1E1
:1031400029462046FFF7BBF915E084F89E62314618
:103150002046FFF70CFF2046FFF7EFF91EB10220D3
:1031600084F89C0207E0012084F89C0203E02946D1
:103170002046FFF7A4F970BD70B504460D46002641
:10318000D4F8B80230B1D4F8B80229460268204613
:1031900090470646304670BD70B504460E46002581
:1031A000B0783D49087008460078012805D93146B5
:1031B0002046FFF784F9032070BD94F89C02022892
:1031C00002D0032859D11FE033480078C0B13248FB
:1031D00000786060304801782046FFF7CDFF054653
:1031E0003DB131462046FFF76AF9022084F89C027F
:1031F00009E02046FFF7A1F9032084F89C0202E0D1
:103200002046FFF79AF943E02348007870B902207E
:1032100084F89C022048007860601F4801782046AE
:10322000FFF702F92046FFF788F925E01A490978E7
:10323000606888421DD021792046FFF7F5F81648CE
:1032400000786060144801782046FFF795FF054636
:103250005DB131462046FFF732F921792046FFF76C
:10326000E3F8022084F89C0206E02046FFF765F9A7
:1032700002E02046FFF761F90AE031462046FFF7F9
:103280001EF9054801782046FFF7CEF8032500BF58
:1032900000BF284690E700007CC0042470B50546B6
:1032A0000C466088012805D1C5F8A4022846FFF71E
:1032B00044F90EE06088022807D1A088001285F842
:1032C000A0022846FFF739F903E021462846FFF718
:1032D000F6F870BD10B504462046FFF7A9FE10BDF4
:1032E00070B504460D460026287800F0600088B1CD
:1032F000202802D0402842D100E000BF04F52E7003
:10330000D4F8D41250F8210029468268204690470C
:10331000064639E068780A282AD2DFE800F01A2445
:10332000291F290A0529150F29462046FFF73DF9CF
:1033300023E029462046FFF7F2FE1EE029462046FC
:10334000FFF72AFF064618E029462046FFF702F954
:1033500013E029462046FFF77EFA0EE02946204674
:10336000FFF79CFF09E029462046FFF76BF804E0D1
:1033700029462046FFF7A3F800BF00BF04E0294616
:103380002046FFF79CF800BF00BF304670BD2DE916
:10339000F04705460F464FF000093C79387800F0B9
:1033A0006000F8B1202802D040287DD100E000BFA5
:1033B00021462846FFF765F80646FF2E11D086B94C
:1033C000C5F8D46205F52E7050F82600806840B12B
:1033D00005F52E7050F82600394682682846904739
:1033E000814610E1787800287AD001282FD0032870
:1033F0006ED195F89C02022802D0032820D110E05B
:1034000054B1802C08D021462846FFF7FEFD8021CC
:103410002846FFF7FAFD03E039462846FFF74FF844
:1034200013E0788840B93CB1802C05D0F88818B9F1
:1034300021462846FFF7E9FD2846FFF77EF804E01D
:1034400039462846FFF73BF800BF00BFD4E095F8A7
:103450009C02022802D003283BD110E054B1802CFA
:1034600008D021462846FFF7D0FD80212846FFF7E7
:10347000CCFD03E039462846FFF721F82EE0788896
:1034800020BB04F07F0018B121462846FFF7FFFA61
:103490002846FFF752F821462846FEF7F2FF064677
:1034A000FF2E13D096B900E0A8E0C5F8D46205F568
:1034B0002E7050F82600806840B105F52E7050F847
:1034C00026003946826828469047814606E007E094
:1034D0008DE039462846FEF7F2FF00BF00BF8BE0C3
:1034E00095F89C02022802D0032879D126E034B155
:1034F000802C04D039462846FEF7E1FF75E004F041
:103500008000802808D104F07F0000EB800105F1E5
:10351000140000EB810007E004F07F0000EB800165
:1035200005F5AA7000EB810080460020C8F8000075
:10353000022241462846FEF7EFFF56E004F08000E5
:1035400080280ED104F00F0000EB800105F114007B
:1035500000EB8100008A98B939462846FEF7AFFF94
:1035600043E004F00F0000EB800105F5AA7000EBCA
:103570008100008A20B939462846FEF7A0FF34E0D2
:1035800004F08000802808D104F07F0000EB800167
:1035900005F1140000EB810007E004F07F0000EB70
:1035A000800105F5AA7000EB810080460CB1802CEB
:1035B00003D10020C8F800000CE021462846FFF7A0
:1035C000E9FB20B10120C8F8000003E008E000207A
:1035D000C8F80000022241462846FEF79DFF04E09D
:1035E00039462846FEF76BFF00BF00BF04E03946AE
:1035F0002846FEF764FF00BF00BF04E039462846B6
:10360000FEF75DFF00BF00BF4846BDE8F0872DE92B
:10361000F04105460E460027307800F0600030B1DA
:10362000202802D0402840D100E000BF00BF95F81C
:103630009C02012804D0022803D003282ED101E0E7
:1036400000BF00BF3079012823D831792846FEF722
:103650001BFF0446FF2C14D09CB905F52E7050F8C2
:103660002400806858B1C5F8D44205F52E7050F892
:1036700024003146826828469047074602E0032727
:1036800000E00327F08840B93FB92846FEF755FF10
:1036900003E031462846FEF712FF04E03146284693
:1036A000FEF70DFF00BF00BF04E031462846FEF7DD
:1036B00006FF00BF00BF3846BDE8F081704700003C
:1036C0000146014870470000CCDA042470B5044676
:1036D0000B4622461978587801282CD140F61C0058
:1036E00080581D7805F00F060125B540ADB228437E
:1036F00040F61C05A85002F5106000EB4110006870
:1037000000F40040F0BB1889C0F30A001D7940EABC
:10371000854040EA815040F0805040F4004002F57E
:10372000106505EB41152D68284302F5106505EB82
:10373000411528602DE040F61C0080581D7805F0EA
:103740000F060125B540144E06EA0545284340F60C
:103750001C05A85002F5306000EB4110006800F431
:10376000004078B91889C0F30A001D7940EA854005
:1037700040F0805040F4004002F5306505EB411503
:103780002D6800E005E0284302F5306505EB4115A2
:103790002860002070BD00000000FFFF01460A46BF
:1037A0004FF410608058C30ADB024FF4106083505E
:1037B00040F60400805840F4807340F604008350C3
:1037C000002070470FB470B504469DF81900012819
:1037D00018D1A06B20F48030A063E0681F49084036
:1037E000E060E06820F44010E0609DF820000128CF
:1037F00003D1E06840F48010E060204600F032F829
:10380000054613E0E06840F04000E060204600F02C
:1038100029F805469DF81D0020B9A06B40F48030C2
:10382000A06303E0A06B20F48030A0639DF8160035
:1038300001280ED1E06D80B2E065E06D08490843D3
:10384000E065A06840F00600A060A06840F020009D
:10385000A060284670BC5DF814FB0000BFFFBDFFF0
:103860000000EE0308B501460020009000BF00985C
:10387000401C00900098B0F1706F01D9032008BD82
:10388000086900F000400028F1D00020009008698D
:1038900040F00100086100BF0098401C00900098B3
:1038A000B0F1706F01D90320E9E7086900F0010069
:1038B0000028F1D100BFE2E770B504460B4622466E
:1038C00019785878012848D102F5106000EB4110B2
:1038D000006800F00040B0F1004F17D102F5106011
:1038E00000EB4110006840F0006502F5106000EB4D
:1038F0004110056002F5106000EB4110006840F0D7
:10390000804502F5106000EB4110056040F63C0078
:1039100080581D7805F00F060125B540ADB2A843CB
:1039200040F63C05A85040F61C0080581D7805F074
:103930000F060125B540ADB2A84340F61C05A850BE
:1039400002F5106000EB411000682B4D284002F595
:10395000106505EB411528604BE002F5306000EB87
:103960004110006800F00040B0F1004F17D102F59F
:10397000306000EB4110006840F0006502F53060F7
:1039800000EB4110056002F5306000EB411000686B
:1039900040F0804502F5306000EB4110056040F6D4
:1039A0003C0080581D7805F00F060125B540134EE8
:1039B00006EA0545A84340F63C05A85040F61C0021
:1039C0008558187800F00F060120B0400B4E06EA2B
:1039D0000040854340F61C00855002F5306000EB46
:1039E00041100068064D284002F5306505EB411591
:1039F0002860002070BD0000007833EC0000FFFF5D
:103A00000078F3EF01460A46D2F8000E20F00300DA
:103A1000C2F8000E40F60400805820F0020340F681
:103A2000040083500020704701460A46D2F8000E79
:103A300020F00300C2F8000E40F60400805840F069
:103A4000020340F604008350002070470FB4F0B525
:103A5000054600272E46002405E0002105F582706A
:103A600040F82410641C0F2CF7D39DF82200A0B955
:103A700040F60400805940F0020140F604008151F4
:103A8000A86B20F40010A863286840F0400028606C
:103A9000286840F08000286003E0A86B40F4001024
:103AA000A8630020C6F8000E9DF81D0001280CD167
:103AB0009DF81B0020B90021284600F03CFD08E0DD
:103AC0000121284600F037FD03E00321284600F0DD
:103AD00032FD1021284600F034FC00B101272846B1
:103AE00000F007FC00B1012700214FF40160815173
:103AF000001D815140F61C00815100242EE006F586
:103B0000106000EB4410006800F00040B0F1004F7E
:103B100010D13CB94FF0006106F5106000EB441085
:103B200001600DE04FF0904106F5106000EB44108D
:103B3000016005E0002106F5106000EB4410016013
:103B4000002106F5106000EB441001614FF67F3153
:103B500006F5106000EB44108160641C9DF81800AD
:103B6000A042CCD800242EE006F5306000EB4410D3
:103B7000006800F00040B0F1004F10D13CB94FF0A8
:103B8000006106F5306000EB441001600DE04FF07D
:103B9000904106F5306000EB4410016005E0002123
:103BA00006F5306000EB44100160002106F530603E
:103BB00000EB441001614FF67F3106F5306000EBF9
:103BC00044108160641C9DF81800A042CCD84FF4CA
:103BD0000160805920F480714FF401608151002010
:103BE000A8616FF0804068619DF81A0018B9A86953
:103BF00040F01000A861A8690A490843A8619DF82F
:103C00001E0018B1A86940F00800A8619DF82200C4
:103C1000012803D1A86904490843A8613846F0BCCB
:103C20005DF814FB00383C800400004001468868C1
:103C300020F0010088600020704700001FB50020C0
:103C40000090019002900390F1F7DAFD01208DF8C9
:103C5000000000208DF801000F4801900D208DF824
:103C6000080000208DF8090001208DF80A000320CB
:103C70008DF80B0001208DF80C008DF80D00002050
:103C80008DF80E008DF80F006846F1F78BFD0420CB
:103C9000F1F7CCFD1FBD000000C0042470470000F8
:103CA00070B503460C4619461D6C1848854209D963
:103CB0004FF43060405800F00040B0F1004F01D1A7
:103CC000002070BD0026C1F8106BD1F8100B40F435
:103CD0000026C1F8106BD1F8100B40F01806C1F89F
:103CE000106BD1F8100B40F0C046C1F8106B012CDE
:103CF00009D1C1F8142B4FF43060405840F08026B1
:103D00004FF4306046500020DBE700000A30544F8B
:103D100030B504460B4622461978587801281ED142
:103D200002F5106000EB4110006820F4001502F568
:103D3000106000EB411005601879032802D0187953
:103D400002282AD102F5106000EB4110006840F013
:103D5000805502F5106000EB411005601DE002F592
:103D6000306000EB4110006820F4001502F530606F
:103D700000EB411005601879032802D01879022859
:103D80000BD102F5306000EB4110006840F0805527
:103D900002F5306000EB41100560002030BD30B509
:103DA00004460B46224619785878012821D102F59D
:103DB000106000EB4110006800F0004060B959B19C
:103DC00002F5106000EB4110006820F0804502F51C
:103DD000106000EB4110056002F5106000EB41102F
:103DE000006840F4001502F5106000EB411005601A
:103DF00020E002F5306000EB4110006800F0004068
:103E000060B959B102F5306000EB4110006820F054
:103E1000804502F5306000EB4110056002F530602E
:103E200000EB4110006840F4001502F5306000EB33
:103E300041100560002030BD2DE9F84381460E4653
:103E400090464D463478707801287DD1306920BB8A
:103E500005F5106000EB44100069E649084005F5DF
:103E6000106101EB4411086105F5106000EB44108E
:103E7000006940F4002105F5106000EB4410016179
:103E800005F5106000EB44100069C10CC90405F58C
:103E9000106000EB441001616FE005F5106000EB6D
:103EA00044100069C10CC90405F5106000EB441012
:103EB000016105F5106000EB44100069CD49084030
:103EC00005F5106101EB4411086194B9B1683069DE
:103ED000884201D9B068306105F5106000EB4410EC
:103EE000006940F4002105F5106000EB4410016109
:103EF00035E0B16830690844401EB0FBF1F087B28C
:103F000005F5106000EB44100069BA49C94301EAA5
:103F1000C741084305F5106101EB44110861307990
:103F200001281CD105F5106000EB4410006920F059
:103F3000C04105F5106000EB4410016105F510600B
:103F400000EB4410006900E099E04FF0C04101EA45
:103F50004771084305F5106101EB4411086105F54F
:103F6000106000EB441000693169C1F3120108438D
:103F700005F5106101EB44110861B8F1010F36D16C
:103F8000F06928B105F5106000EB4410F16941615A
:103F9000307901281ED140F60800405900F48070A5
:103FA00060B905F5106000EB4410006840F0005166
:103FB00005F5106000EB441001600BE005F51060A2
:103FC00000EB4410006840F0805105F5106000EBF4
:103FD0004410016005F5106000EB4410006840F0EB
:103FE000044105F5106000EB44100160FEE005F5AA
:103FF000106000EB4410006840F0044105F51060CB
:1040000000EB44100160307901280FD0306900289E
:10401000ECD040F634004059317801F00F02012114
:104020009140084340F634014851DFE040F6080073
:10403000405900F4807060B905F5106000EB441041
:10404000006840F0005105F5106000EB441001607D
:104050000BE005F5106000EB4410006840F0805163
:1040600005F5106000EB44100160CDF80080308A47
:1040700083B232784846F16800F0DAFAB6E005F526
:10408000306000EB44100069C10CC90405F53060D4
:1040900000EB4410016105F5306000EB441000694D
:1040A0005449084005F5306101EB4411086104BB37
:1040B000306908B1B0683061B068306205F53060D1
:1040C00000EB44100069316AC1F31201084305F5A1
:1040D000306101EB4411086105F5306000EB4410DC
:1040E000006940F4002105F5306000EB44100161E7
:1040F00043E03069D0B905F5306000EB4410006949
:10410000B168C1F31201084305F5306101EB4411B8
:10411000086105F5306000EB4410006940F40021AF
:1041200005F5306000EB4410016126E0B1683069AC
:104130000844401EB0FBF1F087B2B06878433062AB
:1041400005F5306000EB441000692A49C94301EAD3
:10415000C741084305F5306101EB4411086105F5DD
:10416000306000EB44100069316AC1F3120108436A
:1041700005F5306101EB44110861B8F1010F07D179
:10418000F06828B105F5306000EB4410F16841613A
:10419000307901281ED140F60800405900F48070A3
:1041A00060B905F5306000EB4410006840F0005144
:1041B00005F5306000EB441001600BE005F5306060
:1041C00000EB4410006840F0805105F5306000EBD2
:1041D0004410016005F5306000EB4410006840F0C9
:1041E000044105F5306000EB441001600020BDE89B
:1041F000F8830000FFFF07E078B503460024009431
:1042000000201A464C78012C35D10C7802F5106547
:1042100005EB4414246804F00044B4F1004F60D16D
:104220000C7805EB4414246844F000660C7805EB28
:10423000441426600C7805EB4414246844F080464E
:104240000C7805EB4414266000BF009C641C0094AD
:1042500042F21075009CAC4201D901200AE00C78B2
:1042600002F5106505EB4414246804F00044B4F131
:10427000004FEAD035E00C7802F5306505EB4414C8
:10428000246804F00044B4F1004F2AD10C7805EB07
:104290004414246844F000660C7805EB441426604E
:1042A0000C7805EB4414246844F080460C7805EB48
:1042B0004414266000BF009C641C009442F21075F8
:1042C000009CAC4201D901200AE00C7802F530656F
:1042D00005EB4414246804F00044B4F1004FEAD024
:1042E00000BF78BD0146886840F00100886000206A
:1042F000704708B501460020009000BF0098401CA0
:1043000000900098B0F1706F01D9032008BD0869D2
:1043100000F000400028F1D000200090102008613B
:1043200000BF0098401C00900098B0F1706F01D958
:104330000320EBE7086900F010001028F1D00020FE
:10434000E4E708B502460020009000BF0098401C3A
:1043500000900098B0F1706F01D9032008BD10697A
:1043600000F000400028F1D000200090202040EA1A
:104370008110106100BF0098401C00900098B0F1BF
:10438000706F01D90320E9E7106900F020002028B0
:10439000F1D00020E2E710B501460B4640F60804D4
:1043A000E45804F006020AB9002006E0022A01D00F
:1043B000062A01D1022000E00F2010BD0146486905
:1043C00000F00100704701460B4640F61800C25845
:1043D000001DC058024090B2704701460B4640F69F
:1043E0001800C258001DC0580240100C704770B52C
:1043F000024613464FF40166F45840F63406F55869
:1044000001F00F0625FA06F606F0010644EAC61486
:1044100003F5106606EB4116B66806EA040070BDA7
:1044200010B50246134603F5306404EB4114A0684E
:1044300040F61404E458204010BD014648698A69DA
:10444000104070472DE9F04104460D4627462846A6
:104450004FEA920C02F0030300210AE04FF4805867
:1044600058F80780C0F80080401C401C401C401CCD
:10447000491C6145F2D39BB100214FF4805858F894
:10448000076000BF4FEAC10826FA08F880F80080EC
:10449000491C401CA3F101081FFA88F3002BF1D13D
:1044A000BDE8F08170B504460E460025E06820F0B6
:1044B000C040E060012E10D1E06840F00050E060A4
:1044C00000BF0A20F0F764F80A352046FFF776FFB0
:1044D000012815D0C82DF4D312E07EB9E06840F071
:1044E0008040E06000BF0A20F0F752F80A3520460D
:1044F000FFF764FF20B1C82DF5D301E0012070BDA6
:10450000C82D01D10120FAE70020F8E710B50246D6
:104510000B461146D1F8000820F4FE60C1F80008EF
:10452000D1F800084FF4FE6404EA03142043C1F8F4
:104530000008002010BD02461346D3F800080843C7
:10454000C3F800080020704730B503461446022C1B
:1045500049D12D48814204D32C48814201D20F22F7
:1045600045E02A48814204D32948814201D20E22E3
:104570003DE02748814204D32648814201D20D22E2
:1045800035E02448814204D32348814201D20C22E1
:104590002DE02148814204D32048814201D20B22E0
:1045A00025E01E48814204D31D48814201D20A22DF
:1045B0001DE01B48814204D31A48814201D20922DE
:1045C00015E01848814204D31748814201D20822DD
:1045D0000DE01548814204D31448814201D20722DC
:1045E00005E0062203E00CB9092200E00922D868A0
:1045F00020F47050D860D8684FF4705505EA8225D1
:104600002843D860002030BDC0ACD800C0E1E40031
:104610000024F40080730601A0491A01002D310125
:1046200040A44C0100366E0120ABA6010048E80111
:104630002DE9F04304460D461E46DDF81CC0A04699
:104640002946BCF1000F12D1F01C870800230CE0B2
:10465000D1F8009008F5805000EB0230C0F80090CF
:10466000491C491C491C491C5B1CBB42F0D300205F
:10467000BDE8F08300BFFEE770B506460C4616B1F4
:104680000CB1202C01DD002070BDA50000F0B4F9B4
:1046900008B90020F8E72A4631460748EBF7C5FE7F
:1046A00005482844054909680160281D81B202486F
:1046B00000F0B6F9E8E70000200B0024C0D701089D
:1046C00003480178417001200249087070470000DA
:1046D000F0C200206C01002070B51B48007808B1C2
:1046E000012000E00020054618480078854209D0E6
:1046F0001748407830B900F06BF918B113480570CD
:10470000FFF7DEFF1148007808B9002070BD11489E
:1047100044780078A04201D10120F7E700BF00BF34
:1047200000BFBFF35F8F00BF00BF00BF0A4901EBAE
:10473000C4102021FFF7A0FF20B1601C00F01F0172
:10474000044841700120E1E76A0100206B0100206C
:10475000FA000020F0C20020F0B200202DE9FF4F47
:104760002DED020B2DED028BA5B081468A46B0EEF1
:10477000408ADDE936568F48007838B1B9F1000F2C
:1047800004D0BAF1000F01D02B9828B925B0BDECA8
:10479000028B06B0BDE8F08F87484068401C864910
:1047A000486020F07F40049051464846DDE93823B8
:1047B00004F0D0F88346F8F71BFC4FF47A7200231C
:1047C000CDE90001EBF700FE074688463898C8B1EE
:1047D0009AF87102B0B17948007888B97648007EBD
:1047E00070B1774941F21000405801F58051496994
:1047F0002A1A66EB01007349511A70F1000001D3C7
:10480000012000E0002003906B493898087605F0FD
:1048100071FF022805D268488068801C664988605C
:10482000B4E78DE86008002105A8049A04F028F890
:10483000642251460BA8EBF7F8FDD9F8440020F0AC
:104840007F4000EE100AB8EE400A8DED240A05A85C
:1048500004F054F88DE88009012105A8049A04F0B9
:104860000FF8002425E009F1280000EB840090ED0A
:10487000000AA01D05A901EB800080ED000A09F1E6
:10488000340000EB840090ED000A04F10D0001EB10
:10489000800080ED000A09F11C0000EB840090ED1F
:1048A000000A04F1100001EB800080ED000A601C9A
:1048B000C4B2032CD7D3002417E009EB840090ED99
:1048C000000A04F1090005A901EB800080ED000A4F
:1048D0003D4800EB840090ED000A04F1190001EB63
:1048E000800080ED000A601CC4B2042CE5D30024D3
:1048F0000DE02B9800EB840090ED000A04F113000A
:1049000005A901EB800080ED000A601CC4B2062CF2
:10491000EFD300240DE02D4800EB840090ED000A59
:1049200004F11D0005A901EB800080ED000A601C68
:10493000C4B2022CEFD38DED248A05A803F0DEFF6C
:104940000398A0B305F0D6FE052830D3002422E05A
:10495000A01CC1B28DE8600805A8049A03F090FF7E
:1049600004EBC40000EB04120AF1640000EB8201C6
:1049700064220BA8EBF759FD0F48806820F07F40B8
:1049800000EE100AB8EE400A8DED240A05A803F0E7
:10499000B5FF601CC4B2052CDAD3094841F21001FE
:1049A0000D5000F58050466100200449087000BF9A
:1049B000ECE600006B010020F0C200206C0100203A
:1049C000F0B2002040420F007CB00020180100200F
:1049D00010B50748407810B9ECF7A8F910BD0548A4
:1049E000D0F88800202801D10120F7E70020F5E762
:1049F00000000024681C002010B50748407810B95A
:104A0000ECF7A8F910BD0548D0F88800202801D19E
:104A10000120F7E70020F5E700000024681C0020D3
:104A200070B504460D461CB115B1FFF7E5FF08B996
:104A3000002070BD29462046EDF71AFD0A4840784F
:104A400040B929462046ECF74DF908B90120F0E7B6
:104A50000020EEE72A4621460448F5F7C5FB08B9D1
:104A60000120E6E70020E4E700000024681C0020A5
:104A700070B505460A480478012C02D00CB100201C
:104A800070BD07484078A04203D015B1FFF7A0FFE2
:104A900008B90020F4E7024844700120F0E7000064
:104AA00000000024F0B587B004460E4615460020ED
:104AB000009000BF27E046FA00F101F0010109B1C2
:104AC000F02100E0C0214910C0F1070201AB995468
:104AD00044FA00F101F0010109B1F02100E0C02128
:104AE0004910C0F10F0201AB995445FA00F101F0F1
:104AF000010109B1F02100E0C0214910C0F1170205
:104B000001AB9954401C0828D5DB4FF6FF730022F7
:104B100069460F48F4F728F800BF0D4890F8810067
:104B20000128FAD14FF6FF73182201A90848F4F7BB
:104B30001BF8002707E04FF6FF730122694604487F
:104B4000F4F712F87F1C642FF5DB07B0F0BD00000E
:104B5000D01900203EB51E480068FA21B0FBF1F0E4
:104B600000F0010080F00104194800680A21B0FB40
:104B7000F1F04FF4B471B0FBF1F201FB12051548EE
:104B80000078844204D1C4B113480088854214D00F
:104B900034B16B4601AA02A92846F5F741FC03E0AF
:104BA00000200090019002909DF800209DF80410D4
:104BB0009DF80800FFF776FF00BF0748058005480D
:104BC000047003480068401C014908603EBD0000B5
:104BD000EC000020F2000020F00000200FB47CB5B3
:104BE0000C0009AD01D0611E00E00021CDE90001FB
:104BF000064B6A462946089801F0A0FA002C02D01C
:104C0000009A002111707CBC5DF814FB4368010818
:104C10007CB50C001D461646014601D0601E00E022
:104C20000020CDE90010064B6A462946304601F0C7
:104C300085FA002C02D0009A002111707CBD000082
:104C4000436801084100080218BF04200A0E18BF7B
:104C500040F001004FF07F4232EA010108BF40F00E
:104C60000200012808BF052070470146C1F3C75064
:104C7000FF2801D0012070470020FCE70146C1F366
:104C8000C750FF2801D0012070470020FCE70146F3
:104C9000C1F3C750FF2801D0012070470020FCE776
:104CA0000146C1F3C750FF2801D001207047002002
:104CB000FCE70146C1F3C750FF2801D0012070472F
:104CC0000020FCE702480068C0F3022070470000A3
:104CD0000CED00E010B5002804DB0A07130E054AAE
:104CE000135406E00A07140E034A00F00F031B1FBB
:104CF000D45410BD00E400E018ED00E09FED4B0A35
:104D000063E000BFD2ED003A91ED004A92ED013A26
:104D1000D1ED011A04EE230A92ED022AD1ED022A06
:104D200092ED031AD1ED030A92ED044A01EE830AD3
:104D3000D1ED043A92ED053AD1ED061A02EE820A5F
:104D4000D1ED052A92ED062A00EE810A92ED071AAE
:104D5000D1ED070A03EE840AD2ED083A91ED094A33
:104D600002EE830A91ED083AD2ED0A2A01EE820A98
:104D700091ED0A2AD2ED0B1A00EE810AD2ED090A52
:104D800091ED0B1A03EE230AD2ED0C3A91ED0D3A98
:104D900004EE200A91ED0C4AD1ED0E0A02EE220A31
:104DA00092ED0D2AD2ED0E2A01EE210A92ED0F1A94
:104DB000D1ED0F1A40314032103B04EE230A03EECE
:104DC000020A00EEA20A01EE810A102B9AD21AE022
:104DD000D1ED000A92ED001AD1ED011A92ED012AEF
:104DE00000EE810AD1ED020A92ED021A01EE820A6A
:104DF000D1ED031A92ED032A103110321B1F00EE81
:104E0000810A01EE820A042BE2D206E0F1EC010AEB
:104E10005B1EB2EC011A00EE810A002BF6D1D0ED38
:104E2000000A30EE800A80ED000A704700000000A2
:104E300070B54FF068422DED048BF0EE408A18EE0D
:104E4000900AB0EE608A18EE101A02EB4003B3F13C
:104E5000654F3CBF02EB4102B2F1654F7DD200BF0E
:104E6000C0F3C753C1F3C7529A1A1B2A09DD10F0C9
:104E7000004F14BF9FED830A9FED830ABDEC048BA6
:104E800070BD12F11A0F36DA11F0004F09D010F090
:104E9000004F0CBF9FED7D0A9FED7D0ABDEC048B9A
:104EA00070BD88EE889A19EE100AFFF7CBFE042831
:104EB00008BF00F0FFFB18EE900AFFF7C3FE05469F
:104EC00018EE100AFFF7BEFE044619EE100AFFF7AF
:104ED000B9FE042D18BF052D08D1042C18BF052CD0
:104EE00004D1002804BF022000F0A6FCB0EE490A5D
:104EF000BDEC048B70BD4200B2EB410F3AD910F00B
:104F0000004F19BFDFED630A9FED630ADFED630A0F
:104F10009FED630AB0EE481A0A46B1EE688A80F047
:104F20000041F0EE418A10460A1A5200B2F1807F29
:104F300034D2484010F0004FDFED5A1A9FED5A2A44
:104F40001DBF9FED5A1A70EEE10A30EE420A9FED46
:104F5000581A08BF70EEA10A00E040E008BF30EE2A
:104F6000020AB0EE682A01EE482A08EE818AC2EEF3
:104F7000081A15E011F0004F04BF9FED4E0AF0EE45
:104F8000400AD1D010F0004F19BFDFED4B0A9FED62
:104F90004B0ADFED4B0A9FED4B0AC5E7C8EE881AB6
:104FA00021EEA11A9FED482ADFED482A41EE022AA0
:104FB0009FED472A01EE222ADFED462A41EE022A22
:104FC0009FED452ABDEC048B01EE222A21EE811AC9
:104FD00001EE020A30EE210A30EE200A70BD4FF0D9
:104FE0007F42B2EB400F28BFB2EB410F09D2F0EE87
:104FF000480AB0EE680ABDEC048BBDE8704000F0D2
:1050000045BB40EA01035B0008BF41F0FF410BD004
:10501000B2EB400F08BFB2EB410F08D120F0804047
:1050200008EE900A21F0804108EE101A18E7B2EB62
:10503000400F12BF5FEA410340F0FF4001F0004122
:105040003FF40EAFB2EB410F12BF5FEA400200F037
:10505000004041F0FF413FF403AF4A0092EA4003B1
:105060003FF5FEAE002AACBF9FED1C0A9FED1C0A67
:1050700068EE808A28EE008A18EE900A18EE101A60
:10508000EEE60000DB0FC9BFDB0FC93FDB0F494075
:10509000DB0F49C00000C9BF22AAFDB90000C93F0B
:1050A00022AAFD390060ED3EC30ACE37000000BFE2
:1050B0000000003F00000000000049C022AA7DBAA5
:1050C0000000494022AA7D3A2DAD65BD8FB8D53D7F
:1050D0000FB511BE61C84C3EA8AAAABE0000804F01
:1050E0000000802F10EE101A08B5434A6846B2EB54
:1050F000410F26D94FF0E640B0EB410F94BF00209E
:105100004FF0FF3000900098DFED3C0A002860DB94
:1051100010F0010F46D060EE000ADFED391A9FED66
:10512000391A10F0020F00EEE11ADFED371A40EEE7
:10513000811A21EEA01AF0EE400A40EE010A2ED0AC
:1051400041E0324B21F0004293423FD911F0004F31
:10515000DFED2F0A20EE201ADFED2E0A19BF31EE07
:10516000601A71EE200A31EE201A71EE600ABDEE6F
:10517000E01A11EE100A9FED281A00F0030000EE6D
:10518000C10A9FED261A009000EEC10A9FED241A75
:1051900000EEC10A9FED231A00EEC10AB3E7F1EE5B
:1051A000600A10E020EE000A9FED1F1ADFED1F1AC3
:1051B00010F0020F40EE011A9FED1D1A00EE211AA9
:1051C00040EE010AEBD1B0EE600A08BD00F07AFAB9
:1051D00099E710EE100A4000B0F17F4FF3D307D1EA
:1051E0004FF0010000F028FBBDE8084000F052BA83
:1051F000BDE8084000F047BAB61F927E0000803F2D
:10520000336D4C39DA82083CA0AA2ABE490E4946C1
:1052100083F9223F0000004B0000C93F00A0FD3988
:105220000020A2331A61342CB93AB2BACA9F2A3D7F
:10523000DDFFFFBE10B510EE104A4FF0194068496F
:10524000002200EB44002DED028B884257D8DFEDA1
:10525000650A14F0004F60EE200A14BF9FED621A39
:105260009FED621A71EE200AFDEEE00A10EE900A40
:1052700000EE900AF8EEE00A9FED5D1A00EEC10A1A
:105280009FED5C1A00EEC10ADFED5B0A9FED5B1A31
:1052900000EE201ADFED5A0A40EE010A9FED591A7E
:1052A000594B00F0030100EE201A21EE000A7B4466
:1052B00003EB8103D3ED000A544B7B4403EB8103E2
:1052C00093ED001A524B41EE000A7B4403EB81013F
:1052D000801091ED000A70EE800AEABB00EE100A21
:1052E000B8EEC01ADFED4B1A9FED4B0ABDEC028BF6
:1052F00001EE210ABCEEC00A20EE200A10BD4FF0DC
:10530000FF40A0431BD04FF0CE40B0EB440F82BF14
:105310009FED420ABDEC028B10BD4148B0EB440F3B
:1053200028BF012293D2022000F086FA14F0004F29
:1053300015D0BDEC028BBDE8104000F0BBB914F5F0
:10534000000F02BF9FED370ABDEC028B10BDBDEC14
:10535000028BBDE8104000E007E000F094B9BDEC1E
:10536000028BBDE8104000F09DB900EBD0735910DE
:105370004FF07E5202EBC15100EE101AA0EB630019
:1053800002EBC05060EE200A00EE100A20EE208AE8
:1053900018EE100A88B118EE100AB0F1FF4F15D0C0
:1053A00018EE100AFFF74EFC042808BF00F082F93F
:1053B000B0EE480ABDEC028B10BD022000F03CFAB2
:1053C000BDEC028BBDE8104000F074B9022000F083
:1053D00033FABDEC028BBDE8104000F063B9000069
:1053E0000000501E3BAAB840000000BF0000003F74
:1053F0000070313EF4FD053712BB2A3D12BB2A3E38
:10540000FFFFFF3EFFFF7F3F4EE7020052E7020033
:1054100022E702000000004B00007E4E0000803FAB
:105420000000A0850000000010B52DED028BB0EE4D
:10543000608AF0EE408A18EE101A18EE900AEBF728
:1054400065FA00F07040B0F1005F0CD018EE100A61
:1054500020F00040C0F1FF40C00F02BFB0EE480A8C
:10546000BDEC028B10BDB0EE680ABDEC028B10BD26
:1054700010B52DED028BB0EE608AF0EE408A18EE8A
:10548000101A18EE900AEBF741FA00F07040B0F1F4
:10549000004F0CD018EE100A20F00040C0F1FF4081
:1054A000C00F02BFB0EE480ABDEC028B10BDB0EEDB
:1054B000680ABDEC028B10BD00B510EE101A2DED80
:1054C000028B81B0524A6846B2EB410F2ED94FF0A1
:1054D000E640B0EB410F94BF00204FF0FF3000904A
:1054E0000098B0EE408A00286ADB10F0010F4BD024
:1054F00068EE080A9FED471A9FED470A00EE810A01
:105500009FED461A00EE801A9FED450A10F0020F3B
:1055100000EE810A02BF01B0BDEC028B00BD00BFEE
:1055200001B0B1EE400ABDEC028B00BD3D4B21F055
:105530000042934241D911F0004FDFED3B0A20EECB
:10554000201ADFED3A0A19BF31EE601A71EE200A17
:1055500031EE201A71EE600ABDEEE01A11EE100A6B
:105560009FED331A00F0030000EEC10A9FED311ADF
:10557000009000EEC10A9FED301A00EEC10A9FEDC7
:105580002F1A00EEC10AABE728EE080A9FED2C1A8D
:10559000DFED2C0A10F0020F40EE410A9FED2A1AAF
:1055A00000EE201A61EE000AB0EE480A08EE200A6A
:1055B000B6D101B0BDEC028B00BD00F083F88FE7DF
:1055C00018EE100A4000B0F17F4F0DD218EE100A0D
:1055D000FFF738FB042808BF00F06CF8B0EE480A6B
:1055E00001B0BDEC028B00BD09D1012000F024F90F
:1055F00001B0BDEC028B5DF804EB00F04BB801B0DC
:10560000B0EE480ABDEC028B5DF804EB00F03BB84D
:10561000B61F927EB93AB2BACA9F2A3DDDFFFFBEDD
:105620000000803F490E494683F9223F0000004BAD
:105630000000C93F00A0FD390020A2331A61342CBC
:10564000336D4C39DA82083CA0AA2ABE10B52DED84
:10565000028BB1EEC08A18EE100A20F00040C0F1B3
:10566000FF40C00F0AD010EE100A20F00040C0F139
:10567000FF40C00F04BF012000F0DEF8B0EE480A82
:10568000BDEC028B10BD30EE000A704730EE200AF0
:1056900070470000DFED020A80EEA00A70470000AC
:1056A000000000009FED020A20EE000A7047000093
:1056B000000000709FED020A20EE000A7047000013
:1056C000000000102DE9F0014FF07F42B2EB410FD6
:1056D0009FBF4FF0FF310160BDE8F00170474FF010
:1056E000004242EA0123C1F3C752783A551112F041
:1056F0001F0C434CCCF120067C44C1F3C752A2F1ED
:1057000078024FEA621204EB820254F8254008BF87
:10571000D2E9015612D0556804FA0CF425FA06F7BE
:105720003C43976805FA0CF527FA06F8D26807FAA1
:105730000CFCF24045EA08054CEA0206A4FB034CC7
:10574000A5FB0352A6FB03631D449D4234BF012603
:1057500000261319334416B1934202D903E0934251
:1057600001D2012200E00022624402F1200C9206E4
:10577000DC0C42EA443200EE102A5B03DFED210A22
:10578000F8EEC01A00EE103A4FEA9C1C11F0004FE0
:10579000B8EE400AC0F800C020EE201A00EE105A01
:1057A000DFED190AB8EE400A20EE200A71EE810AF8
:1057B00070EE800A10EE902A02F500626FF30B0281
:1057C00000EE902A70EEE11A31EEC11ADFED101AE8
:1057D00030EE411A9FED0D0A20EE800A01EE210AFB
:1057E0009FED0C1A00EE810A04BFBDE8F00170477E
:1057F000CCF180510160BDE8F001B1EE400A704784
:1058000024E30200000000360000802C22AAFD29BB
:10581000DB0FC92F0000C92F02E008C8121F08C102
:10582000002AFAD170477047002001E001C1121F21
:10583000002AFBD170470000014908607047000052
:105840003410002010B54169044688472069A04201
:1058500000D1002010BD00002DE9F04F00260F46BA
:1058600099B00546B04634464DE000BFA868C4EB89
:10587000C4028946D0E9013C03EB82000B902D481D
:105880000FAA02920CEBC40A51F8082F006A49686B
:105890000C91110A61F31F201C21834604A8EAF72A
:1058A000EBFDD9F81800006801F032F80490D9F83F
:1058B0001800806805905FEA0A0009D0C0F80080EF
:1058C000D9F80010416029B1498819B1012102E0DD
:1058D000404603E00021016001B900200690D9F89C
:1058E00018001C2204A94068CDE9080B0C980A9006
:1058F0000298EAF79AFD0B981C220FA9EAF795FD8A
:10590000761CB6B2641C0DB1288800E00020A042CD
:1059100005D9686818B150F824100029A6D11EB125
:10592000A8684068386001E0C7F8008019B03046C8
:10593000BDE8F08F883904082DE9FF5F82B00021AF
:10594000DDE90430020DDDF840B0034318D044F621
:105950001050A2F2FF3242431514119801281FD0B3
:10596000A5EB0B00401C5FEA000A4FF000064E4F0B
:10597000DFF83891B046504615D5CAF1000413E05F
:10598000119801244AA3012801D16FEA0B01029862
:10599000119AC0E90031C0E9024206B0BDE8F09FAB
:1059A000CBF10000DFE704460021404A491842EBF2
:1059B0000450CDE9001012E0E00707D032463B4624
:1059C00040464946EAF791FE8046894632463B46C4
:1059D00010461946EAF789FE06460F466410002C69
:1059E000EAD1DDE90401DDE90023BAF1000F06DAAE
:1059F000EAF77BFE42464B46EAF777FE05E0EAF718
:105A0000E6FE42464B46EAF7E2FE04460E46002218
:105A1000284BEAF763FF03D84FF0FF30014607E059
:105A20000022254B20463146EAF7B8FDEAF73EFF53
:105A3000102409E0002C0ADB0A220023EAF7C4FC48
:105A4000039B30321A55641E50EA0102F2D1641CE5
:105A5000039AC4F111031444119A012A03D00122BC
:105A600008430DD10AE0084304D000204FF0110B89
:105A7000119072E7A3EB0B056D1E0DE05B4504DD95
:105A80004FF0000205F1010504E003DA4FF00002D7
:105A9000A5F10105002AECD002981199C0E9023164
:105AA000C0E9004579E70000000014400000F03F25
:105AB000300000000000F0430000E03FC0F343422C
:105AC0004FF00001042A01D0082A06D1C0F3C61203
:105AD000C0F341500121C240914008467047000088
:105AE0002DE9F0478246089D25F00100EC0803EB04
:105AF00080099FED450A55E001C993ED001A00F0B9
:105B00000F07C0F3031602EB870702EB8606D3EDFF
:105B1000014AD6ED000AD7ED001AC0F3072C00EEBB
:105B2000810A4FEA1C1C93ED025A02EB8C07C0F36A
:105B30000328D7ED000A01EEA40A02EB880693EDD4
:105B4000033AD6ED002AC0F3074C93ED044A00EE69
:105B5000850A4FEA1C1CC0F3034702EB8C0C02EBD6
:105B600087079CED002A02EE830A97ED001AD3ED19
:105B7000053A060FD3ED064A02EB860602EE040A4A
:105B8000D6ED001AC0F3036093ED075A02EB8000D4
:105B9000203301EE230AD0ED000A641E01EEA40AB0
:105BA00000EE850A002CA7D116E000BF11F8010B0A
:105BB00093ED002A93ED011A040900F00F0002EBA7
:105BC000840402EB8000D4ED001AD0ED000A083303
:105BD00001EE820A00EE810A4B45E7D3E8070AD0BE
:105BE00011F8010B93ED001A000902EB8000D0EDD3
:105BF000000A00EE810ADAED000A084630EE800A5B
:105C00008AED000ABDE8F08700000000F0B5044608
:105C10009FED3E0A059D03EB8500103827E00E78C6
:105C200093ED001A4F7802EB8606D3ED012AD6EDEC
:105C3000000A02EB870611F802CF00EE810A96ED0A
:105C4000001A02EB8C0791F801C093ED022AD7ED00
:105C5000000A02EB8C0601EE220AD3ED031A891C1E
:105C6000103300EE820AD6ED000A00EEA10A83424C
:105C7000D5D915F0030041D0012804D002280DD059
:105C800003283BD11EE011F8010B93ED001A02EB43
:105C90008000D0ED000A00EE810A2FE00878D3EDF5
:105CA000001A4D78891C02EB8000D3ED010A90EDBB
:105CB000001A02EB850001EE210A90ED001A01EEB8
:105CC000200A1BE0087893ED002A4D7802EB800053
:105CD0008E7893ED011AD0ED001A02EB8500D3ED1A
:105CE000020A01EE820AD0ED001A02EB8600C91CFE
:105CF00001EE810A90ED001A01EE200AD4ED000AAF
:105D0000084630EE800A84ED000AF0BD0000000075
:105D100070B5054648880C466988884202D9A2B108
:105D2000002070BD8AB100260BE06168C6EBC6009A
:105D30006A6801EB800102EB80001C22EAF775FB28
:105D4000761C6088B042F0D801E0606868606088C6
:105D5000688020882880012070BD000030B500B325
:105D6000F9B1F2B15268E2B10F4C1368A34203D00B
:105D70000129026013D014E00023121D07E000BFC8
:105D800052F82350A54204D040F823505B1C8B42AC
:105D9000F6D38B4205D152F82300A04201D1012055
:105DA00030BD002030BD0000DECAFAA170B506008B
:105DB0000D4614461AD0CCB1104600F053FE00B187
:105DC0006088A84212D10421002309E0C3EBC3027A
:105DD000606801EB8202805820B146F823005B1C0A
:105DE000AB42F3D3AB4201D1012070BD002070BDA6
:105DF0000349884201D1012070470020704700000C
:105E0000DECAFAA12DE9FE4F04009246894603D06E
:105E1000208E20B1656B03E00020BDE8FE8F0025D9
:105E2000217C00206083C9432083880702D0302270
:105E30001121DCE0B9F1000F62D0002D60D028887C
:105E4000C8B3D9F818000026D0F8008056E0A8683A
:105E5000006800EB0610019052D060B3C6EBC6009C
:105E60000290012109EB8000009000F005FE02463F
:105E7000DBF8180041688A421AD8009ADBF80C3027
:105E80009269DF68D2F80CC0674511D19F68D2F8DB
:105E900008C067450CD15B685268934208D100681E
:105EA00000F026FD0746584602F0DCFD874203D28B
:105EB000182212219BE023E0DBF81800006800F0B4
:105EC00027FD0299C00159F82110B0EBC11F01D084
:105ED0001922EEE70098406890B100988069006848
:105EE00080B14045414600D208465A468046DDE929
:105EF000001000F08FF806F101062DB1288804E0AB
:105F00001722D6E72122D4E70020B04206D96868DC
:105F100020B150F826B0BBF1000F98D1BAF1000FB4
:105F200073D0208E012806D9656B0C3503D02888E4
:105F300008B1002657E0182258E0A868006800EB76
:105F4000061B39D0BBF1000F36D0C6EBC60001905E
:105F500001210AEB8000009000F08EFDD9F8183086
:105F600059688842E7D8009AD9F80C009269C76846
:105F7000D2F80CC06745DED18768D2F808C0674503
:105F8000D9D1406852689042D5D1186800F0B0FC71
:105F90000746484602F066FD8742CCD3D9F8180080
:105FA000006800F0B5FC0199C0015AF82110B0EB6F
:105FB000C11F03D0192219E0172217E0009840688A
:105FC0000028F9D000988069006870B140454146CA
:105FD00000D20846009980464A46584600F01AF812
:105FE00006F101063DB1288806E021221321204652
:105FF00001F042F810E70020B04206D9686820B1ED
:1060000050F82690B9F1000F97D14FF00100A4F895
:10601000188002E770B50E4604461546104602F099
:1060200021FDA0600146B06900684843E0607168E6
:106030006160726810442060A8690268920007D409
:10604000D0E90223D21A11448160A9696068C8604E
:1060500070BD2DE9F0410025064620E0B268816957
:1060600013680A6803EB0514920005D58968D4E922
:10607000010205F00DF908E0D1E902236768D21AA0
:106080003A448A6080696168C16094E807001144FD
:106090006160814201D3E168411A61606D1C0EB1FB
:1060A000308800E00020A84206D97068002803D09C
:1060B00050F825000028D1D1BDE8F0812DE9F0414C
:1060C000002506462BE0B26888691268036802EB77
:1060D00005149A000FD58068D4E9011205F0D8F8AC
:1060E000D4E90101084460602168884201D3E06876
:1060F000081A606012E0D4E90020A36818446060C8
:10610000904201D3E068101A60608A69D2E90237D0
:10611000DB1B1844906089696068C8606D1C0EB113
:10612000308800E00020A84206D97068002803D01B
:1061300050F825100029C6D1BDE8F0812DE9FF4FA8
:1061400095B09A46884606460025EEE1252877D187
:1061500000242746F94A0121039400E0044316F87D
:10616000013F203B01FA03F01042F7D130782A2892
:1061700011D06FF02F033078A0F13002092A16D821
:10618000039A44F0020402EB820203EB4202104441
:10619000761C0390EFE758F8042B0392002A03DAE9
:1061A000504244F40054039044F00204761C3078CA
:1061B0002E2816D116F8010F44F004042A280DD019
:1061C0006FF02F023078A0F13003092B09D807EBCC
:1061D000870302EB4303C718761CF3E758F8047BE8
:1061E000761C30786C280FD006DC4C2817D0682835
:1061F0000DD06A2814D104E0742810D07A280FD169
:106200000DE044F400140AE044F4801401E044F486
:1062100040147278824202D104F58014761C761CF8
:10622000307866280BD013DC582877D009DC00289A
:1062300075D04528F6D04628F4D047281AD193E1E6
:1062400018E0632835D0642879D0652812D18BE115
:10625000702873D008DC6728F1D069286FD06E28C9
:106260000DD06F2806D1ACE073282CD0752874D0DF
:10627000782853D05246179990476D1C54E1C4F3C7
:106280000250022809D003280DD0D8F800100428A5
:106290000DD00D6008F1040846E1D8F80010EA17A7
:1062A000C1E90052F6E7D8F800100D80F2E70D7052
:1062B000F0E718F8041B8DF8001000208DF801009D
:1062C000EB46012003E058F804BB4FF0FF306107B4
:1062D0004FF0000102D40DE009F101018946B942F5
:1062E0000FDA8145F8DB1BF809100029F4D108E02A
:1062F00009F1010189468142FADB1BF809100029E6
:10630000F6D103985346A0EB090721463846179A61
:1063100000F080FA284400EB090507E044E008E1BA
:106320000DE01BF8010B524617999047B9F101098E
:10633000F7D2534621463846179AF2E039E00A214F
:10634000C4F302524FF0000B0091022A06D058F815
:10635000040BC117032A09D00AE023E008F1070063
:1063600020F00702F2E80201904605E000B2C117F2
:10637000042A01D140B2C117002906DA0A460021D9
:10638000404261EB02012D2202E0220504D52B22BE
:106390008DF80420012203E0E20701D02022F7E774
:1063A000914657E00A2100E010214FF0000B0091C8
:1063B0000BE010214FF0000B44F00404082700917B
:1063C00003E008204FF0000B0090C4F30252022AB1
:1063D00005D058F8040B0021032A08D008E008F182
:1063E000070020F00702F2E80201904603E080B2C5
:1063F000042A00D1C0B24FF0000922072AD5327812
:10640000702A07D0DDF800C08CF0100C5CEA0B0C91
:1064100005D00EE040228DF80420012208E050EA69
:10642000010306D030238DF804308DF805200222B8
:106430009146009B83F0080353EA0B030AD150EA0C
:10644000010201D1620705D530228DF804204FF0FA
:1064500001097F1E3278582A04D039A20C920CAA66
:1064600002920BE03BA2F9E75B46009AE9F7ACFF2A
:106470000C9B9B5C029A521E0292137050EA01021E
:10648000F2D1029804A9081A00F1200B600702D586
:1064900024F4803400E001275F4502DDA7EB0B0008
:1064A00000E0002000EB0B01009003984944401AE3
:1064B0000390E00306D453462146179A039800F050
:1064C000A9F90544002706E001A85246C05D1799C6
:1064D00090476D1C7F1C4F45F6DBE0030CD55346FF
:1064E0002146179A039800F095F9054404E03020FE
:1064F0005246179990476D1C0099481E009000293C
:10650000F5DC08E00298029952460078491C029195
:10651000179990476D1CBBF10001ABF1010BF1DC49
:106520005BE100F065F90544761C307800287FF4C3
:106530000DAE19B02846BDE8F08F00000928010013
:1065400030313233343536373839616263646566E9
:1065500000000000303132333435363738394142AB
:106560004344454600000000600700D4062708F1B8
:10657000070020F00700F0E80223804603F0004CFB
:106580005FEA0C0001D097A009E0200501D596A094
:1065900005E0E00701D095A001E0AFF24C001390B8
:1065A000307823F0004365280CD006DC452809D05C
:1065B00046281DD047287FD13BE0662818D06728A1
:1065C0007AD136E00021112F01DB112000E0781C88
:1065D000CDE9000104A90CA8FFF7AEF9DDE90D0132
:1065E0000C9A4FF0000B07F10109109200914EE058
:1065F0004FF000400097CDE9011004A90CA8FFF767
:106600009BF9DDE90D020C9B0F994FF0000B9146B1
:106610001093009211B9791C00EB0109B7EB090046
:1066200003D4C0F1FF3B07F10109A9EB070001907A
:1066300042E0012F00DA01270021112F01DD112096
:1066400000E03846CDE9000104A90CA8FFF774F971
:10665000DDE90D010C9A00914FF0000BB946109244
:1066600021070FD4009A4A4503DA914601E0A9F1C7
:106670000109B9F1010F05DD109AA9F10101515C81
:106680003029F4D0B84202DA10F1040F03DA012104
:10669000CDE9011010E0002803DC8344A9EB0001E0
:1066A00002E0411C494500DD8946A0EB0B00401C7F
:1066B00001904FF000400290200705D40198484512
:1066C00002DB4FF0FF30019000208DF84B00029864
:1066D0000DF14B07B0F1004F25D002200C902B207C
:1066E0000D90029800280CDA404202902D200D9067
:1066F00007E00A210298E9F7E5FE3031029007F839
:10670000011D0C99481E0C900029F2DC029800280B
:10671000EFD1791E0D980870307800F0200040F01D
:10672000450007F8020D11A8C01BC01D0290139868
:10673000007800B1012000EB0901019801EBE07144
:10674000029801440398401A401E0390E00306D4C7
:1067500053462146179A039800F05CF805441398B5
:10676000007818B15246179990476D1CE00323D565
:1067700053462146179A039800F04CF805441BE055
:10678000BBF1000F07DB0098584504DD10981799FE
:1067900010F80B0001E017993020524690470198FD
:1067A0000BF1010B401E05F10105019004D12E20D3
:1067B0005246179990476D1CB9F10001A9F10109E2
:1067C000DEDC05E017F8010B5246179990476D1C67
:1067D0000299481E02900029F4DC53462146179A7C
:1067E00003989EE62D0000002B0000002000000012
:1067F0002DE9F041044600251E461746880404D4BE
:1068000005E039462020B0476D1C641EF9D52846A6
:10681000BDE8F0812DE9F041044600251E46904672
:10682000C80301D5302700E02027880404D505E0FF
:1068300041463846B0476D1C641EF9D52846BDE870
:10684000F0814A68002A06D00A68531C0B60107059
:106850004868401E48607047D0ED000A9FED121A4C
:1068600060EE810AF5EEC00AF1EE10FA04D0DFED19
:106870000E0AC0ED000A7047D0ED000AF4EEC00A1F
:10688000F1EE10FA01DD80ED000AD0ED000AB1EE64
:10689000401AF4EEC10AF1EE10FA03D2F1EE400A0A
:1068A000C0ED000A00BFE6E70000000002F0A0FF14
:1068B00000BF4FF0FF310348006802F055FE02F0C0
:1068C00021FFF6E70801002070B579B1C0F3C615C5
:1068D000C0F341526943C91D21F00704D440FFF7BA
:1068E000EDF800FB0540C01DC00870BD002070BD64
:1068F00059B1C0F3C613C0F341525943C91D21F029
:106900000700D040C01DC00870470020704700003D
:10691000C0F3434102294FF0400130B519D03B4A42
:1069200020F07E434D019C1A934263D028DC384A04
:106930009342A3EB02045DD018DC402B5BD0403BBC
:10694000B3F5802350D0802B3DD0B3F5806F52D16A
:1069500034E0C0F3C051C0F3C612C90500F07F0394
:1069600041EAC211194341F4802144E0A4F5407486
:10697000F93C26D00F2C3AD0AC423CD125493AE024
:10698000254BE21A9C4229D00CDC244AA21813D0D1
:10699000B2F5F83F1FD0224BD2181AD0B2F5607F63
:1069A00029D112E0A2F54072F93A10D00F2A18D07E
:1069B000AA4220D11B491EE01B491CE01449C91FF3
:1069C00019E01A4917E01A4915E01A4913E01A4963
:1069D00011E01A490FE0194980390CE01549C91D29
:1069E00009E015490F3106E01149803903E00F49EC
:1069F0000F3100E0114600F0804200F000530A43DE
:106A0000134300F00060184330BD0000400406004E
:106A1000470404004010040007007E0000F483FFD8
:106A2000800FFEFF401084004010820040080400E8
:106A3000C00004004004840040088400C0008400BA
:106A400070B514460D46064600F00CF840B170686B
:106A5000C5EBC50110EB810002D04460012070BD80
:106A6000002070BD28B1416819B1408808B10120EB
:106A70007047002070470000020010B52AD010684F
:106A8000154BB3EBC01F03D0144BB3EBC01F01D1A8
:106A9000012000E0002008429069406802D01F30C9
:106AA00020F01F005369D9B2012900D000211B0A30
:106AB00007E0012907D0946954F821406043491C3C
:106AC0001AB11C4602E00124F8E700248C42F0DCF5
:106AD000002800DC002010BD0060004200600002C1
:106AE00009A108B50968009148B101789DF8002016
:106AF000914204D104226946E9F7C9FC08B100209B
:106B000008BD012008BD0000038404842DE9F04184
:106B1000066C0025816B0446C163CEB1D9B101205A
:106B2000626CB0470CE00220626CB047E06BFEF78D
:106B300089FE0746626C0320E16BB0476D1CE7637A
:106B4000E16B0029EFD106E0FEF77CFE6D1CE063EF
:106B5000E06B0028F8D12846BDE8F081034600200C
:106B6000996B002908D00A69401CCB608A4203D087
:106B7000002A01D01146F6E770472DE9F041846BF9
:106B8000002594B1012600272079C00707D0216A8B
:106B9000204611B18847304600E038460544206958
:106BA000A04202D008B10446EEE72846BDE8F081D5
:106BB0003EB504460D46002005210123044ACDE9D7
:106BC00000102946204600F01DF902903EBD00004D
:106BD000900F0020F0B58FB004460E4617460021F6
:106BE0002046FFF7E5FF0E900E98C0B210B10E9848
:106BF0000FB0F0BD684600F031F828B9206800F009
:106C000045F80E900E98F3E7002507E056F825208A
:106C1000294603A8FFF714FF681C85B21EB1BDF812
:106C20000E00A842F2DC002507E057F8252029468F
:106C300001A8FFF705FF681C85B21FB1BDF806006B
:106C4000A842F2DC6946206800F027F818B92068ED
:106C500000F01CF80E900E98CAE700001FB504461D
:106C600014B9002004B010BD074903C9CDE90201E1
:106C70000549083103C9CDE9000102AA6946204649
:106C800000F054F8EEE70000C8DA010838B5044611
:106C9000204600F005F9009038BD2DE9F041064688
:106CA0000F463946304600F009F90546012415B96A
:106CB0000020BDE8F0813946284602F0BFFA0440C2
:106CC0003946284602F0F8F90440304600F082F9CF
:106CD00004402046EDE7000070B504460D4614B9A7
:106CE000034C044820602946204600F069F870BD36
:106CF000900F00200001C0A170B504460D4614B9E4
:106D0000034C044820602946204600F0BBF970BDC2
:106D1000900F00200001C0A170B504460D46164634
:106D200032462946204600F07DF970BD10B570B19D
:106D300069B162B1074C01230460D1E90041C0E9A7
:106D40000141D2E90012C0E90312184610BD00202B
:106D500010BD0000DECAFAA1016810B1024A8A43E0
:106D600000D00020704700000001C0A130B44AB13B
:106D700040B139B1074C1368A34206D130BC0C3284
:106D8000FFF714B830BC0020704730BC1C32FEF74F
:106D9000E5BF0000DECAFAA130B44AB140B139B152
:106DA000064C1368A34206D130BC121DFEF7FEBF8D
:106DB00030BC0020704730BCFEF7D0BFDECAFAA15D
:106DC000F8B50E46FFF7C8FF04000AD00027009769
:106DD000208E00B1606B6946FEF73EFD050006D0CF
:106DE0000BE01022114600F047F90020F8BD1822F0
:106DF0002046112100F040F9009706B13580009837
:106E0000F8BD00002DE9F04F89B04FF0000A0500F1
:106E10005746214E9146DDE9121063F307075446A9
:106E20009B46019161F30F27039060F3174718D039
:106E3000C5F8009001F00CF8B8B10022B046B68A4F
:106E4000C7F30721F8B200F04EF900220746C6F357
:106E50000721F0B200F047F9874208D0D8F8044083
:106E60000EE0F06909B0BDE8F08F346808E00BA0CF
:106E7000006800906846FFF733FE18B9D8F808405C
:106E8000C5F800A05846039A019900F02CF9C9F8FA
:106E900008002046E6E700008839040803840484DB
:106EA00010B5FFF759FF20B1BDE810400C3000F0DD
:106EB000C9BF0148806910BD883904082DE9F04F29
:106EC00091B00C46FFF748FF050013D0B4B120681D
:106ED0003CA1FEF78DFF06004FF0000B11D020689B
:106EE0000190D4E90301CDE90401D4E90101CDE920
:106EF000020144E0002011B0BDE8F08F1122102102
:106F00005DE0D4F804A001212046FFF7B5FDD4F8D8
:106F100020908046012104F11C001090FFF7ACFD89
:106F20002A491422074607A8E9F77FFAB8F1000FAB
:106F30004FF0010002D0ADF8220002E00024ADF8CD
:106F400022B009941FB11099ADF82A0002E0002187
:106F5000ADF82AB0B9F1000F0B9102D10FB1132295
:106F600006E0BAF1000F05D1B8F1000F02D01222ED
:106F7000102123E0142207A901A8E9F756FA1449C1
:106F80002868884212D186F0010202A9144605F150
:106F90002000FEF7BDFE68B104A9224605F12800D5
:106FA000FEF7B6FE40B12846FFF7D8FD0320286162
:106FB0002846A0E7122200E013221621284600F0FE
:106FC0005BF897E7696E697400000000DC3904081B
:106FD0000001C0A170B5FFF7BFFE002807D0017CFB
:106FE000890705D41022112100F046F8002070BD59
:106FF0000B4A0168914211D10546FFF7BEFD286C8E
:1070000060B1AC6B54B1D5E91032002021469847ED
:107010002069A04202D008B10446F4E7012070BD07
:107020000001C0A170B513460D46FFF795FE04465A
:107030001A462946FEF7E6FE00281CD0208E08B12D
:10704000666B00E00026012802D9656B0C350DE067
:1070500000250BE03046FEF7FCFF2046FFF756FD0B
:107060002846FFF72BF8608B401C6083608B218BD8
:107070008842EFD380B270BD002802D00C3000F0FF
:10708000E9BE7047F8B50E46FFF766FE040007D06C
:1070900000270097208E012808D9606B0C3006E08D
:1070A00010221146FFF7E8FF0020F8BD00206946D6
:1070B000FEF7D2FB050005D1182220461121FFF76B
:1070C000DBFF009706B135800098F8BD01680246E5
:1070D0000120090A04E05368491E53F8213058433F
:1070E0000029F8D17047000640EA014040EA02203A
:1070F00070470000B0EE402A9FED244AF5EE003ABA
:1071000042EE043AF0EE630AFDEEE03A13EE901A16
:10711000F5EEC00AF1EE10FA00D2491E03EE901A05
:10712000F8EEE33A70EEE33AF0EE630ADFED183A78
:1071300020EEA31AFCEEC13A13EE902A90B2B0F5FD
:10714000007F06DB0020DFED123A71EE633AB0EE0D
:10715000631A03EE900AF8EE633A71EE631A0D4A71
:1071600002EB8002D2ED002A0A4B421C03EB8202A2
:1071700092ED003AF7EE003A73EEE13A63EEA23A8E
:10718000B0EE630A01EE830A7047000083F9223EE5
:107190000000004478CE0108B0EE402ADFED233A2B
:1071A00062EE233AF0EE630AFDEEE03A13EE901A37
:1071B000F5EEC00AF1EE10FA00D2491E03EE901A65
:1071C000F8EEE33A70EEE33AF0EE630ADFED183AD8
:1071D00020EEA31AFCEEC13A13EE902A90B2B0F55D
:1071E000007F06DB0020DFED123A71EE633AB0EE6D
:1071F000631A03EE900AF8EE633A71EE631A0D4AD1
:1072000002EB8002D2ED002A0A4B421C03EB820201
:1072100092ED003AF7EE003A73EEE13A63EEA23AED
:10722000B0EE630A01EE830A7047000083F9223E44
:107230000000004478CE010830B5B3B0544800686F
:1072400040F4805052490860EEF720FA054608E005
:10725000EEF71CFA401B142803D90020014633B076
:1072600030BD4B480068C0F340300028F0D0B82152
:1072700004A8E9F701F94FF400310020CDE904102A
:10728000239004A8EFF7DAFC10B100200146E6E7EE
:1072900000BF3F48DC30006840F040003C49DC3132
:1072A00008600846006800F04000019000BF00BF81
:1072B00037488430006840F0400035498431086028
:1072C0000846006820F0400008603248006840F03E
:1072D00080403049086030482E491031086047F23C
:1072E000742008602B48006820F08040294908601D
:1072F000EEF7CCF9054607E0EEF7C8F9401B142875
:1073000002D900200146AAE72248006800F0804028
:107310000028F1D11F48006840F004001D490860B2
:10732000002425E0EEF7B2F9054613E0EEF7AEF9DA
:10733000401B142805D81748001D006800F00600FF
:1073400040B11448006820F0040012490860002091
:10735000014684E70F48001D006800F00100002886
:10736000E4D00C480830006802A941F82400641CED
:10737000022CD7D30748006820F0040005490860B4
:107380000021DDE902020A430143104667E70000DD
:107390000044025800180248BC0A59172DE9F0436E
:1073A00093B0F04C04F1E40601F052FD81464FF435
:1073B0001772ED492046E9F738F8EC48D0F83472F6
:1073C000D0F830828068E949C1F83802002081F89D
:1073D0003C02484604F02AF80020E449A1F82802BB
:1073E000A1F82A020846D0F82C02401CC1F82C0251
:1073F000DF49E0A001F09EFC2046D0F85832394623
:10740000E6A0226801F096FCF04800900190F04858
:10741000407808B9EFA000E0F0A00246EC484078C0
:1074200008B9F0A000E0F1A001460823F14801F0FE
:1074300081FCF148012102220523CDE900210290BF
:107440001A460221ED4801F075FCED4801F072FC8E
:10745000EC4801F06FFCEC4801F06CFCEB4B642253
:107460004FF44031EA4801F065FCEA4801F062FC63
:10747000E94801F05FFCE94801F05CFCE84AE949B1
:10748000E9A001F057FCF34801F054FCF24801F088
:1074900051FC9FEDF20B8DED000B9FEDF00B53ECCB
:1074A000102B0A21EFA001F045FC0322AD49BC31AD
:1074B000FAA001F083FC0322AA49B031FAA001F03E
:1074C0007DFC0622A749C831FBA001F077FC04220D
:1074D000A449A031FCA001F071FC06223146FDA0B8
:1074E00001F06CFC062206F11801FEA001F066FC1A
:1074F000062206F13001FCA001F060FC032206F137
:107500004801FAA001F05AFC032206F15401FBA045
:1075100001F054FC042204F18C01FCA001F04EFCAB
:1075200000250CE004F18400405700EE100AB8EE8C
:10753000C00A0DA800EB850080ED000A6D1C062D29
:10754000F0D306220DA9F3A001F038FC4146F34820
:1075500001F0F0FB8348D0F85412F14801F0EAFB47
:1075600000250FE02B46EFA2102109A8FDF736FBFE
:1075700005EB8502ED4800EBC2010A2209A801F0E3
:107580001DFC6D1C062DEDD3E94801F0D3FBE94845
:1075900001F0D0FBE84801F0CDFBE84801F0CAFB60
:1075A0009FEDE70B8DED060B9FEDE70B8DED040BCB
:1075B000B1EE080B8DED020B9FEDE50B8DED000B91
:1075C0004FF4804242F21071E34801F0B3FBE3480C
:1075D000C0880090E148838842880188E0A001F0DB
:1075E000A9FB00252EE0D148203800EB051090EDD6
:1075F000000A8DED0D0ACD48203800EB051090ED06
:10760000010A8DED0E0AC948203800EB051090EDF7
:10761000020A8DED0F0AC548203800EB0510007BEB
:1076200000EE100AB8EE400A8DED100A2B46D4A2E7
:10763000102109A8FDF7D2FA04220DA909A801F02A
:10764000BDFB6D1C022DCED3D1A001F073FBE04831
:1076500001F070FB94ED070AB7EEC00A8DED060B42
:1076600094ED060AB7EEC00A8DED040B94ED050A01
:10767000B7EEC00A8DED020B94ED030AB7EEC00A17
:107680008DED000B94ED081AB7EEC11AB0EE410B68
:1076900053EC102BCFA001F04DFBDDA001F04AFB15
:1076A00000252BE004F1380000EB850090ED000A86
:1076B000B7EEC00A8DED040B04F1240000EB450089
:1076C00090F9010004F1240101EB450191F900104A
:1076D00004F13002525DCDE900210290CE4800EB6A
:1076E00085004388CC4830F825200DB158A000E033
:1076F00029A00146C94801F01DFB6D1C042DD1D302
:1077000094ED040AB7EEC00A8DED020B94ED020A67
:10771000B7EEC00A8DED000B627994F83410C048C2
:1077200001F008FB94F92F00009094F92E3094F9A1
:107730002D2094F92C10BB4801F0FCFABA4801F056
:10774000F9FA022204F16001B8A001F037FB94EDD0
:10775000130AB7EEC00A8DED020B94ED120AB7EED4
:10776000C00A69E178A90324C0A40324A80B00245B
:10777000144804087B2270726F746F636F6C5F76BD
:10778000657273696F6E223A312C226669726D7769
:10779000617265223A25732C0000000022636F6E2F
:1077A0006669675F6964223A256C752C226D616396
:1077B00068696E65223A222573222C226D61636806
:1077C000696E655F6964223A25752C00400D0300DF
:1077D00000000024747275650000000066616C731F
:1077E000650000007573625F6364630075617274A5
:1077F000000000003C420408404B4C00B04204082A
:10780000F03A0408003C04085C3C0408F04902001B
:10781000EC4504082C3F0408343E04089C3A040854
:10782000FC46040840470408226D6F64656C223AE8
:1078300025732C2267656F6D657472795F636F6E57
:107840006669675F736861323536223A2225732292
:107850002C000000D43D0408AC43040800000000E4
:1078600000005940227761726D75705F73746570A6
:1078700073223A25752C226F62735F636C697022E4
:107880003A252E39672C22616374696F6E5F636CD1
:107890006970223A252E39672C0000006779726FD3
:1078A0005F7363616C650000636F6D6D616E645F33
:1078B0007363616C650000006A6F696E745F766562
:1078C0006C5F7363616C65006F62735F64656661B2
:1078D000756C740070645F64656661756C745F6676
:1078E000770000006B7000006B64000077686565CE
:1078F0006C5F7069645F6C656674000077686565CD
:107900006C5F7069645F726967687400726C5F7A3B
:1079100065726F00726C5F7369676E00883B040864
:10792000684004087069645F25750000DCAA0324C0
:10793000D4410408A03E0408D03F0408443D040894
:10794000000000403333334000000000000042409C
:10795000000000E0CCCCFC3F4C44040860CE0108A1
:1079600022646A695F63616E223A5B5B25752C2530
:10797000755D2C5B25752C25755D5D2C0000000068
:107980006C65675F636F6E6669675F2575000000F1
:10799000226C65675F636F6E6669675F636F6C75A6
:1079A0006D6E73223A5B226C75222C226C67222C3E
:1079B000226F66667365745F70686930222C22637B
:1079C0006F6E66696775726564225D2C0000000049
:1079D000FC440408226D6F746F725F6C696D69748A
:1079E00073223A5B252E39672C252E39675D2C22B0
:1079F0006D69745F72616E676573223A5B252E391B
:107A0000672C252E39672C252E39675D2C00000048
:107A100022646D223A5B000068CE01081849040810
:107A200070410408E83C0408704504086761735F0E
:107A3000666F7263655F6E008DED000B94F96920CF
:107A400094F968101FA001F075F994F9751094F974
:107A5000743094F9732094F87200CDE906230891EC
:107A6000059094F871107020025D94F9813094F9BA
:107A70008000CDE902320491019094F97F000090DA
:107A800094F87E3094F87D207C20015D194801F047
:107A900051F994F97B1094F97A0094F97920CDE9A1
:107AA0000020029194F8783094F877207620015DD8
:107AB000114801F03FF9114801F03CF913B0BDE85D
:107AC000F0830000226761735F7369676E223A5B1F
:107AD00025642C25645D2C226C65675F6C656E6780
:107AE000746873223A5B252E39672C252E39675D21
:107AF0002C000000F84004081843040864490408F6
:107B0000F0EE401AF4EEC11AF1EE10FA02DDB0EE1A
:107B1000410A7047F4EEE01AF1EE10FA02D2B0EE2C
:107B2000600AF6E7B0EE610AF3E7F0EE401AF4EE11
:107B3000C11AF1EE10FA02DDB0EE410A7047F4EE20
:107B4000E01AF1EE10FA02D2B0EE600AF6E7B0EEFB
:107B5000610AF3E7F0EE401AF4EEC11AF1EE10FA02
:107B600002DDB0EE410A7047F4EEE01AF1EE10FAD1
:107B700002D2B0EE600AF6E7B0EE610AF3E700BFAA
:107B800000F004F8012001F089FCF9E710B5EAF7EC
:107B90008FFAE9F7B7FFF5F79FFAF4F7DDFBFCF78B
:107BA000D9FFF7F70DF9F7F75FFBF7F781FBF7F769
:107BB0002BFBF8F78DF9044614B1FCF781FD10E0BA
:107BC0000849497809B9012100E000210846FCF77D
:107BD0004FFF08B1FCF774FDFCF77EFD08B9F7F71D
:107BE000BBF910BDFA0000202DE9F0412B480078C8
:107BF000401CC0B2294908700A2801D2BDE8F081B2
:107C0000002026490870264800F050F84FF41771FC
:107C10002348F7F717FE044601F01AF905462148F4
:107C2000D0F8340230B11F48D0F83002A04201D061
:107C3000012000E0002006461A48806808B10120B3
:107C400000E0002007461748D0F8340200B18EB19A
:107C50004FF4177212491448E8F7E7FB1148C0F8CF
:107C60003042D0F83402401C0E49C1F834020120E1
:107C700081F83C02284603F0D9FB66B10948082187
:107C8000D0F83422072000F02DF90020F8F79EFBF1
:107C90003846F8F79BFB00BFB0E700006901002001
:107CA0001CA70324A80B0024C0A403242DE9F04141
:107CB000044600BFEFF31080074672B6A0225B486F
:107CC00001682046E8F7B1FB4422594904F1A000BD
:107CD000E8F7ABFB574890F8B802C4F85402F5F740
:107CE00077F9C4F85802D4F8540200EB4002504827
:107CF000603000EB4211602204F1E400E8F795FBEC
:107D000004F580704C4A92E80A10D268C0E9111359
:107D1000C4F84CC102654430DFF820C1DCE900231F
:107D2000DCE9021CC0E904238161C4F860C10025BC
:107D300074E005EBC501424800EB011696ED000A20
:107D400005EB850104F5B27000EBC10080ED000A7F
:107D500096ED010A05EB850104F5B27000EBC10058
:107D600080ED010A96ED020A05EB850104F5B2707B
:107D700000EBC10080ED020A96ED040A05EB8501D7
:107D800004F5B27000EBC10080ED030A96ED050A20
:107D900005EB850104F5B27000EBC10080ED040A2B
:107DA00096ED200A05EB850104F5B27000EBC100E9
:107DB00080ED050A96ED1F0A05EB850104F5B2700A
:107DC00000EBC10080ED060A96F8880000EE100A6C
:107DD000B8EE400A05EB850104F5B27000EBC10076
:107DE00080ED070A307B00EE100AB8EE400A05EB82
:107DF000850104F5B27000EBC10080ED080A04F5BE
:107E00008A7000EB850090ED000A05EB850104F512
:107E1000B27000EBC10080ED090A6D1C062D88D3FD
:107E200000BF87F3108800BFBDE8F081BCD7010810
:107E300098A8002024A60020D8A4002054A5002043
:107E4000A4A9002001680022027002600846704761
:107E500001207047037813F0FF0F01D00020704716
:107E60000170016862F31F2101600120704700006A
:107E700010B50448006890F89C0008B1F5F71CFEA6
:107E800010BD0000BCD7010810B50448006890F888
:107E90009C0010B10248F6F76FFA10BDBCD701087C
:107EA000DCA8002070B504460D4600F0D1FF064660
:107EB0000A4890F8200260B10848D0E90010002379
:107EC00059405840014304D02A4621460448F8F757
:107ED00011FA304603F0AAFA70BD0000A80B002486
:107EE000F00D00242DE9FC4704468946164600F0B3
:107EF000AFFF8246F7F73AFE1822CDE900010221D2
:107F0000244802F087FC24484069401C224A01466C
:107F1000506120481730F8F797F921461D481B306B
:107F2000F8F78EF949461B481D30F8F789F91A48C9
:107F3000816918481F30F8F787F91748C16A154852
:107F40002330F8F781F9504603F070FA31461148B2
:107F50002730F8F779F900210E482B30F8F774F93B
:107F6000022C05D10B48C06840F002000949C860E6
:107F7000002504E001210748FFF794FF6D1C022C47
:107F800001D0032C01D1032000E00120A842F1D848
:107F9000BDE8FC87D8AB0324A80B0024F0EE400A10
:107FA000B0EEE00A704700002DE9F04106460D46AC
:107FB000174600240EE025B105EB8401D1ED000A3F
:107FC00001E0DFED060AB0EE600A06EB8400F8F788
:107FD0002DF9641CBC42EED3BDE8F0810000C07FE7
:107FE0002DE9F04F2DED088B85B00190816908884F
:107FF00008B14E6800E00026012802D948680C301C
:1080000000E00020406800B100688346002001467F
:1080100008E092691268C2F34342012A00D00222AA
:108020001043491C0EB1328800E000228A4205D973
:1080300072681AB152F82120002AEAD1DBF8181030
:108040000B6889680091C3F34342012A11D00128CB
:1080500052D000BFDBF800005FEA000951D0D9F828
:10806000040070B3B9F8021059B30068D0ED008A6B
:1080700049E0012802D080073ED4EBE700252EE03E
:1080800001986769E368DBF80C20C16957F82100A3
:1080900053F8213052F8211000FB03F900FB01FADC
:1080A000A069D0E90001FEF70FFCB0FBF9F2A3696B
:1080B0000146009F9C6809FB1210081A04EB000897
:1080C00007E01EE04A463946204603F0E1F85744EF
:1080D0004C444445F6D300986D1C484400900EB1C2
:1080E000308800E00020A84206D97068002803D03C
:1080F00050F82540002CC3D105B0BDEC088BBDE87D
:10810000F08FF7EE008AB7EE00BAB6EE008AC3F33E
:10811000C050DFEDD69A9FEDD6AA0290002091E1E3
:108120000398B0EE4B9ADBF80C30C9EE28AA4469EC
:10813000C26801980399C069896954F8205053F8BE
:10814000203052F82020086805FB03F855434968A1
:10815000C0F34344FEF7B8FBB0FBF5F20399012CE2
:1081600089698C6805FB1202A0EB020004EB000792
:108170000AD00398006888B3416881B3428872B31B
:108180000A6892ED009A77E0E81705EB907081108D
:10819000029860B1B9F1000F3ED0D9F80400D0B315
:1081A000B9F80220BAB3406890F9003035E0B9F16F
:1081B000000F08D0D9F8040028B1B9F8022012B194
:1081C0004068007800E0002000EE100A0098A8EB5C
:1081D0000103B8EE400A30EE081A19E053E049E016
:1081E000002212E014F8015B521C00EE105AF8EE67
:1081F000400AB0EE410A00EEAA0ABDEEC00A10EE37
:10820000105A85F3080500F8015B8A42EADB18443E
:10821000BC42E5D32BE0FFE70023009825E00022D5
:108220001EE000BF14F8015B00EE103A00EE905A19
:1082300002F10102B8EEC00AF8EE600A00EEAA0AE6
:10824000F4EEC09AF1EE10FA7AFE080A30EE800AD7
:10825000BDEEC00A10EE105A05F3070500F8015BE9
:108260008A42DFDBA8EB01021044BC42D7D300985E
:108270000844E4E0B7EE009A29B142881AB149688F
:1082800091F9001000E00021B9F1000F09D0D9F8F0
:10829000042032B1B9F802301BB1526892F90020C3
:1082A00000E00022B4EE689AF1EE10FA11D191428A
:1082B0000FD10098039009E02A460146204602F0BB
:1082C000E7FF03992C4401EB08000390BC42F3D371
:1082D000B3E0029941B198B3416889B3408878B35B
:1082E000486890F9003055E030B1416821B14088CC
:1082F00010B14868037800E00023B9F1000F08D0FE
:10830000D9F8040028B1B9F8021011B14068027818
:1083100000E00022B4EE689AF1EE10FA11D1934217
:108320000FD10098039008E02A460146204602F04B
:10833000AFFF03982C4440440390BC42F4D37CE04C
:1083400027E0C9EE280A0098A8EB050C1EE00021E2
:1083500019E000BF14F8018B00EE102AA8EB030807
:1083600001EE108AB8EE400A491CB8EEC11A00EEC0
:10837000810A30EE080ABDEEC00A10EE108A88F3BA
:10838000080800F8018BA942E4DB6044BC42DED35C
:1083900053E00023B9F1000F09D0D9F8040030B13F
:1083A000B9F8021019B1406890F9002000E00022ED
:1083B000B4EE689AF1EE10FA11D193420FD1009801
:1083C000039009E02A460146204602F061FF039926
:1083D0002C4401EB08000390BC42F3D32DE089EE5E
:1083E000281A009827E0002120E000BF14F901CBF3
:1083F00001F1010100EE102AACEB030C00EE90CA73
:10840000B8EEC00AF8EEE00A01EE200AF4EEC09AD7
:10841000F1EE10FA7AFE080A30EE800ABDEEC00ACC
:1084200010EE10CA0CF3070C00F801CBA942DDDBFB
:10843000A8EB05010844BC42D5D30098284400901D
:108440000AF1010082460EB1318800E00021514559
:108450007FF652AE706800283FF44EAE50F82A0006
:10846000039000287FF45CAE46E6000000000000A8
:10847000FCFFFFBE2DE9F043806987B0018809B198
:10848000426800E0002252683AB109B1426800E057
:1084900000225268D2F800C001E04FF0000C012920
:1084A00002D942680C3200E00022526842B1012930
:1084B00002D942680C3200E000225268156800E0E0
:1084C0000025022902D94268183200E000225268D1
:1084D00042B1022902D94268183200E000225268F3
:1084E000136800E0002302290BD9426812F1180F2B
:1084F00007D032F8184F012C03D9526812B15268D4
:1085000000E00022DCF80C40D5F80C800329D3F8F9
:1085100018906768D8E90164D8F80C80D9F8003061
:1085200004FB08F423F07E4304D9D0F8048008F15A
:10853000240801E04FF00008D8F80480B8F1000FDB
:108540000CD0032902D94068243000E000204068A4
:10855000006818B18069D0F8088001E04FF0000889
:10856000A869DCF818108068896812B1926995686A
:1085700000E00025DFF850C013EB0C0CD9E9022312
:1085800010D0BCF59C0F15D0BCF5DC0F07D1CDF891
:108590000080CDE90364CDE9015700F0C7F807B0CA
:1085A000BDE8F0838DE8A700CDE90564684600F0DA
:1085B0006FF8F4E7CDF80080CDE90364CDE9015709
:1085C00000F008F9EBE70000C0EF7DFF70B504464E
:1085D0002DED048B81690A880AB1486800E000200B
:1085E000406828B10AB1486800E00020406800688F
:1085F000012A02D94B680C3300E000235B6843B1C9
:10860000012A02D949680C3100E000214968096853
:1086100000E000218A698169083095688E68FEF75C
:1086200055FDE16906EB8004B7EE008A9FED179ACD
:1086300005EB80058968D1ED008A1FE094ED000A02
:10864000FCF7F8FD30EE480A20EE280AB5EEC00A25
:10865000F1EE10FA02DDB0EE490A07E094ED000AEF
:10866000FCF7E8FD30EE480A20EE280AD4ED000AB7
:10867000C9FE200A30EE200A85ED000A241F2D1FB6
:10868000B442DBD2BDEC048B70BD000000000000E2
:108690002DE9F04F04462DED028B81B0D4E90501A0
:1086A0004843D4E9005105EB80098A4635E0616909
:1086B0002E46D4F810B0A7689FED1B8A05EB810801
:1086C0000EE000BF8DED008A5B4652463946684693
:1086D000FCF714FB9DED000A07EB8B07A6EC010AE3
:1086E0004645EFD3E06890B100200DE0E26805EB6D
:1086F000800102EB8002D1ED000A92ED000A401CDD
:1087000030EE200A81ED000A61698142EED8D4E999
:1087100004120AEB810A05EB82054D45C7D301B06F
:10872000BDEC028BBDE8F08F000000002DE9FF4F8B
:1087300004468B462DED028B83B0DDE91550DDE953
:10874000128ADDF8509068435FEA080104EB800666
:1087500004D04022184602F09BFD32E0984630E0FB
:10876000079904EB85079FED1A8A0DE08DED018ACC
:1087700001A85B464246CDF80090FDF7B1F99DEDAA
:10878000010A0146A4EC010ABC42EFD3BAF1000F82
:108790000BEB890B15D00020A4EB85010DE000BF89
:1087A0000AEB800301EB8002D3ED000A92ED000A90
:1087B000401C30EE200A82ED000AA842F0D301EB03
:1087C0008504B442CCD303B0BDEC028BBDE8FF8F6F
:1087D000000000002DE9FF4F04468B462DED028B73
:1087E00083B0DDE91550DDE9128ADDF85090684369
:1087F0005FEA080104EB800605D04FF4806218465A
:1088000002F046FD33E0984631E0079904EB850716
:108810009FED1A8A0EE000BF8DED018A01A85B462C
:108820004246CDF80090FDF7F1F99DED010A0146B1
:10883000A4EC010ABC42EFD3BAF1000F0BEB890B99
:1088400015D00020A4EB85010DE000BF0AEB8003EA
:1088500001EB8002D3ED000A92ED000A401C30EEDD
:10886000200A82ED000AA842F0D301EB8504B4424D
:10887000CBD303B0BDEC028BBDE8FF8F000000003E
:108880002DE9F0472DED028B04460F469046DDE9B9
:108890000A569DED0C8A80212046E7F7EDFD00EE9B
:1088A000107AB8EE400A84ED000A28F07F4000EE0E
:1088B000100AB8EE400A84ED010AAAB2002110465F
:1088C000E7F7F2FDA060280C40EA0641300C8AB2BE
:1088D00000211046E7F7E8FDE0600020B2B200EAB0
:1088E00000011046E7F7E0FD2061B8EE480A84ED8C
:1088F000050ABDEC028BBDE8F087000070B50446A8
:1089000012480078401C00F01F0510484078A8422B
:1089100006D10E488068401C0C498860002070BD5C
:108920000A4909780A4A02EBC11080222146E7F77A
:108930007CFD00BF00BF00BFBFF35F8F00BF00BF63
:1089400000BF024805700120E9E70000F0C20020E6
:10895000F0B20020F0B505460C460AB1012600E051
:108960000026304694F870620EB1022600E0002620
:10897000304394F871620EB1042600E000263043C3
:108980000BB1082600E00026304395F840600EB198
:10899000102600E0002630432B4E76780EB12026BC
:1089A00000E000263043284EB6780EB1402600E0A5
:1089B00000263043254E96F8BA620EB1802600E0BC
:1089C00000263043224E366806F01F0640EA062095
:1089D000204E367816B14FF4005600E000263043A2
:1089E0001D4E367816B14FF4804600E00026304325
:1089F0001A4EB67C16B14FF4004600E00026304314
:108A000000210CE0164E765C2EB101F11006012714
:108A100007FA06F600E0002630434E1CF1B20429A6
:108A2000F0DB00210DE00E4E2836765C2EB101F110
:108A30001606012707FA06F600E0002630434E1C12
:108A4000F1B20229EFD3F0BDFA00002024A60020E5
:108A500000010020040100200501002010A60020D4
:108A6000A4A4002030B5D0E90551C368064CD868ED
:108A7000EB68096858432140A1F58022C03A01D132
:108A8000C01DC00830BD0000FFFF7F012DE9FC4183
:108A900004460D46642206212448CDE9004501F034
:108AA000B9FE00F0D5F907462148D0F88800201A11
:108AB0001F49C1F8B8011F48D0F844121C48C0F83B
:108AC0000412D0F81C12C0F808121A48D0F8481244
:108AD0001748C0F80C121748D0F840121448C0F8D4
:108AE00018124FF0000609E0134A52F826100F4AF8
:108AF000173202EB8600F7F7A7FB761C192EF3D38B
:108B000064210D48E7F7B8FC0A48D0F84C12C0F8C9
:108B100048120748883030C0384602F087FC0021F0
:108B20000248FFF7BFF9BDE8FC810000A8800024DF
:108B3000A80B0024F06D0024600D002400F0B6F8AE
:108B400000BF00F005F8012000F0A8FCF9E70000E4
:108B500070B5B2B04822524910A8E7F766FCF1F7A9
:108B6000DFFBF1F7C3FB28B900204D4981F8400035
:108B700032B070BD6846F1F747FC4022694622A832
:108B8000E7F753FC9DF8800020B121992F98884287
:108B900000D1EDE79DF8800010B910A8E7F7C8FFF5
:108BA0004048006800F16A059DED2B0A8DED100A22
:108BB00000245BE005F11500005700EE100AB8EE46
:108BC000C00A05F11200005D401C2BA901EB8000DA
:108BD000D0ED000A20EE200A10A9601C01EB8000F5
:108BE00080ED000AE81C005700EE100AB8EEC00A3B
:108BF000285D22A901EB8000D0ED000A20EE200ABA
:108C000014A800EB840080ED000A05F1090000576C
:108C100000EE100AB8EEC00AA81D015D28A800EBFE
:108C20008100D0ED000A20EE200ADFED1F0A20EEC1
:108C3000200A1AA800EB840080ED000A05F10F005D
:108C4000005700EE100AB8EEC00A05F10C00015DF5
:108C500025A800EB8100D0ED000A20EE200A1DA817
:108C600000EB840080ED000A601CC4B2032CA1D389
:108C700010A8E7F76BFF8DF880002F98219000BFB8
:108C8000EFF31080064600BF72B6482210A90448D0
:108C9000E7F7CBFB00BF86F3108800BF00BF67E794
:108CA0000CA40020BCD7010835FA8E3C10B5024850
:108CB000E7F73EFF10BD00000CA4002000BFEFF35B
:108CC000058008B1012070470020FCE710B54FF483
:108CD00012711548E7F7D0FB46F258211348E7F721
:108CE000CBFBFEF7A9FA104A03C20F48D0E90010E7
:108CF000002359405840014301D1012000E00020E9
:108D00000B4908600020084981F82002012081F801
:108D10002302F6F72BFF044A883203C201200249DE
:108D200081F83C0210BD0000A80B0024F00D0024C7
:108D3000300100200FB438B51D48B0F8280241F6C4
:108D4000FF71884202D338BC5DF814FB05A800907F
:108D5000174AB2F82822C2F50051154AB2F8282263
:108D6000144BD018009B049AFBF752FF04460020D6
:108D70000090002C06DB0E48B0F82802C0F5005029
:108D8000A0420BD80C48006840F002000A49086075
:108D900041F6FF700649A1F82802D4E70448B0F86C
:108DA000280220440249A1F8280200BFCBE70000B6
:108DB000A80B0024C0840024300100202DE9F041DC
:108DC00006460D461746314618A0FFF7B3FF0024AC
:108DD00025E005EB840090ED000A10EE101A08461D
:108DE000FBF767FF90B105EB840090ED001AB7EE3A
:108DF000C11AB0EE410B0CB10EA000E00EA001466E
:108E000053EC102B0DA0FFF795FF07E00CB109A064
:108E100000E009A001460BA0FFF78CFF641CBC42D8
:108E2000D7D30AA0FFF786FFBDE8F0812225732281
:108E30003A5B00002C000000000000002573252E86
:108E40003967000025736E756C6C00005D2C0000A6
:108E500000BFEFF31081084672B6704710B5154891
:108E6000407868B1144890F8400048B1134890F831
:108E7000790028B1124890F8790008B1012000E08B
:108E8000002004461CB900200E4908700FE00D4870
:108E9000007860B90A4A09490B48F1F73BFD0949D6
:108EA00008700846007810B10848F2F7C3FE05487C
:108EB000007810BDFA0000200CA40020D8A40020E7
:108EC00054A500201401002004AD0020A0AE002015
:108ED00010B50020024908700248F2F7ABFE10BD41
:108EE00014010020A0AE0020FAF7D8FEFAF7A6FE83
:108EF00000BF6848006800F4003000B139E000BFEE
:108F000000BF00BFBFF34F8F00BF00BF00BF00BF57
:108F100000BF00BFBFF36F8F00BF00BF00BF0020C6
:108F20005D49086000BF00BF00BFBFF34F8F00BFA7
:108F300000BF00BF00BF00BF00BFBFF36F8F00BF07
:108F400000BF00BF5348006840F40030514908603A
:108F500000BF00BF00BFBFF34F8F00BF00BF00BF07
:108F600000BF00BF00BFBFF36F8F00BF00BF00BFD7
:108F700000BF00BF474B1B6803F4803303B148E0D8
:108F80000023444C7034236000BF00BF00BFBFF318
:108F90004F8F00BF00BF00BF231F1868C0F34E31C2
:108FA00000BFC0F3C90200BF43F6E07303EA4113F8
:108FB0004FF0404404EA82742343374C103423605A
:108FC00000BF00BF131EA2F10102EDD10B1EA1F1E3
:108FD0000101E6D100BF00BF00BFBFF34F8F00BF4C
:108FE00000BF00BF2B4B1B6843F48033294C236028
:108FF00000BF00BF00BFBFF34F8F00BF00BF00BF67
:1090000000BF00BF00BFBFF36F8F00BF00BF00BF36
:1090100000BFECF74DFBF7F72FFBF3F7C7FBF3F7B8
:1090200061FAF3F749FDF3F7B1FCF3F713FDF3F73A
:10903000DFFCF3F731FEF3F749FFF3F7A1FEF3F797
:109040009BFAF3F7DDFAF3F71FFBF3F773FDF3F782
:10905000DBFDF3F701FFF3F75FFEF3F7C7FEF3F76E
:10906000ABFFF3F7F3FFE8F729FBF1F72FF9E7F789
:10907000ADFEE8F7F9FCE8F753FF00224FF4C041DA
:109080000648ECF7FDFAF3F743FB00F013FA00BFD4
:10909000FEE7000014ED00E050EF00E00008025889
:1090A00001460020842901D0CA1C10447047026880
:1090B0008A4200D20160704770B505460C462246D0
:1090C00001214E48FDF752FE00287DD04B48006834
:1090D0004B49886049480068C86048480068643067
:1090E00048498860454800686430C8604348006863
:1090F00000F51670444988604048006800F5167015
:10910000C8603E48006800F51670404988603B48DA
:10911000006800F51670C8603848006864303C4943
:109120008860364800686430C8603448006800F5DC
:10913000B270384988603148006800F5B270C86084
:109140002E4800686430344988602C4800686430D8
:10915000C8602A4800687030304988602748006835
:109160007030C86025480068E0302D498860234889
:109170000068E030C86021480068E0302949886014
:109180001E480068E030C8601C48006800F5387070
:10919000254988601948006800F53870C86017488C
:1091A0000068703021498860144800687030C860D9
:1091B0001248006800F5B8701D4988600F480068C3
:1091C00000F5B870C86000E011E00C48006870302D
:1091D00018498860094800687030C860074800680E
:1091E0001549886005480068C860012070BD1322D9
:1091F00030212846FDF740FF0020F7E7080900204E
:1092000070090020100900202009002030090020EA
:10921000400900205009002060090020800900203A
:1092200090090020A0090020B0090020C0090020FA
:10923000D0090020E0090020F009002070B50546A3
:109240000C46224601218048FDF7A6FD00287DD06E
:109250007E48006840F080407C4908607A48006899
:10926000886079480068C8607948006840F08040AC
:10927000774908607448006800F57A408860724851
:10928000006800F57A40C8607248006840F080408D
:10929000704908606C48006800F57C4088606A4846
:1092A000006800F57C40C8606B48006840F0804072
:1092B000694908606448006800F5BE30886062480B
:1092C000006800F5BE30C8606448006840F0804027
:1092D000624908605C480068614908445F498860E9
:1092E000594800685E4908445C49C8605D480068A8
:1092F00040F080405B4908605348006800F5C0308A
:1093000088605148006800F5C030C8605648006861
:1093100040F08040544908604B48006800F5C03078
:109320000C3088604848006800F5C0300C30C860D8
:109330004E48006840F080404C4908604248006850
:1093400000F5DC300C3088603F4800E074E00068D5
:1093500000F5DC300C30C8604548006840F08040C3
:1093600043490860384800684249084440498860D9
:10937000354800683F4908443D49C8603E48006898
:1093800040F080403C4908602F4800683B49084451
:10939000394988602C480068384908443649C86013
:1093A0003748006840F0804035490860264800682A
:1093B00034490844324988602348006831490844E8
:1093C0002F49C8603048006840F080402E4908604E
:1093D0001D4800682D4908442B4988601A480068D8
:1093E0002A4908442849C8602948006840F080405C
:1093F00027490860144800682449803108442449FA
:109400008860114800682149803108442049C860BB
:109410002048006840F080401E4908600A48006803
:109420001D4908441B498860074800681A490844D8
:109430001849C860012070BD122230212846FDF76E
:109440001BFE0020F7E700000C090020000A0020A6
:10945000100A0020200A0020300A0020400A0020C4
:10946000007D0100500A0020600A0020700A0020E0
:10947000800A00200CBA0100900A00200C3A020079
:10948000A00A00200C3B0200B00A00200C5B020086
:10949000C00A0020D00A00208C5E020070B504468D
:1094A00025460DB1294600E00121084602F04CF99D
:1094B000002070BD10B502F035FA002010BDF8B5DF
:1094C00004460D46606880B1012D08D1032000904C
:1094D000002211460120636802F00FFCF8BD294606
:1094E0002846626802F0AAFBF8E7012D0ED103229C
:1094F0000021012002F0D4FB06462EB100231A46BB
:109500001946304602F0B6FC3046E7E729462846C1
:1095100002F066FBE2E7000038B5044600250020B3
:109520000090FFF7CBFB90B16946204602F0F4FDB6
:10953000012801D0FF2038BD009888B14FF080503D
:1095400008490860BFF34F8FBFF36F8F08E0002317
:109550001A461946204602F08DFC012800D0FF254E
:109560002846E8E704ED00E0F8B506460C46002082
:1095700000900EB98020F8BD0025601C08B96D1E52
:1095800003E014B1254605B90125FFF797FB98B113
:109590006A460021304602F0E3FE012801D0FF2098
:1095A000E9E7009880B14FF0805008490860BFF3A8
:1095B0004F8FBFF36F8F07E02946304602F036FF2A
:1095C000012801D0FF20D6E70020D4E704ED00E019
:1095D0007FB504460D46606998B1A06988B1B4F9B9
:1095E0000800FFF75DFD0646D4E90510CDE90061EE
:1095F00002902B462269D4E9001003F079F8039019
:1096000013E0B4F90800FFF74BFD064603A8CDE9C7
:109610000060238A9AB22B46D4E9001003F036F892
:10962000012802D0002004B070BD0398FBE70000C1
:1096300010B50446207E10B12C48007818BB0020DD
:109640002B4908702B49087000BF08E09FED2A0ADB
:109650002A4901EB800181ED000A411CC8B20428AF
:10966000F4DB002008E09FED240A254901EB80018E
:1096700081ED000A411CC8B20228F4D3E8F764FE69
:10968000E8F76EF910BD00200AE004EB800191EDCF
:10969000000A1A4901EB800181ED000A411CC8B2A1
:1096A0000428F2DB94ED040A154880ED000A94EDDD
:1096B000050A80ED010A2046E8F7FCFD08B9012003
:1096C00000E000200A49087094ED041AF0EE410A07
:1096D00094ED051AB0EE410AE8F7D4FA08B9012072
:1096E00000E000200349087000BFCBE7060100201E
:1096F0000401002005010020000000007CB00020D3
:109700001801002030B58BB02D4890ED190A8DED71
:10971000090A90ED1A0A8DED0A0A2A4800680079B4
:1097200048B109A89FED280A284B294A29490090E9
:109730002948F1F76FFE02AD1C212846E6F79CFE92
:1097400000BF264801F03CFE044625480470002076
:109750002449087094B1012C02D0022C25D125E0B7
:109760001E48407C032806D1FFF778FB18B102A8F9
:1097700001F020FD01E0FFF7ABFB1AE000201A49E1
:1097800008701648407C032804D11848407808B176
:10979000012000E00020134908700846007818B145
:1097A00002A909A801F02EFD03E000BFFFF790FB1E
:1097B00000BF00BF02A8FFF73BFF0BB030BD0000A9
:1097C00054A40020BCD701086F12033B54A500200D
:1097D000D8A400200CA4002004AD002010A6002076
:1097E000FD0000201501002014010020FA000020D7
:1097F00010B50348EFF750FC08B1E8F7CDFE10BDF7
:109800003C1B002001480078704700001401002034
:109810000148007870470000150100202DE9F0474D
:1098200006460F4690461C46DDE908A90023D8E904
:1098300000105940584001432FD0D8F80000351A85
:10984000184804F1030150F8210020B1154850F8E0
:109850002400A84202D9134840F824501149621C40
:1098600001EB82002946FFF722FC0E48A11C50F8AC
:10987000210042190B4840F82120E11C50F821003A
:10988000401C0849E21C41F82200554505D908460C
:1098900050F82900401C41F82900C8E90067BDE8DC
:1098A000F0870000600D002410B52DED068B0446F6
:1098B000B0EE409BB0EE41AA84ED119AC4ED0E9A31
:1098C00039EEC90A84ED140A94F8880038B1D4ED51
:1098D000140AB0EE600AE7F707F984ED140A94ED74
:1098E0001F0AB5EEC00AF1EE10FA11D0D4ED140A39
:1098F000B0EE600AE7F7D2F8D4ED1F0AB4EEE00A42
:10990000F1EE10FA04DD9FED700ABDEC068B10BD80
:1099100094ED201AF0EE410A94ED141AB0EE410ACB
:10992000E7F7FAFFB0EE408A94ED201AF0EE410A14
:1099300094ED151AB0EE410AE7F7EEFFF0EE408A1B
:10994000207BE0BB94ED000A20EE080A84ED170AA4
:1099500094ED180AD4ED010A60EE880A00EE8A0A36
:1099600084ED180A94ED020AB5EEC00AF1EE10FA81
:1099700004D19FED550A84ED190A0BE094ED140A09
:10998000D4ED150A30EE600AD4ED020A20EE200A6A
:1099900084ED190AD4ED050AB0EE600A04F1600006
:1099A000FCF75AFF94ED170AD4ED180A30EE200A9E
:1099B000D4ED190A30EE200A84ED1A0A00E00CE01A
:1099C000D4ED040AB0EE600A04F16800FCF744FF2D
:1099D00094ED1A0A84ED1B0A55E0207B012852D130
:1099E00094ED201AF0EE410A94ED161AB0EE410AF9
:1099F000E7F792FFF0EE401A94ED000A78EE680A5D
:109A000020EE200A84ED170A94ED010A20EE080AE0
:109A100020EE0A0A84ED180AD4ED020AB0EE001A0C
:109A2000B0EE480A01EE680A30EE210A20EE800A04
:109A300084ED190AD4ED050AB0EE600A04F1600065
:109A4000FCF70AFF94ED170AD4ED180A30EE200A4D
:109A5000D4ED190A30EE200A84ED1C0A94ED1E0A9A
:109A6000D4ED1C0A30EE200A84ED1D0AD4ED040A60
:109A7000B0EE600A04F17400FCF7EEFE94ED1D0AEE
:109A800084ED1E0A00BF94ED150A84ED160A94EDCC
:109A9000140A84ED150A94ED120A84ED130A94ED6C
:109AA000110A84ED120A94ED0F0A84ED100A94ED68
:109AB0000E0A84ED0F0A207B10B994ED1A0A24E7F0
:109AC00094ED1D0A21E7000000000000C0ED050A2A
:109AD00080ED040A017380ED001AC0ED011A80EDDB
:109AE000022A7047FEF7D0F900BF4FF0FF3103485C
:109AF0000068FFF739FDFEF7BBF9F6E70C0100201F
:109B00002DE9F04105460E461F48076800201F4911
:109B1000096881F852001D480068001D01F08BFCA7
:109B200050B91A48006890F82C1001208840184954
:109B30000968814316480160681C38B936B113487A
:109B40000168091D134801F0CDFC1AE07C190F488B
:109B500000684460BC4207D20C480168091D0E48E9
:109B6000006801F0A5FC0CE008480168091D0B48DD
:109B7000006801F09DFC0A480068844201D2084850
:109B80000460BDE8F0810000400000202C000020AF
:109B900044000020D42200203400002030000020A7
:109BA0005C00002010B5044601F0A8FC23480068C2
:109BB000401C224908602248006840B920480460DF
:109BC0000846006801280DD100F004FA0AE01D489B
:109BD000006838B91A480068C06AE16A884201D84A
:109BE0001748046018480068401C1749086094F83A
:109BF0002C10012088401549096808431349086062
:109C0000E16A01EB8101124A02EB8100211D01F0A2
:109C100069FC01F09DFC0B48006868B108480068C9
:109C2000C06AE16A884207D24FF080500949086053
:109C3000BFF34F8FBFF36F8F10BD00003C000020BB
:109C40002C00002048000020580000204400002084
:109C5000F821002004ED00E008B501F04FFC1248A7
:109C60000068E8B9114801F013FC114801F010FC3C
:109C70000E48104908600E480F49086000200F4B3D
:109C80000F4A102100900A2002F037F806490860B8
:109C90000846006820B10BA10348006801F018FDD8
:109CA00001F056FC08BD000070000020E8220020F2
:109CB000FC220020680000206C00002010230020FF
:109CC00058230020546D72510000000010B516E0BA
:109CD00001F014FC0C48C068C468201D01F0ABFB07
:109CE0000A480068401E0949086009480068401E8B
:109CF0000749086001F02CFC204600F05FF804489A
:109D000000680028E4D110BDC02200203C000020E3
:109D10003800002070B504460D46206C70B1216CEF
:109D2000E0680144E160D4E90210884201D321686F
:109D3000E1602846226CE168E6F777FB70BD2DE90B
:109D4000F04104460F4615464FF00008A66B206C04
:109D500048B9206800282CD1A06802F0E1FD8046B7
:109D60000020A06025E07DB93946226C6068E6F7E6
:109D70005CFB216C606808446060D4E901018842A2
:109D800017D32068606014E03946226CE068E6F77B
:109D90004CFB216CE068411AE1602168E068884270
:109DA00003D2216CA068411AE160022D01D106B1F5
:109DB000761E701CA0634046BDE8F08110B50446D5
:109DC00094F8510030B9206B01F0E0FB204601F01F
:109DD000DDFB1AE094F85100012803D1204601F080
:109DE000D5FB12E094F85100022801D1012000E0D7
:109DF000002050B900BF502080F31188BFF34F8F6F
:109E0000BFF36F8F00BF00BFFEE710BD01464A6A77
:109E100022B10A6B1268C2F1070000E0002070470F
:109E20000146084A126812680AB9012200E00022BD
:109E30000A600A6822B9034A1268D268106800E012
:109E4000002070476800002030B54FF4F0431748F9
:109E500000F007042CB1C01D20F00700134C041BB8
:109E60001B1B0246124C22600024114D6C60D0185E
:109E7000083820F007000F4C206000240D4D2D689D
:109E80006C600C4D2D682C601146441A4C60094CD6
:109E900024680C60084D4C682C60084D4C682C60A0
:109EA0004FF00044064D2C6030BD0000F823002028
:109EB0007C000020840000208C000020880000200E
:109EC0009800002000BFFFF701FF06480068012846
:109ED000F9D94FF0805004490860BFF34F8FBFF3AA
:109EE0006F8FF0E7F821002004ED00E02DE9F0414C
:109EF00006460D4617469846069C0DB9246000E0BC
:109F00002760E66325640121204601F067FFBDE874
:109F1000F0812DE9F05F82460E4690469B460A9FEF
:109F20000C9C4FEA8801A522206BE6F79EFAA8F167
:109F30000100216B01EB800929F0070909F00700F6
:109F400008B9012000E0002050B900BF502080F384
:109F50001188BFF34F8FBFF36F8F00BF00BFFEE7C5
:109F600086B1002507E0715D04F134004155705D54
:109F700000B902E06D1C102DF5D300BF0021432075
:109F8000015502E0002084F83400072F00D3062793
:109F9000E76267640020A064201D01F086FA04F1E6
:109FA000180001F082FA2461C7F10700A061646221
:109FB0000020E06484F8500084F852005A4651466C
:109FC000484600F081FB20600B9808B10B980460B4
:109FD000BDE8F09F10B5002407E004EB84010F4AB0
:109FE00002EB810001F054FA641C072CF5D30C48F5
:109FF00001F04EFA0B4801F04BFA0B4801F048FA19
:10A000000A4801F045FA0A4801F042FA04480949B1
:10A01000086004480849086010BD0000F8210020CD
:10A020008422002098220020AC220020C0220020A0
:10A03000D4220020300000203400002010B501465A
:10A04000164800E0006803688B42FBD30246436871
:10A0500013448B4204D143684C6823444360014657
:10A060000A464B6813440468A34211D10C4C0368A0
:10A070002468A34208D04B680468646823444B609A
:10A0800003681B680B6005E0054B1B680B6001E073
:10A0900003680B60884200D0016010BD7C00002086
:10A0A000840000202DE9F04104460D4616461F4667
:10A0B0004FF0000865602461B5420CD8F01BA1691F
:10A0C000884202D34FF0010811E0211D09480068C1
:10A0D00001F0EEF90BE0BE4204D2BD4202D34FF0D4
:10A0E000010804E0211D0448006801F0E1F9404640
:10A0F000BDE8F0816C0000206800002070B50546C6
:10A1000001F0FCF9A86B08B9012400E0002401F07B
:10A110001FFA204670BD70B5054601F0EFF9A86B37
:10A12000E96B884201D1012400E0002401F010FA1B
:10A13000204670BDF8B505460F461A480068C0684D
:10A14000C468201D01F077F994F8240000F00400A1
:10A15000E8B1A06941192B463A462046FFF7A2FF15
:10A16000D8B1002003462A4601460090204602F05E
:10A17000A1FD064656B900BF502080F31188BFF3F9
:10A180004F8FBFF36F8F00BF00BFFEE705E094F86D
:10A19000240020F0010084F824002046216A88472A
:10A1A000F8BD000068000020F0B587B0A0E003987B
:10A1B000002811DA04AE56B900BF502080F3118890
:10A1C000BFF34F8FBFF36F8F00BF00BFFEE7D6E92D
:10A1D0000020B168904700BF03980028E6DB059C8B
:10A1E000606908B9012000E0002010B9201D01F0CD
:10A1F00022F902A800F0DEF8054603980A2875D275
:10A20000DFE800F009050739416306083A4200BF5C
:10A2100000BF00BF00BF94F8240040F0010084F8A4
:10A2200024000498A269811803462A462046FFF7B5
:10A2300039FFF8B12046216A884794F8240000F0DD
:10A240000400B8B1002000900498A16942180023CE
:10A250001946204602F02EFD074657B900BF502090
:10A2600080F31188BFF34F8FBFF36F8F00BF00BF24
:10A27000FEE700BF3BE000BF94F8240020F001009F
:10A2800084F8240033E000BF94F8240040F001007B
:10A2900084F824000498A061A06908B1012000E0BE
:10A2A000002050B900BF502080F31188BFF34F8FBA
:10A2B000BFF36F8F00BF00BFFEE7A06941192B46B7
:10A2C0002A462046FFF7EEFE11E094F8240000F045
:10A2D000020018B9204601F059F905E094F824006D
:10A2E00020F0010084F8240001E0FFE700BF00BF78
:10A2F000002203A90448006801F07EFF00287FF4D3
:10A3000056AF07B0F0BD000070000020F8B505465C
:10A310000C4601F063FB684600F04CF806460098D6
:10A3200020BB44B9B54206D802F006FC31462846A7
:10A33000FFF700FF1CE03CB10E480068006808B958
:10A34000012000E000200446A91B22460A480068BC
:10A3500001F0D4F902F0F0FB50B94FF080500749FA
:10A360000860BFF34F8FBFF36F8F01E002F0E4FB93
:10A37000F8BD00006C0000207000002004ED00E03B
:10A380000A490968096809B9012100E0002121B1E1
:10A390004FF0FF31064A116006E004490968C968B8
:10A3A000C868034A4168116070470000300000200F
:10A3B0005C00002070B5044602F008FA0546074824
:10A3C0000068854204D200F00BF80120206001E013
:10A3D0000020206001480560284670BD78000020FC
:10A3E0002DE9F84334E025480068C0680568234833
:10A3F0000068C068C468201D01F01DF82046216A6D
:10A40000884794F8240000F0040008B3A0694619B6
:10A41000AE4207D966602461211D1848006801F02A
:10A4200047F815E0002003462A46014600902046E2
:10A4300002F040FC074657B900BF502080F3118856
:10A44000BFF34F8FBFF36F8F00BF00BFFEE700BFAA
:10A450000A480068006808B9012000E000200028D0
:10A46000C1D00648D0F8008005480068034908605C
:10A470000348C0F80080BDE8F883000068000020B1
:10A480006C0000200E480068401C08B9012000E064
:10A49000002050B900BF502080F31188BFF34F8FC8
:10A4A000BFF36F8F00BF00BFFEE700BF502080F3F7
:10A4B0001188BFF34F8FBFF36F8F00BF00BFFEE760
:10A4C0009C00002008B500BF6846FFF7A9FC0446C1
:10A4D00020460099FFF71AFFFFF766FEF4E770B514
:10A4E000044601F00BF894F9455010E0606A08B991
:10A4F000012000E0002038B904F1240002F0D0FA75
:10A5000018B101F05BF900E003E0681E45B2002DD0
:10A51000ECDC00BFFF2084F8450001F019F800F0E2
:10A52000EDFF94F9445010E0206908B9012000E0E3
:10A53000002048B904F1100002F0B2FA08B101F0AD
:10A540003DF9681E45B200E001E0002DECDC00BFE3
:10A55000FF2084F8440000F0FBFF70BD2DE9F041BE
:10A5600004464FF0000801F039FA4948006808B97C
:10A57000FFF76AFC474800682040002870D1D4B13A
:10A58000083404F00700B0B104F00700C0F108007F
:10A59000044404F0070008B9012000E0002050B98D
:10A5A00000BF502080F31188BFF34F8FBFF36F8F30
:10A5B00000BF00BFFEE7002C52D03748006884423D
:10A5C0004ED8364E3046056801E02E462D68686844
:10A5D000A04202D228680028F7D12D4800688542A1
:10A5E0003ED0306800F10808286830606868001BB9
:10A5F000102819D92F1907F0070008B9012000E029
:10A60000002050B900BF502080F31188BFF34F8F56
:10A61000BFF36F8F00BF00BFFEE76868001B786064
:10A620006C603846FFF70AFD1B4968680968081A1C
:10A63000194908600846006819490968884203D228
:10A640001548006816490860124968680968084397
:10A6500068600020286013480068401C11490860A9
:10A6600002F06AFA08F0070008B9012000E00020B3
:10A6700050B900BF502080F31188BFF34F8FBFF354
:10A680006F8F00BF00BFFEE74046BDE8F0810000CD
:10A690008400002098000020880000207C0000201A
:10A6A0008C000020900000200648006830B1054969
:10A6B000096801F14800896C491C01600148006883
:10A6C000704700002C000020001F4FF080730360D3
:10A6D000001F21F001030360001F054B03601438C5
:10A6E0000260001F6FF00203036020387047000013
:10A6F00085A40108034841780078081A401E00F03C
:10A700001F007047F0C2002070B530480068143058
:10A710002F490968884201D9002070BD2D482B4976
:10A720000968415C024629480068401C105C41EA07
:10A73000002404F11405B4F5806F06D8234800689E
:10A74000284423490968884201D90020E5E72149C6
:10A750001E480068801C085C1F4988750846848272
:10A760001C491A4A12681144081D00F039F840F4D7
:10A7700080401949C8601749144A1268114401F110
:10A78000080000F02DF81449886012490F4A126839
:10A79000114401F10C0000F02FF80F4A03C20D48DC
:10A7A0000A4A1268104400F1140122460A48173080
:10A7B000E5F73BFE0548006828440449086000228C
:10A7C00005490648F5F796FDA7E700003801002087
:10A7D00034010020C0A40024F0AF0324F00D0024B5
:10A7E000014608784A7840EA02208A7840EA024026
:10A7F000CA7840EA0260704770B504462046FFF709
:10A80000EFFF05460026201DFFF7EAFF46EA00019C
:10A81000284670BD2DE9F04704460D461646DDE991
:10A820000878FEF715FB8146A575A682C4E9007875
:10A8300005488068A06000F06DFDE060484600F0CB
:10A84000F5FDBDE8F0870000A80B00242DE9F041DC
:10A850000446A08A00F114052E4800682844B0F58B
:10A86000403F12D902202C49087000202B49086073
:10A870002B4908602B4A106050602B480021026869
:10A880000A20FDF72FFBBDE8F081A18A274A214B62
:10A890001B68D018F5F7D4FCA17D244A1D48006838
:10A8A000801C115400211B480068C01C1154194B16
:10A8B000E1681B681A44101DF5F7C6FC1B4A154BCE
:10A8C000A1681B681A4402F10800F5F7BDFC17499E
:10A8D000104AD4E900631268114401F10C003246B9
:10A8E000F5F7BDFCA28A11490A4B1B68194401F116
:10A8F000140004F11701E5F798FD064800682844A4
:10A900000449086008480068401C0749086000BF07
:10A91000B9E7000034010020580100203801002070
:10A9200040010020500100203C010020C0A4002470
:10A9300070B504460D4677480078E8B976488068D7
:10A94000D0B176480068B8B90020754908607549EB
:10A95000086075490860754908600021744A1160F3
:10A960005160744A1160516001206A4908700022E8
:10A9700001210920FDF7B6FA66480078012836D192
:10A980006548806870B96B48D0E9001000235940D1
:10A990005840014306D16849611845F10000654AF5
:10A9A000C2E90010634903C90023584059400843D5
:10A9B0001DD0604903C9201A75EB010017D3002090
:10A9C0005C4A106050605D4908700220514908706F
:10A9D000002054490860554908600021584A116018
:10A9E00051605148032102680A20FDF77BFA4A486A
:10A9F00080684A4908605348007800B3524800789C
:10AA0000E8B944480078D0B9002045490860454974
:10AA100008604549086045490860454A1060506033
:10AA20000021444A1160516001203A4908704349AD
:10AA30000870002211460920FDF754FA1CE0414835
:10AA40000078C8B93D480078B0B132480078012894
:10AA500012D102202F490870002032490860334982
:10AA60000860374A10605060344908702E48012150
:10AA700002680A20FDF736FA324800783249087039
:10AA800032480078D0B123480078012816D02448F5
:10AA9000006898B100202D49087002201D490870F7
:10AAA00000202049086021490860254A1060506054
:10AAB0001D48022102680A20FDF714FA15480078A3
:10AAC00002281DD11E4903C9221A65EB0100204B43
:10AAD000D21A70F1000013D3194830C0FFF714FEEA
:10AAE00028B112480068401C1049086008E00020A6
:10AAF000084908700D48002102680B20FDF7F2F9A3
:10AB00000448007813490870074800681249086033
:10AB100070BD000058010020A80B00245C0100203B
:10AB200034010020380100203C01002040010020B9
:10AB30004801002060010020400D03006801002052
:10AB40005001002029010020590100202A01002085
:10AB5000F04902002B0100202C01002070B50546B1
:10AB6000F5F704F8C5E900014E480068401C4D495E
:10AB7000086008460068A86308464068E86300204B
:10AB80002864FEF745FE50B14748007838B1474881
:10AB9000407820B14648407F08B1012000E0002005
:10ABA00085F8480095F8480028B14148007F10B169
:10ABB000F5F788F900E00020686430223949303127
:10ABC00005F10800E5F731FC00242EE0394800EBE0
:10ABD000840090ED000A05F5907000EB840080ED94
:10ABE000000A3448203000EB840090ED000A05F59F
:10ABF0009C7000EB840080ED000A2E48303000EBA2
:10AC0000840090ED000A05F5A87000EB840080ED4B
:10AC1000000A294800EB840090ED000A05F5B470A5
:10AC200000EB840080ED000A641C042CCED30024C9
:10AC300031E02248015D1F485C3000EB810090ED5F
:10AC4000000A201D05F5907101EB800080ED000ADF
:10AC50001A48015D1748643000EB810090ED000A4E
:10AC6000201D05F59C7101EB800080ED000A9FED31
:10AC7000140A201D183101EB800080ED000A1148F4
:10AC800000EB840090ED000A201D183101EB8000DC
:10AC900080ED000A641C022CCBD3284600F030F96A
:10ACA00070BD000010B1002006010020FA00002055
:10ACB000D0A5002054A400207CB0002070D801084A
:10ACC0000000C07F1801002070B5144890F83800CB
:10ACD00000B970BD1148406B11498968884206D19E
:10ACE0000E48C06B0E49C968884200D1F1E70B4895
:10ACF000406B0B4988600948C06BC86008464068D3
:10AD0000401C4860F4F732FF04460B4604492246D3
:10AD10004868F4F745FE00BFDBE70000409F0020D5
:10AD200010B1002010B5002423E004EB44002849B2
:10AD300001EB0010C16A274850F82400814216D068
:10AD400004EB4400224901EB0010C16A214840F89D
:10AD5000241004EB44001E4901EB0010C06A30B11E
:10AD6000F4F704FF1B4A183202EBC40203C2601C52
:10AD7000C4B2042CD9DB002426E004EB840016497D
:10AD800001EBC000416A1348103050F824008142A2
:10AD900018D004EB8400104901EBC000416A0D4853
:10ADA000103040F8241004EB84000B4901EBC00084
:10ADB000406A38B1F4F7DAFE221D064B183303EB74
:10ADC000C20203C2601CC4B2022CD6D310BD000064
:10ADD000349E002028B10020E49D00202DE9F0479A
:10ADE0008AB04148006800F1840AFEF711FD8146EF
:10ADF0004846F5F7EBFAB9F1000F05D03B4890F85B
:10AE0000700208B9F4F7A0FD3848D0F8C812D0F89D
:10AE1000CC020E1836480069354949690844B042E9
:10AE200002D10AB0BDE8F0873048D0F8C8023049F6
:10AE30000969884201D0012000E0002005462B4826
:10AE4000D0F8C8022A4908612848D0F8CC024861E5
:10AE5000002412E01AF9040000EE100AB8EEC00A4D
:10AE6000244800EB8400D0ED000A20EE200A04A85C
:10AE700000EB840080ED000A641C062CEAD31E4817
:10AE800090ED000A8DED010A90ED010A8DED020AA8
:10AE900090ED020A8DED030AF4F768FE0746884636
:10AEA000124A92F8712212B10DB1012200E0002283
:10AEB00011460E4A92F8702212B10DB1012200E043
:10AEC000002210463A464346F4F75AFE01AA0749C3
:10AED00064310648F4F790FE084A04A92846F4F7BE
:10AEE0004FFF00BF9DE70000BCD7010824A600204B
:10AEF00010B10020D0A50020F0A50020E0A800207F
:10AF00002DE9F0412DED048B88B004469A4903C920
:10AF1000CDE90601002508E09FED980A04F14C00F8
:10AF200000EB850080ED000A6D1C322DF4D39448AF
:10AF300090ED080A8DED000A90ED0B0A8DED010AE7
:10AF40009FED900A8DED020A8F4890ED080A8DED75
:10AF5000030A90ED0B0A8DED040A9FED8A0A8DED30
:10AF6000050A1822694604F14C00E5F75EFA8448A8
:10AF700090ED060A84ED190A90ED0E0A84ED1A0A86
:10AF800082480178824800EB810090ED000A84ED50
:10AF90001B0A7D4890ED060A84ED1C0A90ED0E0A0E
:10AFA00084ED1D0A79484178794800EB810090EDE5
:10AFB000000A84ED1E0A774890EDDC0A84ED230A2E
:10AFC00090EDDF0A84ED240A002547E0022D01D22E
:10AFD000284600E0681C80462E4608EBC8016E48F3
:10AFE00000EB0117183800EB880090ED009A6846D6
:10AFF00000EB880090ED000A79EE408A354606F1B4
:10B000000C0004F14C0101EB800080ED009A06F188
:10B01000120001EB8000C0ED008A97ED140A06F1E2
:10B02000160001EB800080ED000A97F88800A0B1BF
:10B030009FED5A0AF4EEC08AF1EE10FA06DC9FED9D
:10B04000580AF4EEC08AF1EE10FA06D20121B1409E
:10B05000D4F814010843C4F814016D1C042DB5D3B1
:10B0600000250EE04C48303800EB850090ED000ADA
:10B0700005F1200004F14C0101EB800080ED000A95
:10B080006D1C062DEED3069890ED100A84ED3B0A58
:10B09000069890ED0F0A84ED3C0A079890ED100A8F
:10B0A00084ED3D0A079890ED0F0A84ED3E0A0025D5
:10B0B00028E03C4800EB850090ED008A3A480068A3
:10B0C00090ED080ADFED390A20EE200AB4EEC80A36
:10B0D000F1EE10FA0ED93448006890ED080AB1EE8E
:10B0E000400ADFED320A20EE200AB4EEC80AF1EE83
:10B0F00010FA06DB0121A940D4F818010843C4F86E
:10B1000018016D1C042DD4D300252BE0284800EB3A
:10B11000850090ED000AB0EE408A2348006890ED6B
:10B12000030ADFED220A20EE200AB4EEC80AF1EE8F
:10B1300010FA0ED91C48006890ED030AB1EE400ADF
:10B14000DFED1A0A20EE200AB4EEC80AF1EE10FA7A
:10B1500007DB291D01228A40D4F818011043C4F8E6
:10B1600018016D1C022DD1D30020C4F81C0108B0B9
:10B17000BDEC048BBDE8F08174D801080000C07FED
:10B18000D8A400200000000054A5002070D80108B9
:10B19000B8A4002024A60020A4A90020DB0F494069
:10B1A000DB0F49C07CB00020BCD7010877BE7F3FD1
:10B1B0001801002038B504469FED0C0A0C490D48D3
:10B1C000F0F782FA0B4890F8400100B938BD094801
:10B1D000EFF788FA9FED050A074B084A054908482A
:10B1E0000094F0F759FB207600BFEFE76F12033BA6
:10B1F00010A6002004AD002054A50020D8A40020F3
:10B20000A0AE002030B585B005460C461B4800783E
:10B2100068B11A48407850B1194890F8790030B1B7
:10B22000184890F8790010B11748407F08B905B068
:10B2300030BD95ED010A8DED030A95ED000A8DED07
:10B24000040A12481049CDE901040091A0F54D709F
:10B2500090F8B80200EB40010C48603800EB411256
:10B2600003AB08490648F3F7A7F910B90020207688
:10B27000DDE70120207600BFD9E70000FA000020BA
:10B28000D8A4002054A50020D0A5002058A9002053
:10B29000F0B588420ED0002A0CD08318814210D914
:10B2A00099420ED2114403E013F8012D01F8012D4B
:10B2B0008342F9D8F0BD00BF10F8013B521E01F8DF
:10B2C000013B8B0701D0002AF6D117090AE0066876
:10B2D00045688468C36810300E604D608C60CB6038
:10B2E00010317F1E002FF2D1C2F3810305E000BFB1
:10B2F00050F8044B5B1E41F8044B002BF8D102F0D0
:10B30000030204E010F8013B521E01F8013B002A41
:10B31000F8D1F0BD234B1B6943F40060224B93F836
:10B320004020224B5B7823B1214B1B780BB140F0BE
:10B330004000002108E022B11E4B5B5C0BB10123F1
:10B3400000E000231A46491C0429F4D3002109E037
:10B350002AB1184B28335B5C0BB1012300E00023BA
:10B360001A46491C0229F3D30AB140F080000F4B62
:10B370009B780BB140F480700F4B1B6813B90F4BD7
:10B380001B680BB140F4007000F0400333B12AB1E8
:10B39000064B9B7813B9084B1B680BB120F00400D7
:10B3A00070470000A80B00240CA40020FA00002025
:10B3B00006010020A4A4002000010020300100208C
:10B3C00001460848007808B902207047087C032825
:10B3D00001D10120F9E7087C012801D10020F4E720
:10B3E0000220F2E7FA000020014609B1887C08B982
:10B3F00000207047087C032807D10B4800680079BB
:10B4000008B10120F5E70020F3E7087C012808D106
:10B410000548006890F89C0008B10120E9E7002089
:10B42000E7E70020E5E70000BCD7010800BF80F394
:10B43000108800BF704701460A69D1E90130986061
:10B44000D1E9010358605068884201D18868506092
:10B45000002008611068401E1060106870470000EE
:10B46000034B0360034B0B608023136070470000A5
:10B47000381000208C100020034B0360034B0B603E
:10B480004FF48073136070478C120020E01200208C
:10B4900000F1080141604FF0FF31816000F10801C7
:10B4A000C1600161002101607047002101617047A6
:10B4B00010B502460B685C1C0CB9106907E002F17C
:10B4C000080000E04068446824689C42FAD9446857
:10B4D0004C604C68A160886041600A611468641C1B
:10B4E000146010BD42684A6093688B60936859602D
:10B4F0009160086103685B1C0360704700BF5020C7
:10B5000080F31188BFF34F8FBFF36F8F00BF0E48DA
:10B510000068401C0C49086008460068012812D1E8
:10B520000A480068C0B208B9012000E0002050B904
:10B5300000BF502080F31188BFF34F8FBFF36F8F90
:10B5400000BF00BFFEE770479C00002004ED00E054
:10B550000D48006850B900BF502080F31188BFF338
:10B560004F8FBFF36F8F00BF00BFFEE70648006834
:10B57000401E054908600846006820B9002080F395
:10B58000118800BF00BF70479C00002070B50646C0
:10B590003546002E44D0083D2C4622496068096893
:10B5A000084008B1012000E0002050B900BF502041
:10B5B00080F31188BFF34F8FBFF36F8F00BF00BFC1
:10B5C000FEE7206808B9012000E0002050B900BF64
:10B5D000502080F31188BFF34F8FBFF36F8F00BFF0
:10B5E00000BFFEE70F49606809680840C0B12068E5
:10B5F000B0B90C49606809688843606000F0EEF9F2
:10B600000949606809680844074908602046FEF750
:10B6100015FD06480068401C0449086001F08CFADA
:10B6200070BD0000980000208800002094000020D9
:10B6300000204FF0E02108618861064800684FF45F
:10B640007A71B0FBF1F0401E4FF0E0214861072015
:10B65000086170472400002070B5E4F79FFE04469F
:10B66000102C16D304F1E02090F8F0531548007820
:10B67000854201DB012000E0002050B900BF5020CE
:10B6800080F31188BFF34F8FBFF36F8F00BF00BFF0
:10B69000FEE70D48006800F4E0600C490968884244
:10B6A00001D8012000E0002050B900BF502080F3F5
:10B6B0001188BFF34F8FBFF36F8F00BF00BFFEE74E
:10B6C00070BD0000A00000200CED00E0A4000020F0
:10B6D000024600200BE0084B53F8303033B9064BDC
:10B6E00043F8301003EBC0035A6002E0401C082806
:10B6F000F1D300BF70470000B82100202DE9F041D0
:10B7000005460E4617462C46FFF7F8FE94F944000E
:10B71000401C10B9002084F8440094F94500401CF6
:10B7200010B9002084F84500FFF712FFA06B28B97C
:10B730003A46314604F1240000F062F82046FEF754
:10B74000CEFEBDE8F081000070B504460025D4B1FE
:10B750001248006808B9012000E0002050B900BF7D
:10B76000502080F31188BFF34F8FBFF36F8F00BF5E
:10B7700000BFFEE700F032F900212046FEF7C0F9D5
:10B7800001F0DAF905463DB94FF0805004490860F0
:10B79000BFF34F8FBFF36F8F70BD000064000020B8
:10B7A00004ED00E00349096801600349096841604C
:10B7B0007047000054000020400000200120014993
:10B7C000086070475000002070B504460D4654B91B
:10B7D00000BF502080F31188BFF34F8FBFF36F8FEE
:10B7E00000BF00BFFEE70548016818312046FFF79B
:10B7F0005FFE01212846FEF783F970BD2C00002072
:10B8000070B505460E46144655B900BF502080F36A
:10B810001188BFF34F8FBFF36F8F00BF00BFFEE7EC
:10B820000648016818312846FFF75CFE0CB14FF05E
:10B83000FF3621463046FEF763F970BD2C0000202C
:10B840002DE9F04706460F4634464FF00109002E19
:10B8500060D0A06C50B900BF502080F31188BFF3B6
:10B860004F8FBFF36F8F00BF00BFFEE7606CB84221
:10B8700001D23D4600E0656CE06AA8424AD0A06C67
:10B88000012847D124480068844201D0012000E00B
:10B89000002050B900BF502080F31188BFF34F8FB4
:10B8A000BFF36F8F00BF00BFFEE7D4F82C80E562C6
:10B8B000A06900F0004010B9C5F10700A06108EBD5
:10B8C0008801164A02EB81016069884201D101209A
:10B8D00000E00020F0B1201DFFF7ADFD40B994F865
:10B8E0002C10012088400E49096881430C480160F2
:10B8F00094F82C1001208840094909680843084938
:10B900000860E16A01EB8101044A02EB8100211D1C
:10B91000FFF7E8FDBDE8F0872C000020F8210020AB
:10B920004400002010B586B000200590049003AAC2
:10B9300004A905A8FFF794FD0022DDE904101346D1
:10B94000CDE9002102901EA11F48039A00F0D0FE0D
:10B950001E4908600846006808B1012400E0002480
:10B96000012C02D101F06AF90446012C15D100BF67
:10B97000502080F31188BFF34F8FBFF36F8F00BF4C
:10B980004FF0FF3012490860012012490860002082
:10B990001149086000F070F810E0601C08B1012047
:10B9A00000E0002050B900BF502080F31188BFF3A1
:10B9B0004F8FBFF36F8F00BF00BFFEE706B010BD13
:10B9C00049444C4500000000C59E0108600000206D
:10B9D0005C00002048000020400000200248006871
:10B9E000401C014908607047640000201D48006841
:10B9F00018B101201C49086032E000201A49086093
:10BA00001A480068B0FA80F0C0F11F0101EB810014
:10BA1000174A52F8200008B1012000E0002050B978
:10BA200000BF502080F31188BFF34F8FBFF36F8F9B
:10BA300000BF00BFFEE701EB81020D4B03EB82006C
:10BA400042685268426000F108024368934202D1A2
:10BA50004268526842604268D268064B1A6000BF72
:10BA600070470000640000205000002044000020C7
:10BA7000F82100202C0000201CB5524800685249D3
:10BA8000884201D0012000E0002050B900BF5020C2
:10BA900080F31188BFF34F8FBFF36F8F00BF00BFDC
:10BAA000FEE7484800684849491E884201D0012005
:10BAB00000E0002050B900BF502080F31188BFF390
:10BAC0004F8FBFF36F8F00BF00BFFEE73F490846AF
:10BAD00000780190FF200A46107008460078009018
:10BAE0009DF8000000F0F0009DF80020904201D188
:10BAF000012000E0002050B900BF502080F31188E1
:10BB0000BFF34F8FBFF36F8F00BF00BFFEE79DF8FD
:10BB1000000000F050002E4A107007202D4A1060DF
:10BB200009E02C480068401E2A4A10609DF8000079
:10BB30004006000E00909DF8000000F08000802874
:10BB4000EFD024480068C0F10700042801D101208B
:10BB500000E0002050B900BF502080F31188BFF3EF
:10BB60004F8FBFF36F8F00BF00BFFEE7194800681B
:10BB70000002184A10601046008800F4E06010606F
:10BB8000124A019810700F482030006840F470008D
:10BB90000C49203108600846006840F07040086099
:10BBA000FFF746FD00200C490860E4F7BFFB0B4897
:10BBB000006840F0404009490860E4F7A3FB00201A
:10BBC0001CBD000000ED00E071C20F4100E400E088
:10BBD000A0000020A40000209C00002034EF00E022
:10BBE00070B505460E460DB1012000E0002050B9A9
:10BBF00000BF502080F31188BFF34F8FBFF36F8FCA
:10BC000000BF00BFFEE7AE4201D8012000E00020E7
:10BC100050B900BF502080F31188BFF34F8FBFF39E
:10BC20006F8F00BF00BFFEE702220021284600F010
:10BC300037F8044604B1A663204670BDF8B5054642
:10BC40000E4617460DB1012000E0002050B900BF9C
:10BC5000502080F31188BFF34F8FBFF36F8F00BF69
:10BC600000BFFEE7AE4201D8012000E0002050B93D
:10BC700000BF502080F31188BFF34F8FBFF36F8F49
:10BC800000BF00BFFEE702203B46002211460090A5
:10BC9000284600F032F8044604B1A6632046F8BDF9
:10BCA0002DE9F84305460E4617460DB1012000E088
:10BCB000002050B900BF502080F31188BFF34F8F90
:10BCC000BFF36F8F00BF00BFFEE705FB06F808F16A
:10BCD0004800FEF743FC044664B1A14609F1480957
:10BCE000002084F846003B464A46314628460094E8
:10BCF000FEF7FCF82046BDE8F8832DE9F8438046BE
:10BD00000E4617461D46DDF82090B8F1000F01D011
:10BD1000012000E0002050B900BF502080F31188BE
:10BD2000BFF34F8FBFF36F8F00BF00BFFEE70DB1B2
:10BD3000012000E0002050B900BF502080F311889E
:10BD4000BFF34F8FBFF36F8F00BF00BFFEE707B198
:10BD50000EB1012000E0002050B900BF502080F358
:10BD60001188BFF34F8FBFF36F8F00BF00BFFEE797
:10BD700007B90EB9012000E0002050B900BF5020E3
:10BD800080F31188BFF34F8FBFF36F8F00BF00BFE9
:10BD9000FEE7482000900098482801D1012000E0EB
:10BDA000002050B900BF502080F31188BFF34F8F9F
:10BDB000BFF36F8F00BF00BFFEE700BF2C464CB142
:10BDC000012084F846004B463A46314640460094EE
:10BDD000FEF78CF82046BDE8F883000070B50546F4
:10BDE0000E462C4654B900BF502080F31188BFF393
:10BDF0004F8FBFF36F8F00BF00BFFEE7FFF77EFBE3
:10BE0000D4E90F12206801FB0200A0600020A063AB
:10BE100020686060E06B401E226C216800FB02110C
:10BE2000E160FF2084F8440084F845009EB9206951
:10BE300008B9012000E00020A8B904F1100000F0CA
:10BE40002FFE80B14FF0805009490860BFF34F8F3B
:10BE5000BFF36F8F07E004F11000FFF719FB04F147
:10BE60002400FFF715FBFFF773FB012070BD0000F6
:10BE700004ED00E02DE9FF4383B0064688461D46E9
:10BE80004FF00009344654B900BF502080F31188A8
:10BE9000BFF34F8FBFF36F8F00BF00BFFEE7B8F156
:10BEA000000F01D1206C08B9012000E0002050B93A
:10BEB00000BF502080F31188BFF34F8FBFF36F8F07
:10BEC00000BF00BFFEE7022D02D1E06B012801D1C7
:10BED000012000E0002050B900BF502080F31188FD
:10BEE000BFF34F8FBFF36F8F00BF00BFFEE700F0BF
:10BEF0005DFC08B9059808B9012000E0002050B9A0
:10BF000000BF502080F31188BFF34F8FBFF36F8FB6
:10BF100000BF00BFFEE700BFFFF7F0FAA06BE16BC8
:10BF2000884201D3022D28D12A4641462046FDF7FA
:10BF300006FF0746606A08B9012000E0002068B9E2
:10BF400004F1240000F0ACFD88B14FF0805032497C
:10BF50000860BFF34F8FBFF36F8F08E03FB14FF022
:10BF600080502D490860BFF34F8FBFF36F8FFFF7ED
:10BF7000EFFA012007B0BDE8F083059818B9FFF784
:10BF8000E7FA0020F6E7B9F1000F04D101A8FFF7A6
:10BF900009FC4FF00109FFF7DBFAFFF71FFDFFF780
:10BFA000ADFA94F94400401C10B9002084F8440014
:10BFB00094F94500401C10B9002084F84500FFF7B3
:10BFC000C7FA05A901A800F00DFBF0B92046FEF75D
:10BFD000A2F8A0B104F110000599FFF7F5FB204687
:10BFE000FEF77DFA00F0A8FD002895D14FF08050B3
:10BFF00009490860BFF34F8FBFF36F8F8CE720466E
:10C00000FEF76DFA00F098FD86E72046FEF767FA26
:10C0100000F092FD0020ADE704ED00E02DE9F84FBF
:10C0200007468A4690461E463C4654B900BF5020FB
:10C0300080F31188BFF34F8FBFF36F8F00BF00BF36
:10C04000FEE7BAF1000F01D1206C08B9012000E031
:10C05000002050B900BF502080F31188BFF34F8FEC
:10C06000BFF36F8F00BF00BFFEE7022E02D1E06B6F
:10C07000012801D1012000E0002050B900BF50206C
:10C0800080F31188BFF34F8FBFF36F8F00BF00BFE6
:10C09000FEE7FFF7E1FA00BF5021EFF3118081F3D3
:10C0A0001188BFF34F8FBFF36F8F00BF0546A06BA2
:10C0B000E16B884201D3022E25D194F945B0A06BE3
:10C0C0000090324651462046FDF739FE0BF1010043
:10C0D00088B9606A08B9012000E0002050B904F175
:10C0E000240000F0DDFC28B1B8F1000F02D00120DF
:10C0F000C8F8000004E00BF1010040B284F84500EC
:10C100004FF0010901E04FF0000900BF85F31188ED
:10C1100000BF4846BDE8F88F2DE9F04706460F46B8
:10C12000344654B900BF502080F31188BFF34F8FBD
:10C13000BFF36F8F00BF00BFFEE7206C08B901207E
:10C1400000E0002050B900BF502080F31188BFF3F9
:10C150004F8FBFF36F8F00BF00BFFEE7206808B9A5
:10C16000A06808B9012000E0002050B900BF5020AD
:10C1700080F31188BFF34F8FBFF36F8F00BF00BFF5
:10C18000FEE7FFF769FA00BF5021EFF3118081F35A
:10C190001188BFF34F8FBFF36F8F00BF0546D4F8F0
:10C1A0003890E06B48451ED994F945A009F101008B
:10C1B000A0630AF1010070B9606A08B9012000E0CB
:10C1C000002068B904F1240000F06AFC40B13FB1DE
:10C1D0000120386004E00AF1010040B284F8450013
:10C1E0004FF0010801E04FF0000800BF85F311880F
:10C1F00000BF4046BDE8F0872DE9F74183B0054612
:10C200000E464FF000082C4654B900BF502080F372
:10C210001188BFF34F8FBFF36F8F00BF00BFFEE7E2
:10C220000EB9206C08B9012000E0002050B900BF11
:10C23000502080F31188BFF34F8FBFF36F8F00BF83
:10C2400000BFFEE700F0B2FA08B9059808B901206E
:10C2500000E0002050B900BF502080F31188BFF3E8
:10C260004F8FBFF36F8F00BF00BFFEE700BFFFF728
:10C2700045F9A76BF7B131462046FDF74BFD781E17
:10C28000A063206908B9012000E0002060B904F132
:10C29000100000F005FC38B14FF080502F490860C5
:10C2A000BFF34F8FBFF36F8FFFF752F9012006B036
:10C2B000BDE8F081059818B9FFF74AF90020F6E7C4
:10C2C000B8F1000F04D101A8FFF76CFA4FF0010894
:10C2D000FFF73EF9FFF782FBFFF710F994F94400EE
:10C2E000401C10B9002084F8440094F94500401C1B
:10C2F00010B9002084F84500FFF72AF905A901A824
:10C3000000F070F9F0B92046FDF7F8FEA0B104F195
:10C3100024000599FFF758FA2046FEF7E0F800F0F0
:10C320000BFC0028A3D14FF080500C490860BFF3EC
:10C330004F8FBFF36F8F9AE72046FEF7D0F800F0DB
:10C34000FBFB94E72046FEF7CAF800F0F5FB204619
:10C35000FDF7D4FE00288AD00020A8E704ED00E015
:10C360002DE9F05F064689461746344654B900BFAA
:10C37000502080F31188BFF34F8FBFF36F8F00BF42
:10C3800000BFFEE7B9F1000F01D1206C08B9012010
:10C3900000E0002050B900BF502080F31188BFF3A7
:10C3A0004F8FBFF36F8F00BF00BFFEE7FFF754F959
:10C3B00000BF5021EFF3118081F31188BFF34F8F3D
:10C3C000BFF36F8F00BF0546D4F838A0BAF1000F55
:10C3D00022D094F944B049462046FDF79BFCAAF1CF
:10C3E0000100A0630BF1010070B9206908B90120B8
:10C3F00000E0002068B904F1100000F051FB40B1EA
:10C400003FB10120386004E00BF1010040B284F834
:10C4100044004FF0010801E04FF0000800BF85F331
:10C42000118800BF4046BDE8F09F00002DE9F341B0
:10C4300082B005464FF000082C46002654B900BFD4
:10C44000502080F31188BFF34F8FBFF36F8F00BF71
:10C4500000BFFEE7206C08B9012000E0002050B9C1
:10C4600000BF502080F31188BFF34F8FBFF36F8F51
:10C4700000BF00BFFEE700F099F908B9039808B9BA
:10C48000012000E0002050B900BF502080F3118847
:10C49000BFF34F8FBFF36F8F00BF00BFFEE700BF3A
:10C4A000FFF72CF8A76BFFB1781EA063206810B9C6
:10C4B000FEF7FAF8A060206908B9012000E000202A
:10C4C00060B904F1100000F0EBFA38B14FF0805081
:10C4D00043490860BFF34F8FBFF36F8FFFF738F802
:10C4E000012004B0BDE8F081039898B90EB901208D
:10C4F00000E0002050B900BF502080F31188BFF346
:10C500004F8FBFF36F8F00BF00BFFEE7FFF720F82C
:10C510000020E6E7B8F1000F04D16846FFF742F9C2
:10C520004FF00108FFF714F8FFF758FAFEF7E6FF9F
:10C5300094F94400401C10B9002084F8440094F998
:10C540004500401C10B9002084F84500FFF700F8B2
:10C5500003A9684600F046F840BB2046FDF7CEFD33
:10C56000F0B1206838B9FEF7C9FFA06800F03CFAC6
:10C570000646FEF7EDFF04F124000399FFF724F9C6
:10C580002046FDF7ACFF00F0D7FA002888D14FF025
:10C59000805013490860BFF34F8FBFF36F8F7FE761
:10C5A0002046FDF79CFF00F0C7FA79E72046FDF72B
:10C5B00096FF00F0C1FA2046FDF7A0FD0028EED05E
:10C5C0005EB1FEF79BFF2046FDF720FC074639468B
:10C5D000A068FFF735F9FEF7BBFF002081E70000F8
:10C5E00004ED00E070B506460C4656B900BF502079
:10C5F00080F31188BFF34F8FBFF36F8F00BF00BF71
:10C60000FEE754B900BF502080F31188BFF34F8F6D
:10C61000BFF36F8F00BF00BFFEE7FEF76FFF184844
:10C6200002687068131A1748006890F8520030B119
:10C6300000201449096881F8520001251CE0206897
:10C64000401C08B9002517E00F4930680968884286
:10C6500004D07068904201D801250DE0206898420E
:10C6600007D92068C01A20603046FFF79BF80025E4
:10C6700002E0002020600125FEF76AFF284670BD19
:10C68000400000202C000020540000202DE9FF4F26
:10C6900085B0804689461746DDE912ABB800FDF744
:10C6A0005DFF064656B15420FDF758FF04460CB115
:10C6B000266304E03046FEF769FF00E000248CB1F9
:10C6C000002084F85100CDE900ABCDE902403A46A4
:10C6D00049464046089BFDF71CFC2046FDF762FAE0
:10C6E000012501E04FF0FF35284609B0BDE8F08F85
:10C6F0002DE9F04F85B00746884691469A46DDE918
:10C700000EB6109C0EB1012000E0002050B900BF11
:10C71000502080F31188BFF34F8FBFF36F8F00BF9E
:10C7200000BFFEE70CB1012000E0002050B900BFBF
:10C73000502080F31188BFF34F8FBFF36F8F00BF7E
:10C7400000BFFEE7542003900398542801D1012034
:10C7500000E0002050B900BF502080F31188BFF3E3
:10C760004F8FBFF36F8F00BF00BFFEE700BFB4B1B4
:10C77000AEB125462C462E63022085F851000020DC
:10C7800004A953464A46CDE900B1CDE902504146DD
:10C790003846FDF7BEFB2846FDF704FA01E000200D
:10C7A0000490049805B0BDE8F08F000005490968C1
:10C7B00009B9012005E00449096809B9022000E02F
:10C7C00000207047480000206400002001490868EC
:10C7D00070470000400000202DE9F0414FF00008B4
:10C7E0004448006800287CD143480068451C424802
:10C7F000056015BB41480068006808B9012000E0E9
:10C80000002050B900BF502080F31188BFF34F8F34
:10C81000BFF36F8F00BF00BFFEE738480768384896
:10C820000068364908603648076036480068401C92
:10C8300034490860FDF7A4FD00BF33480068854215
:10C840003CD300BF2D480068006808B9012000E013
:10C85000002020B14FF0FF302B4908602DE0274821
:10C860000068C068C4686668B54202D2264806609F
:10C8700023E0201DFEF7DFFDA06A18B104F11800C7
:10C88000FEF7D9FD94F82C10012088401F49096853
:10C8900008431E490860E16A01EB81011C4A02EB72
:10C8A0008100211DFEF71EFE1A49E06A0968C96A67
:10C8B0008842C7D34FF00108C4E700BF154800689D
:10C8C000C06A00EB8000124951F82000012801D90C
:10C8D0004FF001081048006808B14FF0010805E06A
:10C8E000FFE70E480068401C0C4908604046BDE860
:10C8F000F081000064000020400000203000002093
:10C9000034000020540000205C000020440000207F
:10C91000F82100202C000020500000204C000020B6
:10C9200070B505462C460026002D55D02B480068D2
:10C93000844201D1012000E0002050B900BF502006
:10C9400080F31188BFF34F8FBFF36F8F00BF00BF1D
:10C95000FEE7A06C50B900BF502080F31188BFF3F0
:10C960004F8FBFF36F8F00BF00BFFEE7A06C401E6C
:10C97000A064616CE06A88422ED0A06C60BB201D70
:10C98000FEF759FD78B9E06A00EB8000144951F8D0
:10C99000200040B994F82C10012088401149096802
:10C9A000814310480160606CE062E06AC0F10700FA
:10C9B000A06194F82C10012088400A4909680843B6
:10C9C00008490860E16A01EB8101054A02EB810038
:10C9D000211DFEF787FD0126304670BD2C0000208A
:10C9E000F82100204400002070B505462C460026A2
:10C9F000002D4DD02749E06A0968C96A884240D2B3
:10CA0000A06900F0004028B922480068C06AC0F15F
:10CA10000700A061E16A01EB81011F4A02EB81017D
:10CA20006069884201D1012000E0002018B3201D78
:10CA3000FEF701FD40B994F82C10012088401749F9
:10CA4000096881431548016012480068C06AE062C5
:10CA500094F82C10012088401049096808430F49B8
:10CA60000860E16A01EB81010B4A02EB8100211DA4
:10CA7000FEF738FD03E007480068C06AE06201265F
:10CA800006E00449606C0968C96A884200D2012640
:10CA9000304670BD2C000020F8210020440000200A
:10CAA00070B50646F068C46854B900BF502080F3E2
:10CAB0001188BFF34F8FBFF36F8F00BF00BFFEE73A
:10CAC00004F11800FEF7B7FC15480068A8B9201D4E
:10CAD000FEF7B1FC94F82C10012088401149096838
:10CAE000084310490860E16A01EB81010E4A02EB3C
:10CAF0008100211DFEF7F6FC04E004F118010B484B
:10CB0000FEF7F0FC0A49E06A0968C96A884204D95C
:10CB1000012501200749086000E00025284670BD76
:10CB20006400002044000020F8210020AC220020F6
:10CB30002C0000205000002070B50024002636484C
:10CB4000006850B900BF502080F31188BFF34F8FA9
:10CB5000BFF36F8F00BF00BFFEE7FEF7CFFC2E488C
:10CB60000068401E2C4908600846006800284FD124
:10CB70002A48006800284BD024E02948C068C468CF
:10CB800004F11800FEF757FC201DFEF754FC94F842
:10CB90002C10012088402349096808432149086076
:10CBA000E16A01EB8101204A02EB8100211DFEF7C1
:10CBB00099FC1E49E06A0968C96A884202D30120CB
:10CBC0001B4908601648006808B9012000E00020F1
:10CBD0000028D2D00CB1FDF7D3FB1648056865B12B
:10CBE00000BFFFF7F9FD10B10120114908606D1E6B
:10CBF000002DF6D100200F4908600D48006838B1BB
:10CC0000012630070C490860BFF34F8FBFF36F8FC9
:10CC1000FEF79EFC304670BD640000203C00002002
:10CC2000AC22002044000020F82100202C0000202D
:10CC3000500000204C00002004ED00E010B586B04C
:10CC40000024FDF709F816480068D0B100200590CF
:10CC5000049003AA04A905A8FEF70EFC0222DDE950
:10CC600004100023CDE9002102900EA10F48039A81
:10CC7000FFF73EFD0E4908600846006800B1012438
:10CC800000BF54B900BF502080F31188BFF34F8F0D
:10CC9000BFF36F8F00BF00BFFEE7204606B010BD98
:10CCA00070000020546D722053766300C5A4010803
:10CCB000740000202DE9FF4704460D4616461F4626
:10CCC000DDF830804FF0000954B900BF502080F3E8
:10CCD0001188BFF34F8FBFF36F8F00BF00BFFEE718
:10CCE0001448006810B3009501960294062D15DAD9
:10CCF000FFF75CFD022808D10023424669460D4833
:10CD00000068FFF7B7F8814610E000231A4669462D
:10CD100008480068FFF7AEF8814607E000233A466E
:10CD2000694604480068FFF779F98146484604B02F
:10CD3000BDE8F087700000205C3A04083506010861
:10CD400000000000000000000002000000000000E1
:10CD500000000000403A04087F7B01080100000049
:10CD600000000000000200000000000000000000C1
:10CD7000683A04083D8B0108020000000000000032
:10CD8000000200000000000000000000703A0408EB
:10CD9000E59A010802000000000000000008000001
:10CDA00000000000000000004C3A0408AD680108D3
:10CDB000030000000000000000040000000000006C
:10CDC0000000000000061016000610160001020305
:10CDD00004050607080C101418203040000000005D
:10CDE0000000000000000000000000000000000043
:10CDF0000100000002000000030000000400000029
:10CE0000000000000500000000000000000000001D
:10CE1000000000000600000000000000000000000C
:10CE200000000000070000000100020004000600EE
:10CE300008000A000C0010002000400080000001E3
:10CE400001010103070100000804020408010101B7
:10CE500000000000010203040102030406070809A0
:10CE6000010200020202000211000100130003008F
:10CE7000120002001400040000000000920E493C61
:10CE8000B10AC93C2BC3163D2EFB483D752B7B3D9B
:10CE900004A9963D80B6AF3D36BDC83D2FBCE13DEF
:10CEA00073B2FA3D87CF093E8340163EB5AB223EB2
:10CEB000A2102F3ECF6E3B3EC2C5473E0115543EE9
:10CEC000135C603E7F9A6C3ECCCF783EC07D823E44
:10CED000938E883E229A8E3E32A0943E86A09A3E41
:10CEE000E59AA03E128FA63ED47CAC3EEF63B23EE4
:10CEF0002A44B83E491DBE3E15EFC33E53B9C93E54
:10CF0000CA7BCF3E4136D53E80E8DA3E4F92E03EC6
:10CF10007533E63EBBCBEB3EEA5AF13ECBE0F63E44
:10CF2000275DFC3EE4E7003F3D9C033F824B063F0C
:10CF30009BF5083F6B9A0B3FDA390E3FCDD3103F7C
:10CF40002A68133FD9F6153FC07F183FC6021B3F22
:10CF5000D17F1D3FCBF61F3F9967223F25D2243F4B
:10CF60005636273F1594293F4AEB2B3FDE3B2E3F99
:10CF7000BB85303FC9C8323FF304353F233A373FC2
:10CF80004268393F3B8F3B3FF9AE3D3F67C73F3F6C
:10CF900070D8413F01E2433F03E4453F65DE473F30
:10CFA00012D1493FF8BB4B3F029F4D3F207A4F3F84
:10CFB0003D4D513F4918533F31DB543FE595563FB6
:10CFC0005348583F6AF2593F1A945B3F532D5D3FD7
:10CFD00005BE5E3F2146603F97C5613F5A3C633FB7
:10CFE00059AA643F880F663FD86B673F3CBF683FD4
:10CFF000A7096A3F0C4B6B3F5E836C3F93B26D3F5A
:10D000009ED86E3F73F56F3F0809713F5213723F10
:10D010004714733FDD0B743F0BFA743FC6DE753F58
:10D0200007BA763FC58B773FF853783F9812793F20
:10D030009DC7793F02737A3FBE147B3FCDAC7B3FE7
:10D04000283B7C3FC9BF7C3FAC3A7D3FCCAB7D3FAA
:10D0500023137E3FB0707E3F6DC47E3F580E7F3FEE
:10D060006D4E7F3FAB847F3F0FB17F3F97D37F3FB4
:10D0700043EC7F3F11FB7F3F0000803F11FB7F3F70
:10D0800043EC7F3F97D37F3F0FB17F3FAB847F3F20
:10D090006D4E7F3F580E7F3F6DC47E3FB0707E3F28
:10D0A00023137E3FCCAB7D3FAC3A7D3FC9BF7C3F75
:10D0B000283B7C3FCDAC7B3FBE147B3F02737A3F65
:10D0C0009DC7793F9812793FF853783FC58B773FDA
:10D0D00007BA763FC6DE753F0BFA743FDD0B743F2F
:10D0E0004714733F5213723F0809713F73F56F3F46
:10D0F0009ED86E3F93B26D3F5E836C3F0C4B6B3F8F
:10D10000A7096A3F3CBF683FD86B673F880F663FFF
:10D1100059AA643F5A3C633F97C5613F2146603F2F
:10D1200005BE5E3F532D5D3F1A945B3F6AF2593F47
:10D130005348583FE595563F31DB543F4918533F1C
:10D140003D4D513F207A4F3F029F4D3FF8BB4B3F33
:10D1500012D1493F65DE473F03E4453F01E2433FCB
:10D1600070D8413F67C73F3FF9AE3D3F3B8F3B3FE4
:10D170004268393F233A373FF304353FC9C8323F4D
:10D18000BB85303FDE3B2E3F4AEB2B3F1594293FBA
:10D190005636273F25D2243F9967223FCBF61F3FC3
:10D1A000D17F1D3FC6021B3FC07F183FD9F6153FF8
:10D1B0002A68133FCDD3103FDA390E3F6B9A0B3FED
:10D1C0009BF5083F824B063F3D9C033FE4E7003F51
:10D1D000275DFC3ECBE0F63EEA5AF13EBBCBEB3E90
:10D1E0007533E63E4F92E03E80E8DA3E4136D53E6A
:10D1F000CA7BCF3E53B9C93E15EFC33E491DBE3E63
:10D200002A44B83EEF63B23ED47CAC3E128FA63EB9
:10D21000E59AA03E86A09A3E32A0943E229A8E3E87
:10D22000938E883EC07D823ECCCF783E7F9A6C3E06
:10D23000135C603E0115543EC2C5473ECF6E3B3E77
:10D24000A2102F3EB5AB223E8340163E87CF093E4B
:10D2500073B2FA3D2FBCE13D36BDC83D80B6AF3D4F
:10D2600004A9963D752B7B3D2EFB483D2BC3163DF7
:10D27000B10AC93C920E493C00000000920E49BC24
:10D28000B10AC9BC2BC316BD2EFB48BD752B7BBD97
:10D2900004A996BD80B6AFBD36BDC8BD2FBCE1BDEB
:10D2A00073B2FABD87CF09BE834016BEB5AB22BEAE
:10D2B000A2102FBECF6E3BBEC2C547BE011554BEE5
:10D2C000135C60BE7F9A6CBECCCF78BEC07D82BE40
:10D2D000938E88BE229A8EBE32A094BE86A09ABE3D
:10D2E000E59AA0BE128FA6BED47CACBEEF63B2BEE0
:10D2F0002A44B8BE491DBEBE15EFC3BE53B9C9BE50
:10D30000CA7BCFBE4136D5BE80E8DABE4F92E0BEC2
:10D310007533E6BEBBCBEBBEEA5AF1BECBE0F6BE40
:10D32000275DFCBEE4E700BF3D9C03BF824B06BF08
:10D330009BF508BF6B9A0BBFDA390EBFCDD310BF78
:10D340002A6813BFD9F615BFC07F18BFC6021BBF1E
:10D35000D17F1DBFCBF61FBF996722BF25D224BF47
:10D36000563627BF159429BF4AEB2BBFDE3B2EBF95
:10D37000BB8530BFC9C832BFF30435BF233A37BFBE
:10D38000426839BF3B8F3BBFF9AE3DBF67C73FBF68
:10D3900070D841BF01E243BF03E445BF65DE47BF2C
:10D3A00012D149BFF8BB4BBF029F4DBF207A4FBF80
:10D3B0003D4D51BF491853BF31DB54BFE59556BFB2
:10D3C000534858BF6AF259BF1A945BBF532D5DBFD3
:10D3D00005BE5EBF214660BF97C561BF5A3C63BFB3
:10D3E00059AA64BF880F66BFD86B67BF3CBF68BFD0
:10D3F000A7096ABF0C4B6BBF5E836CBF93B26DBF56
:10D400009ED86EBF73F56FBF080971BF521372BF0C
:10D41000471473BFDD0B74BF0BFA74BFC6DE75BF54
:10D4200007BA76BFC58B77BFF85378BF981279BF1C
:10D430009DC779BF02737ABFBE147BBFCDAC7BBFE3
:10D44000283B7CBFC9BF7CBFAC3A7DBFCCAB7DBFA6
:10D4500023137EBFB0707EBF6DC47EBF580E7FBFEA
:10D460006D4E7FBFAB847FBF0FB17FBF97D37FBFB0
:10D4700043EC7FBF11FB7FBF000080BF11FB7FBF6C
:10D4800043EC7FBF97D37FBF0FB17FBFAB847FBF1C
:10D490006D4E7FBF580E7FBF6DC47EBFB0707EBF24
:10D4A00023137EBFCCAB7DBFAC3A7DBFC9BF7CBF71
:10D4B000283B7CBFCDAC7BBFBE147BBF02737ABF61
:10D4C0009DC779BF981279BFF85378BFC58B77BFD6
:10D4D00007BA76BFC6DE75BF0BFA74BFDD0B74BF2B
:10D4E000471473BF521372BF080971BF73F56FBF42
:10D4F0009ED86EBF93B26DBF5E836CBF0C4B6BBF8B
:10D50000A7096ABF3CBF68BFD86B67BF880F66BFFB
:10D5100059AA64BF5A3C63BF97C561BF214660BF2B
:10D5200005BE5EBF532D5DBF1A945BBF6AF259BF43
:10D53000534858BFE59556BF31DB54BF491853BF18
:10D540003D4D51BF207A4FBF029F4DBFF8BB4BBF2F
:10D5500012D149BF65DE47BF03E445BF01E243BFC7
:10D5600070D841BF67C73FBFF9AE3DBF3B8F3BBFE0
:10D57000426839BF233A37BFF30435BFC9C832BF49
:10D58000BB8530BFDE3B2EBF4AEB2BBF159429BFB6
:10D59000563627BF25D224BF996722BFCBF61FBFBF
:10D5A000D17F1DBFC6021BBFC07F18BFD9F615BFF4
:10D5B0002A6813BFCDD310BFDA390EBF6B9A0BBFE9
:10D5C0009BF508BF824B06BF3D9C03BFE4E700BF4D
:10D5D000275DFCBECBE0F6BEEA5AF1BEBBCBEBBE8C
:10D5E0007533E6BE4F92E0BE80E8DABE4136D5BE66
:10D5F000CA7BCFBE53B9C9BE15EFC3BE491DBEBE5F
:10D600002A44B8BEEF63B2BED47CACBE128FA6BEB5
:10D61000E59AA0BE86A09ABE32A094BE229A8EBE83
:10D62000938E88BEC07D82BECCCF78BE7F9A6CBE02
:10D63000135C60BE011554BEC2C547BECF6E3BBE73
:10D64000A2102FBEB5AB22BE834016BE87CF09BE47
:10D6500073B2FABD2FBCE1BD36BDC8BD80B6AFBD4B
:10D6600004A996BD752B7BBD2EFB48BD2BC316BDF3
:10D67000B10AC9BC920E49BC000000807C3A040883
:10D6800000010000000078419A9979400AD7233DB3
:10D69000D00F4940000034420000584200002042B0
:10D6A00001010101FFFFFFFF0101FFFF0101010176
:10D6B000030000001539F43E1FBCFC3F1539F43E51
:10D6C0001FBCFC3F3D0A573E0000803E295C0F3ED8
:10D6D0007B14AE3EB81E05BE295C8FBD000016430C
:10D6E000000016430000000102FF0101010002FFDB
:10D6F0000101010002FFFFFF000102FF01FF000026
:10D70000FFFFFF010101000012851E4059874540BF
:10D7100012851E4059874540010000008C3A0408DC
:10D7200001000000000010426666E63F0AD7233D74
:10D73000D00F49400000F04100002041000020418E
:10D7400001010101FFFFFFFF0101FFFF01010303D1
:10D7500002000000426065BD508D973EA69BC43C10
:10D76000C1CAA13EC902063EBF0E1C3EB81E053E00
:10D770001F856B3E0000008000000080000000005C
:10D78000000000000000010002FFFFFF000102FF97
:10D79000FFFF000102FF01FF000102FF01FF000087
:10D7A0000000000000000000000000000000000079
:10D7B0000000000000000000000000007CD601080E
:10D7C0000000807FB49F0020CDC3D13C4260653B08
:10D7D000BAFB17BD734129BE7F6A3CBC25A504BEB8
:10D7E0004B52A13C0AD723BC452036BD000080BF68
:10D7F000CDC3D13C426065BBBAFB17BD734129BEA6
:10D800007F6A3C3C25A504BE4B52A13C0AD7233C71
:10D81000452036BD0000803F8FC275BDCDCCCC3DCC
:10D82000000000008FC2753DCDCCCCBD00000000D3
:10D8300000002041000020410000000000002041C5
:10D8400000002041000000000000803F0000803FF9
:10D85000000000000000803F0000803F000000004A
:10D8600000000000000000000000000000000000B8
:10D8700001000000D8A4002054A50020649F0020CF
:10D88000589F00204C9F00200CA4002034A40020AE
:10D8900004000000240500200000803F40108200AA
:10D8A0000100000098D8010898D801080400000081
:10D8B0006405002004000000A80500200000803F4F
:10D8C0004010820001000000BCD80108BCD801084B
:10D8D00004000000E8050020040000002C060020E1
:10D8E0000000803F4010820001000000E0D80108E5
:10D8F000E0D80108040000006C06002004000000CD
:10D90000B006002004000000F4060020040000001F
:10D91000380700200000803F401082000100000016
:10D9200014D9010814D90108040000007807002068
:10D9300004000000BC0700200000803F401082006F
:10D940000100000038D9010838D90108040000009E
:10D95000FC07002004000000400800200000000038
:10D96000E84904080C4A0408CC490408F4490408AE
:10D970000000000000000000304A0408020200001D
:10D980000000000000000000000000000000000097
:10D9900089A9000000000000000000000000000055
:10D9A0000000000000000000000000000000000077
:10D9B0000000000000000000000000000000000067
:10D9C0000000000000000000000000000000000057
:10D9D0000000000000000000000000000000000047
:10D9E00055F2C6ED00000000E84904080C4A04089E
:10D9F000CC490408F44904080000000000000000BD
:10DA0000304A04080202000000000000000000008C
:10DA1000000000000000000089A9000000000000D4
:10DA2000000000000000000000000000DECAFAA1B3
:10DA300000000000000000000000000000000000E6
:10DA400000000000000000000000000000000000D6
:10DA500000000000000000000000000000000000C6
:10DA6000000000000000000055F2C6ED00000000BC
:10DA70000100000058040000010000000100000047
:10DA8000400404000000000000000000000000004E
:10DA90005804000001040000000000000100000024
:10DAA000A45E0200010000000100000040040440E8
:10DAB000000000000000000000000000A45E020062
:10DAC000010400000000000000000100FC0F002025
:10DAD00000000100181000200000000000000000FD
:10DAE000F547493D0B6FF3BB405630BEC168FD3D65
:10DAF000EFC80E3ED0D9273D654DBE3B08A4A73DDB
:10DB0000EE2E76BC1188F0BD7BD3D03DBA2B863D7E
:10DB1000048647BE4A9DC1BC43FCE33D052183BD4D
:10DB2000710D16BE70FA25BD780CE73D76A9823CD2
:10DB30006DB48D3C91F639BC24AED43C6A67B93CD7
:10DB40000A7505BD959B8EBD2B2EF1BD0B66AFBE34
:10DB5000D354F33D5A419F3D0CB9DB3B191007BC30
:10DB600058E234BD8373113CA8E66BBDA29AD83D40
:10DB7000D22EEEBC72309BBDF34520BB24C910BD34
:10DB800066B096BD1D1224BE5AE7563E17B2A1BA22
:10DB90008B4757BB4F5D003CC72A53BC1520473B02
:10DBA00055C874B84F6A673C4AF403BDEDEB56BEE6
:10DBB0008E6705BF8FA3553CDA8A3E3EF2A2973CA2
:10DBC000E77A89BDCF8D46BCAEF0133C9FDD06BD24
:10DBD000CEDF833C9A09843C43F708BE22CE073E41
:10DBE000E85B0A3E7B8EA13B4BA7B5BE9967213C03
:10DBF0008887CB3DB91641BD7649AEBBBA4F9C3B39
:10DC0000540A013D2038203C0462C7BBDDAAA33C76
:10DC1000EF03A83D1B2683BC1C6F7C3CEE54793E71
:10DC20004B89423CAE837BBD2C247ABD4802B6BBF7
:10DC30009A3DAE3DE17DC3BD9504113C056BA33D0E
:10DC40002FC344BC5234923E17E8E9BC8F9F1EBDDF
:10DC5000E433A8BE1C029CBD7CAE8FBD6242173D62
:10DC6000A049033D8DD167BD3F4A1EBB13B2CD3DD8
:10DC700004CA213D3F7F013F0E4CC63D7DDFE53D9F
:10DC80002695423E0CB5F8BC5DB708BD6FC3EBBC32
:10DC9000EDF498BDCAA10E3E117A4CBEBE141BBE57
:10DCA000C7502E3EA67AF03D63B78C3E0B6B88BC06
:10DCB000203B1EBE5E9E81BEB1D988BB244588BD77
:10DCC000416CBBBB5F8E4B3D40ADD0BDAF5C353DC5
:10DCD000C2A1E93C878DDBBE483E2DBE229B2CBEF7
:10DCE000BCA288BE33E21FBE054614BE42BD37BD8E
:10DCF00054E9403D6365AFBBD5F052BB7265EDBDE5
:10DD0000510CDCBD8CCBCA3BAF65DFBECF24B9BEA6
:10DD100069FA89BE3859523E3C0D863E7C99E8BD71
:10DD2000ED332D3DB750E4BCA7286CBDA63937BDF7
:10DD30004CB192BDD7B1BF3CE3B7553CF685AB3D86
:10DD400070C235BE4EC48CBE3EE3CEBD09660FBE6A
:10DD5000F0F12E3B3A44F1BC6ECFBBBDA4E21CBC3B
:10DD6000D6BAADBD6B4F42BEABC8FFBD7AB751BE90
:10DD7000668D15BE3AB6BEBD5B88E53D5CDA6FBD0B
:10DD8000C9DE543D624F503C6CDC3B3CF1F2CDBCF3
:10DD9000C0BB4BBDD0B81D3DB915D83C444CB1BC3F
:10DDA0008954A83D9E6D05BE20F560BE140018BEC6
:10DDB000907ACEBDB773A5BD41A66EBC1596FA3C50
:10DDC000F391A0BD78390B3D05BD04BC8CA421BEE8
:10DDD00052FECEBE1EE9A63DC158BB3D939B7B3E85
:10DDE000E0C2F2BDAFAC153C5C8C7F3DE4983FBD1A
:10DDF00096E3C5BB4D954FBDD6B0513D7CE360BBAE
:10DE0000E3845C3D2AF1673E7F86BEBDC8D16EBE0D
:10DE10008F6545BEBFE11BBE5091003C5E0B61BDEE
:10DE20002F5403BE3F8951BE28F66EBD62E0C33B4E
:10DE30003BD9EBBD745E99BD93C8273DC628C83D4C
:10DE4000C143233E84B5F7BDCFAC10BEEE4A133DAF
:10DE500050E38ABC34E027BD21D38FBAB6EF2B3D07
:10DE600022D9113DD9E7D9BEC489BF3D28B5F4BD3B
:10DE7000272F9BBC8986E0BD3F6925BE902FA43D1E
:10DE8000CCC902BDEF7BD6BD14A670BE6D4BCBBD19
:10DE90002B8165BDE4AD8DBC80D95FBDA63C6CBD5A
:10DEA0001147BFBD1121CBBB8017FCBCF28820BE3F
:10DEB000F29A083D7959B3BC112A3CBD5AF64B3D44
:10DEC000505777BD1EEB723C08B137BE8644053E05
:10DED000B523EF3D11E2003E9460F63E9CFFF9BD94
:10DEE00093DF4E3DEE4F1EBB197D1B3E0A260DBE35
:10DEF000941886BE19046F3B76ED773E0BF83FBC55
:10DF0000E0DFC63E5A7789BD460E18BED2DCE5BEBC
:10DF1000956E9FBD5A6AFEBA1E09B5BD9AE1413D94
:10DF20007CF4743DA55E763C340161BDB12892BCA1
:10DF30004475883DF1AC313E3565DB3D9866ED3E7C
:10DF4000FF0655BC4AA2933D419F39BD833CBA3D73
:10DF5000A8779FBD940A13BE15D4EABC1A74913DEC
:10DF6000A4AC68BE0E76AD3EBDC31CBE51E2323ECF
:10DF700092871BBEEA4B8B3D301672BB471EBFBD5E
:10DF8000BE58C3BB94A18E3DCB1E03BCF74566BDF6
:10DF90001526833E41A8AC3D3CC5223E0657EB3CCE
:10DFA000E832FB3E180F19BEAAF2253DEB5C30BDEE
:10DFB00067692F3EC46A13BCEAF2F1BD20BA7FBD87
:10DFC00087FFA43D2DF2ACBEA04C833CE102D5BC42
:10DFD00029BD663E90D287BC4F4BF73D71CA133CBA
:10DFE0001AECA93CA2CCF9BA5A5EDC382C5B4F3D46
:10DFF000413FA0BC92D71D3C2B915C3E3BE7163EB7
:10E000001CCE173D114BB03EE9C61ABED79B04BDCE
:10E010004943BE3A19324E3E8EBF013E7AF334BDBB
:10E02000B7D09CBD9592F73CA780FA3CCA924CBDF4
:10E030004961313DD075E43DCCF1963E6325AE3D5E
:10E04000E60667BD96D9AA3C5C4A22BD869E873A01
:10E05000E290F3BC04FFF73CD1A1E3B9CAF8093E52
:10E060000964053EA442F5BC74FCB93E88E850BE84
:10E070006654453C58C7453D0BD7223E15C18F3CE1
:10E08000ED9536BECC0DB83DAD7D97BDC2EA3CBE28
:10E09000C7C4ACBD520CC63C3CD61F3EE424683E0F
:10E0A000A14E87BD875CB039539FE33C9032ED3C75
:10E0B00051DB1DBCD4BE8BBC2E054F3DC94C41BEAF
:10E0C0001AC9E53DF0E0B93ED121D5BD2ACA3BBE13
:10E0D00042BA0FBC4B0C86BD6EA27D3D678D01BE62
:10E0E000EBE2BCBE74C73BBD076A813E31CB323E1A
:10E0F0002CAE253EDD40F7BD93AD413DCF3D86BC06
:10E1000070AFE63DCF4469BDB3234E3C223CE7BC33
:10E1100009C90D3D992C88BC8C729B3C850D193D1D
:10E1200092DB143DD3370BBD13C22F3EFD4CABBD6C
:10E1300018C8EEBDAEC6BCBD9F6311BD66BE583DDE
:10E140004153C0BD107671BEA36D143D4A1E9F3E63
:10E15000BCE57C3E3387B53DE5EB2EBEECC8953D76
:10E16000DAC131BD856D0E3ED3CFD6BDD7BB61BC04
:10E170003DB939BD67D258BDD755A9BD7D3A1A3DC5
:10E18000378E693DAC0AC33DB83F0FBDA4433F3E47
:10E1900071120BBEF7B237BEAC2ADABD2DED2BBD26
:10E1A00053B2483D60AAAE3CB51F0DBECB452BBD5A
:10E1B000DCA24D3E82DEB13D79FEBD3DE86521BE6B
:10E1C000F68F74BD2D9FFF3C22278D3E03A826BEEF
:10E1D0003697B53BCFE7F23C1B94333DB3149FBD5C
:10E1E000CF0FBEBC5166873D6C28A53D9A68653E41
:10E1F000B60A183F5BAC74BD23D524BE41AE09BE40
:10E20000E60F8E3D8EDE8D3D5CDFA03CEB89C0BC11
:10E210004579C13CDF9E94BB21A3F53DA82A7E3CF5
:10E22000661F5ABCCD7AD13C8310B13D14D23E3E1C
:10E2300007CA2ABE1E4283BDA063CFBC4E9E803D4E
:10E24000388AAA3C34A1083DBE2901BD79F61A3EA0
:10E25000DE67643D45DEE63EA1DBDBBD48F97DBE01
:10E2600012A61CBD07C546BD453ABDBC32C1FCBDAA
:10E27000E94B263E5814E33C7A4F0EBDD7F8D63C06
:10E280003B4F48BEF903EC3DE6CE95BD03CE5F3E65
:10E290009FEDE53D1B9CD7BD3B8222BC73CDBA3CB4
:10E2A000F6898F3D28BD20BD189A0BBC8B26DF3C1C
:10E2B000112C163E70C73D3C8F9F7B3D74BC383C93
:10E2C000BF89783E12FB02BE86F185BC89A9DB3C82
:10E2D000301A473CD783953BB7D77B3EBFBEA23DA4
:10E2E000276C4EBE623F8D3DD96ED83D3669A0BDCC
:10E2F000D3762D3EC7DB083C986E19BD164151BD43
:10E300008BC38A3DE7E9A13DE80DD33CB94D813C83
:10E3100065612DBCCDD0703E4C43BCBCB1CA97BD2D
:10E320006E8EA03DA8F1953E5D1336BD0112A03C56
:10E33000B297AA3D10B52B3DD92311BC94F9203ECC
:10E3400087C1B5BC19CBF1BDD015B1BDFBD4BEBDE5
:10E3500088417CBDFE902F3E2160B13DF110843D8F
:10E36000D722E2BCD0C516BDD28D973D4A5F603D35
:10E37000C451363C37EFDCBD2EEDDABEEFB2F33CD4
:10E380002D9877BE31B6203B3CB89E3E9E28B5BD49
:10E390007C0C8C3DE86DCD3B335ADCBD42F3D13C67
:10E3A0000675F03D3D55173C16D6843B9E459B3D7A
:10E3B00098EF03BE1060CB3DEF6D07BDA7914E3EB9
:10E3C00053C767BD0F172FBDD676603C87C2AF3DE0
:10E3D000695A613B65C5193A947C0FBCA43F8A3DDC
:10E3E000C41F94BE21AF713D9E58FF3C70FD943E0A
:10E3F000476D75BDCDF347BCBEF9A4BDB2EFB6BD48
:10E40000414A133DB3A937BD31AF66BD281C01BDDC
:10E41000973850BE9125ECBD1ADD263D8845383E23
:10E420003994FFBD7362FABDB787FD3BEAE6CCBD08
:10E43000AD25E83CCCC71DBDE52AAD3C95173B3D5D
:10E44000E359613D169B413D7BF6B93E5CE8713D69
:10E45000D916993E1B7E7CBDF185543D745B45BD4C
:10E460004B0A10BDD5D2693D453053BE3D6513BD45
:10E4700049A5943E02BB1ABEB1A68CBDE75B40BD68
:10E480009E05DB3D53501C3DBC6761BE6BA124BCA7
:10E49000F62E6F3C1751AABC55EE233D2F4C873CFE
:10E4A0005E6B453DA1069DBED82EAA3D8BBEBABD72
:10E4B000CB90173D1E77243EBCAAD53DAD96E63BDA
:10E4C00061A2F63C53C6E5BDAE2965BC41E0743C93
:10E4D00079047DBC3AF9E93DDE913FBE6F49A33D29
:10E4E0003AD886BDF004C1BDAC84A13E1011DE3C1B
:10E4F0005ED194BCE8C929BD9E44A33D299804BDC2
:10E5000043D12C3D0AE9C43CDBF0CBBE1B8E033E5D
:10E51000FF7C99BD07D2833D344E6F3E663FA33DDD
:10E520004BFF39BDDB72CBBC1DA1B4BDDC6B43BD61
:10E53000A3CEF1BCEFD6023E9FA14F3DEF9B93BE11
:10E540007710C9BCD510DFBD35C875BD746C6F3E82
:10E55000D2E2E93C009DFBBCF58A56BD4463003D18
:10E56000C799E6BC062E373CEB8E91BC2FC76FBF18
:10E570002E25B23D7E5C06BEC2DA003E5DFA833EC9
:10E58000703579BCA5BF383DB9BFA9BC59FEF4BDF3
:10E59000446F8CBB6969F9BDFA5A893C9E6EA03DF7
:10E5A00084B26EBEF5138B3E7C8C493CB43ACEBD32
:10E5B000886D9CBEAE0C78BD9E692CBDA4AB923C10
:10E5C000A13A05BD3F4D86BDD17151BAF2E1553D2D
:10E5D000768E753F4667673CDDCB8BBEAA2C0B3E23
:10E5E00023329A3EDDBBBA3D7C706C3D3DC747BDD2
:10E5F00058FFAABD7989133E0D0F0EBDF912D63C06
:10E60000E3E88D3D627705BD48E6103E7AC1133ED2
:10E610004C87803E71EC773C5D26B9BD4282963CCA
:10E62000F59B813CF51C11BE0F353D3DD605F0BD77
:10E63000BEC2013E9A773C3E905E763EB4EE66BE28
:10E6400032E3B93C519C2A3E8CA31ABC69DF623D7F
:10E650007A84CB3B84ED43BC077D443E6C49D0BDFE
:10E6600007E5E43DCB61493E2B4C083D2B79A73DA6
:10E67000F2BF09BC9DF0453D81DC9D3C36B6743D42
:10E680001132433DB2DF2EBDF5BF26BDAE391FBDF1
:10E6900047CF353D2833A13A6CBD05BF6AE832BE8D
:10E6A000C2F58A3D3A980DBD18C918BE74B70D3E23
:10E6B0005AA953BDC044AF3D4987ECBC935F81BDAF
:10E6C000634E78BCB9594A3EBDFBE73C11B5A93E43
:10E6D00072F065BB1ABD373D110B92BEDBBDBA3D72
:10E6E0006BBE083E2D368A3B07F1553B07099EBCA1
:10E6F00087A539BC6196253CCAA9EA3C2B443BBF9F
:10E7000056AE5CBE66E53EBBDD1E22BE7981B0BD65
:10E71000C6E5563DAF5FF7BB56028B3D5BDAB9BD30
:10E72000ABC5A23CE57C8FBC88724C3ECE3F0F3D12
:10E7300056A9983EEAC920BEBA8C883DBD5A85BE0E
:10E740006690E43D91DCBFBCDC054B3B3F31553C62
:10E750001730AFBCF6ED0BBD68380CBDC57ECF3DA4
:10E760003A4519BF07A42D3C7C89153E1A9482BDF9
:10E7700058C68A3AB037FC3D2D9EB13C9C8E8E3DEA
:10E780005AD01ABEEE0AEEBCD6A8F73D4708E53DC2
:10E790009A1A89BC80CD8C3EF99D09BE0ED6873C65
:10E7A0000C6EABBE360F313DCCC439BE5E7909BCB0
:10E7B00002B47FBD62B7AF3CE154A23C8F1A2FBCBC
:10E7C0005B26B53D6DDC20BF0AEA3ABEE23FA13DC3
:10E7D000E816843D256CA33D1D4DD63DE182B2BBBC
:10E7E00011E3A93DA7B70BBD32194B3CB0C8953D0D
:10E7F000648C0E3ED0AF0EBDC2CFA33E3E7AB6BCF7
:10E80000C11C42BE5DE7BEBEFE5F47BD91BF51BDAC
:10E81000099C06BD39CCD0BDEF3DEB3D9F8F063D39
:10E82000822620BDA3D2973C05C0BBBEB4FD7EBEF0
:10E83000B016BD3E7DCBD6BD2F3FBE3D4FE99A3DC4
:10E840004D44CBBC75A15F3D8AE41BBE03193ABDA4
:10E8500049F5963E143C143E0E449CBE9DED283E68
:10E8600059B51C3EBF8A67BD2E6193BECF9101BED4
:10E87000CEAAEBBA207D80BC0E2228BD41E2503DDD
:10E880000D0A2E3B5837C8BBF40C77BD2EB51FBD03
:10E890006A90D73D8D94ACBEE3AC443C2EC031BDF4
:10E8A00036E708BDDD36A2BDAA978ABD7B21A9BC8B
:10E8B0000798D23D50ACC6BD369D07BEAD0B773E26
:10E8C00044FB20BEAC9409BE25EEBDBCB75C153D33
:10E8D000B85221BC2161C2BC74C651BC406CF4BCAE
:10E8E00057C7DA3BE52C85BC3BFC313D5EDBC53CC4
:10E8F00058F7DFBDE67C18BD313527BEB0B8123EF3
:10E900000B6C44BDDF86853B0DAEE43CA302A33D0A
:10E91000269C54BC6329CC3D302E15BD7D7CACBDFE
:10E92000C5AA4E3EB061333C5D442EB982908EBD87
:10E93000FD01B13C443AA6BD3845C1BC30314EBCA6
:10E940007B27C9BCE5FD90BC020C93BC995E103CD2
:10E950007EE7E43CD9D0413D51C801BE8FC798BE87
:10E960003F70D73D95A477BDDC8D94BCC2CCB13D42
:10E97000E4E7A1BD428DD33DDBCE573C0373C23CDF
:10E98000F98AB93CC5A83B3E23FE473D566EBDBC47
:10E990001E3E023D277DD03C7ACAF3BD8AF4A6BD57
:10E9A0003EF4C2BBD3703DBD22B616BDF5AF2CBD43
:10E9B0006A8A71BC13C6703DDF9A04BF900C9D3EFD
:10E9C000CF47D7BEEC28F03DE58C94BBDEB685BCC6
:10E9D000C3F0823C6249DBBB9CB4293DEC3DBD3BAE
:10E9E000CE8D133EC52A153E8C1D8CBD83380F3E3F
:10E9F000DDC4C23D1F73A8BD0C5FABBD2FDA49BE9D
:10EA00006FD2DBBD8504B4BD337CD9BCE601A33D28
:10EA10005F67EB3CFFFF0CBC2C775E3C7EFA90BD41
:10EA20007EDABEBBC8B7E2BD11789F3D7DF2BD3B2B
:10EA300093FAF2BC8BBE2BBDBDA126B80CD91C3DF0
:10EA4000F7231C3CEFE47A3E36354A3E07428FBE40
:10EA50005E8462BDA4BFBBBD805230BC79567F3D91
:10EA60000F6036BEB5053BBEAFC3B9BB178CD33AFA
:10EA7000C49C243D54E7D83CB79FA3BCF7A1B93C44
:10EA8000DCAFA5BE8002263E2FAC86BBCE5208BEB0
:10EA9000E7889ABE999A8E3DA62801BBB24112BD65
:10EAA00030349639819F2C3E58D0193EA33A6FBE20
:10EAB000E58E8A3D9AC4E33D08C1663E7DBC223E98
:10EAC000C06F56BE72D0FBBD23993DBE171A203BC6
:10EAD000F06B273DDC0217BA1A85B5BCD1AD603C9E
:10EAE00025E2F93C8EABA0BEAE6445BE99EF86BD73
:10EAF000010BCFBD4FF446BEA1C8883DE219B0BDA1
:10EB0000E43329BD437AD93DF0EB0E3E032C143E8D
:10EB1000549955BEDE1B273DCD8811BE3685E83D94
:10EB200062D0523D9B0E9FBD75F35BBD2A3EB3BDC7
:10EB300049E7603C8659773C56BB0ABD8795D7B9F3
:10EB40005BED31BD7E42F93C3A1D893E350EE6BD96
:10EB5000B30108BE0B64BABC487459BE933897BD64
:10EB60004DE693BD4E708B3D9201973DD4B37C3CF6
:10EB700020D64B3C48E2B8BDFEE4F7BD876D8DBBA7
:10EB8000098C6C3D6727623C8AF104BE1C4968BE53
:10EB900028B523BDF724EABCBF8D8FBC87B69D3C4A
:10EBA00009A010BD2B85E73A4F85DD3B4E22363F4D
:10EBB000BF595E3E5B8705BC507C963C7D914CBE48
:10EBC000FD98B7BD11CD963CD4F0B1BD4F23BF3DEC
:10EBD000AAED593BBC434A3D2BF5C13DD14AB0BDDE
:10EBE000F7B6043E3B5FA7BC88AEA6BDFD283EBE7F
:10EBF0004E20EEBD53F9C2BC5991E0BC639E98BD56
:10EC0000B542BA3DC511C73B8308E43C46FB9FBBF8
:10EC1000F078363F31823BBB310CE4BCB57261BB4E
:10EC2000F17751BEA438853D0BC31EBDEE376D3D57
:10EC3000EDF4D03D0227B6BDA1BE92BE883E133E84
:10EC4000AB8FC23D30859D3DA7D38DBD48F0FFBD44
:10EC5000BD7926BE5F8F0C3E9FF0C33CD0A96CBD32
:10EC6000FDC06FBD1746A0BDFE13E0BCC8B46E3D2D
:10EC7000D5C8943DB90225BFEA15043CCF5A16BE4B
:10EC80002A22D7BD703EAEBC574401BE8290983D4B
:10EC9000D486973D7F97D43DD1F5483EC014803E41
:10ECA00045861BBE0A89D4BE14B0C8BE202684BEC9
:10ECB000ED97543DF55EB73EA1C4C83E2BB59C3DD3
:10ECC000D22548BD00678BBDDEF48DB90289423D77
:10ECD00000A2803D8F3F633B910CEFBCDB2570BEF3
:10ECE0000FB183BE0A5D2C3D436C3DBDF3CCB1BD7D
:10ECF0003A69013CE819A5BD22FFBC3DF4526C3EC7
:10ED000094F9F63D836CC0BD07E481BE945162BEA8
:10ED1000123DB5BE5A41173D8933C83E6A0CB73E15
:10ED2000F67A493BF38322BBD23E4BBD66718CBD64
:10ED30001AD021BD0D8C9C3D8C70213D421DC33EDF
:10ED4000441AA23C09DDAABDD75FD1BC55FFB6BDB0
:10ED50008087B3BD44452CBD1BD6AEBD7B81713CC5
:10ED600086D7A43D4E6AD43DD8F7043DACDA3ABE0E
:10ED700072B808BE0BFBCABE4C97E33DDCB4D03E74
:10ED800064F2E63E1E50663CCD8EFE3C3382AEBC45
:10ED9000C74E84BD12B279BC5D195C3D5BF774BC93
:10EDA000070A4D3F61F90DBD0C0CDABB16284A3D30
:10EDB0002CE2D1BD1140FABD9558A43D0A32DB3C8E
:10EDC00024F48D3D1A59A9BCCFD0DD3D2221D33D7D
:10EDD00016BD74BD67118ABE76C89BBE9ACA3FBD78
:10EDE000160C0D3F5A34AF3ED41473BD34674ABC81
:10EDF000F6BF32BB9F8CB93C1DE26BBD25B06D3DAB
:10EE000080F4223D14F3893ECE3D8E3C559FAF3DAC
:10EE1000D8B0D4BCC8795BBE5874C13CB0E2EDBA7E
:10EE2000896692BDCA3DC13D48F2DABBB6D210BD7B
:10EE30004696CA3D5FE4A13EDF6D01BE399DD0BE5E
:10EE40001C8A1CBEF88A043FAB66A53E41FF663DA6
:10EE500071A0FA3CBE4513BC10C0EB3CC634ACBD3F
:10EE60008734053DAB066A3CCB9C163FA5CE21BE40
:10EE7000FBED4C3EE8A80ABE155413BE359015BDF7
:10EE8000F7BAAABDC08C24BD1183C53D3122993E7D
:10EE9000BA130C3C807154BEC04CD33BF49F343E3B
:10EEA0000C661A3E804295BB97DA1B3A42B0CBBD46
:10EEB000D04A84BA3910483BB55512BDDC118C3D9F
:10EEC00008CC60BC94207A3D37601F3AB03D333F98
:10EED000DD83A9BDB493243EC9067ABD40271FBE79
:10EEE000A7658DBC4C1F9F3DFBCEAD3B7A74D33DD7
:10EEF000E59D9A3EF2D3DCBB8F0212BE67292E3EFF
:10EF0000ECEF793EAA8CFFBC4CF4A2BD702B623DA5
:10EF1000A49B7D3EB82600BD445117BD58893ABD1B
:10EF20000AC3423DB05BAFBC6200DA3D8028053DBC
:10EF3000367C273F74B0B1BDE9B36C3E6AFE49BD73
:10EF40007DD516BE579C243D9EC262BDEE3301BDE9
:10EF5000AB1BD03D541E8E3ED7E883BC210CA1BD17
:10EF60000BAA883DD8A0423DAC20ABBE49E1A3BC72
:10EF7000681E393D608D2E3F999024BDE47C9ABC7B
:10EF8000A3D750BDCEDC463C8934C5BC3961883D31
:10EF9000EA94853CA4B8653EA6234E3ECC456EBEA1
:10EFA000E7E5D3BD89615FBE04B72C3CFC3CA83DBE
:10EFB000A723E03A60A1B03D654D8F3E191007BE12
:10EFC000936EDCBC78A43D3E6711133EB12DD3BED9
:10EFD000CF9E8A3D4AF1EBBDE55D5F3F37F648BD08
:10EFE000CB6EACBA9826ACBBB8BAA5BDCA335DBC73
:10EFF000EC00643DDB4B573C3E69873EC61D863EB8
:10F000002853D8BE7B18973D312A39BECE60623D69
:10F0100073E97D3DA9F600BD67F5E93D81DE063E59
:10F02000EA0A1FBE0EEB2EBD689ABB3EA915163E1E
:10F03000F4911CBE70C36DBD1B4B4EBE8EAF063F20
:10F04000518FD13DB002073B83CDCC3C318702BD0F
:10F0500001F66BBD96ACA13D867D76BCD2D8E63D6F
:10F06000D8E594BDDB0E7E3D306C45BE005E16BE1D
:10F070002ECC2DBD2AE79D3D9551D13CA18E523D10
:10F0800096C05F3E03C7F3BD27269EBE81029E3D0C
:10F090005A305BBEF77D3EBEE9E5CD3C72C04A3ECC
:10F0A0001E94743E99C145BD9E70373C80F6ABBB43
:10F0B000795D8B3BDDCAF1BB0724563CE8B6DD3AEF
:10F0C000442AE2BD46D0B43D435D4EBEFBD02EBEC9
:10F0D0007FCF25BE2E9F943BBC7FA43D05F948BC45
:10F0E0006478923D566B813E47CEF5BC1068ABBE4E
:10F0F000467C1B3D48D840BE92B71BBE04192ABCB3
:10F100006875583E7FBE563E22CFB8BD65E4B5BC9B
:10F110003CF970BBA977E43B6ED706BD8B39A63CA2
:10F120000C42C1BBDB8C4C3CB1DFC8BCA0368CBEF2
:10F1300099C186BEC4F1E7BD1542BCBD4D7B883D7B
:10F14000E56F18BDA865913D6F7C303EA45F373DEB
:10F1500058C324BE930DD53A5AE2CDBDD5C12BBDBF
:10F16000B2C2AE3C22BAE93C0BA5B23C6C014C3BAE
:10F17000DF166A3C459121BCA319063DFA1E63BD0A
:10F18000DDBE303C70FEA7BCA3AC25BEE94BADBCD8
:10F19000297961BEBD6B23BE15ECD4BDFA69DEBD15
:10F1A000F94EED3CDE7483BD603127BDA237C43D0E
:10F1B000AA82CB3D036D9CBDC92031BE5BF629BE42
:10F1C00097F73EBD779F543E50D2FD3CB284EB3D55
:10F1D00043784A3E84E62F3CAD3053BCD814F83C0B
:10F1E000A28913BD62591B3CBF57D0BBB7F4A43FE3
:10F1F0008CBCF73CD7C7DEBE1597FFBDEECDEBBD8F
:10F2000030AAA3BB918C1CBD8BA3993DE701E0BC48
:10F21000B89FCD3C49DBC73E1227C5BD69EBBEBEDA
:10F2200001934EBE94F9693EF196D43D601A9DBD9E
:10F23000D781703D05B6823EA6B4ED3C8A4196BBAF
:10F24000F6ADEC3C09FAA2BCB16AF5BBDF9081BD1A
:10F2500080938FBE3012C83D5BD1223ED03AB3BD01
:10F26000D9DCAFBCDE61BDBDA2304EBD40828EBDDB
:10F27000F30AB43C6819283E6EF876BC6FD3CEBD55
:10F28000B301BDBD76B0443E57934D3E0686B8BC33
:10F29000FCCB103EA8228ABDAFCFB7BC5C672CBDAB
:10F2A0000F9E6C3C9A2F643CA0BF97BB6683F5BC55
:10F2B000653381BC3C41F33EA8BE163E3B705BBE4D
:10F2C000F74207BE0855A9BDE8F3EDBC04FEA8BA95
:10F2D000CE0F07BD04928F3DFB1F433E8BD522BD51
:10F2E000D205A63C9D5424BD3312453E40F8233E32
:10F2F0006BF5CABD6FBDA0BCEF836DBEE598D83D70
:10F30000B01F86BDAECD513B2FD4DDBC4DE938BC1E
:10F31000BFE52D3C34A591BD49F0473F25CA0C3EC1
:10F32000076BE1BE6D8D0C3D8BB9EFBD2722873C8D
:10F33000BF6F91BD2399E63CFEB4273D3DD74B3EC0
:10F340003B2E9E3DAE539DBD3DBDD1BBE0DB293E76
:10F350007A251A3E2B6F413E41C671BCC52CA3BD18
:10F3600050D2403E4245EDBCF712C23CEF3FDF3C7D
:10F370004327CFBCF54BA5BC6212C9BCAA14483FB9
:10F380000E91A03EB7513F3E40A58ABC42CE64BE1E
:10F39000BA1347BDB618713D04036DBD40A70E3EBC
:10F3A000AE2F083EE2CE0B3D622AC9BC3C37B13DD0
:10F3B000F0ADDC3DB59B723E95258FBE81C1E9BCA9
:10F3C0001C358ABEF1B1933CA29A34BE485AD13C56
:10F3D000CC7AD43D290297BC59913F3DF88FEBBCC4
:10F3E0004BCF423FCD2091BE69E2EBBC21879DBD52
:10F3F000EF9483BE3EA31E3B064B943C05684E3DF6
:10F40000B6FC4A3DA38A353E9F57B1BDD146BEBD2D
:10F41000C4CBC13ED62CE43E904E7B3E1D41B6BED1
:10F4200053CDCABEC867B43B37F628BEED8B9CBD32
:10F430005639E53ABF14313D55E09BBDC4F78EBC4B
:10F44000F7BC99BC539085BDFB75303E6EB6C6BD0A
:10F45000FEFE6C3DE12033BCF5A67A3D2FFB73BD6B
:10F460006EAE2C3D2921AE3C5EF595BD243E9E3D01
:10F47000446D503E824ECA3B994FB5BDCC7B97BD83
:10F480003124013D70DD273DB3762B3C5372B3BD73
:10F49000D218D3BC9C183DBC74E4013D69FC2B3CE4
:10F4A000E18B213B3803A1BBD145AA3DE5868F3EC8
:10F4B0006A3B4EBE168F9D3DD9D9F5BCA506B9BB9A
:10F4C00044F9A13DF640233C7E458ABD4EC04BBE6B
:10F4D000EABDC63D0A6BBC3D4B0E863D4CBF15BE1A
:10F4E00036C5EF3CB2BF9E3D8FCB8E3D004953BD2C
:10F4F00077E48DBDCE84C6BBB09C07BC8A835F3DDC
:10F50000CFAA7C3C564AF13B043964BC3440003FEE
:10F510004215CF3ECFF3C3BEC6D8B43D436951BDFB
:10F520009A27A63D8FE68ABC7ABE7E3C417662BDB4
:10F530002777E2BDF75EDE3B78CB833EA41E6B3DB2
:10F54000B7F893BE80BD073DF80F873E6A66803DE1
:10F550003B23FF3CF6D86ABDE6B8ED3C8DEDAB3BF6
:10F560005B81493D73295CBB29996EBCC4FA31BCEF
:10F57000D6B2AABD2FBD8BBDA1389A3ED7E7CD3DEF
:10F58000D2D461BD0160E13D2235713D3A3F9E3CE0
:10F59000127685BD5573F3BDB5973F3D3698A13DB5
:10F5A000C0B7103D23271ABE0D386ABC1D0102BE2C
:10F5B000F1BB4A3E1B5DE73D55D3F4BD36C28DBB62
:10F5C000F7A6903C9C152F3EBDC7C8BD054865BC3D
:10F5D000EBA3AF3CF082ED3D8DA1B8BE51FA2F3FB9
:10F5E000552A6B3D7CC5A0BD3FD37B3DD0FA8D3DF8
:10F5F0007FC685BD1770F7BDED3B063EA4BB47BE79
:10F60000B3E0D03D97A5073D830129BC729D343CF2
:10F61000640718BD4B8D51BDEF19D13D8B3795BD9A
:10F62000CA378FBC865E843C8E87113E36A58ABD64
:10F630008DE26EBCAB581D3DD1F9D2BEA3991FBD62
:10F64000524C43BDC66B26BD8FA887BE1F5617BD43
:10F6500074BBDF3C732A40BD926C9D3DC9AE8D3DAD
:10F6600009F2F43D30F6B23D1BDF05BEEFD6F83DA2
:10F67000C14237BC72C0743DA4C344BD905D47BD58
:10F680005B2DB13DEC98FE3A996B05BD9BBB06BD69
:10F69000ACEAC8BDAFD5653D7245E9BCEDB2D3BE9D
:10F6A0003BD7A7BC287D3FBE40078EBDB5B130BE5D
:10F6B0001C4BBDBB81E2AA3C257B05BD1856D13D44
:10F6C000B9498E3BE540003EA2FBE23D670FB1BD6C
:10F6D000B70EC6BDFC87ABBC9E1D17BE8690B3BCE3
:10F6E0006B2BAEBD2711A83DF369CA3CDD6357BC47
:10F6F0004A2D87BD20097EBD54173E3D972B82BB06
:10F70000125A15BF2A4ED23D01147CBEACAE1FBEAC
:10F710007F9E0BBEEA1B9DBD87E4303DBC7D7EBD58
:10F72000C81706BD8E57C7BC5EDDF53DAD8E58BD12
:10F73000E95F93BC3809DB3C776B27BDF3560D3D81
:10F740003BDF5BBD8DA41EBE9E83A03CD58E893D54
:10F75000F3BE94BDD10CB8BC0690A2BDA278A5BCE6
:10F760007EC39CBCA15B3C3C2B05C1BC7E54DDBE72
:10F7700008568FBD932F17BE94E88DBC1D9332BDE4
:10F780007E7E543DEB5BDA3D09A50F3E711BD2BD79
:10F7900074F7F7BDBD7A4EBD7E8DDBBDDC5A0EBE63
:10F7A0003DCF353EFFD7A53DBC216FBD4C7D183EFA
:10F7B00028F4713DADAAB9BAE48AA73CABBDBBBC85
:10F7C0006A48C3BD86D4853DBC4DC3BD7D02963E0F
:10F7D000602680BEB0128EBDCB6A85BDE423BDBC61
:10F7E000E487B23C3E7F923D39B9CA3DD21A443ECD
:10F7F00033180EBEE2CE41BE8B5FC53D30A41BBEAA
:10F80000B1CA78BE85B3F53D6FF4F13BB45B5A3EA7
:10F810004616373E342B89BD6E342F3D880C113D82
:10F82000F034AA3C1D4081BD8015733DE9571EBED2
:10F8300048B2243C7C21403E46526C3D1CA6473ECB
:10F84000D4A309BE2E07ACBB858E3E3D163AEDBC57
:10F850008E514F3D756A9DBE1802703DDCCDF13D65
:10F860003BAEE33D2D89343E781A68BB79D7583DCD
:10F870001780743DA35624BE1CD796BB8E3671BB31
:10F88000D1AE76BCA7B499BCC6A1023B2833633D78
:10F89000CC659CBE76D79E3DF82F973EA55180BD86
:10F8A000F662543E041AC0BD8FC266BD2E2DECBC5C
:10F8B0003E42EF3D8DAE183D9BC324BED803073DAD
:10F8C0003EB40E3E8AFAA23D9EE9013F53DDA43DBF
:10F8D000BD23EB3C1FD0B7BEA3CFE2BC79E1D73C40
:10F8E000C63594BCAD25813B9BE9873CA4673B3C76
:10F8F0001ED60A3DDA5CCFBEC9040B3E2433BB3EA4
:10F90000818023BC374E793E3BD90CBE9B92603D33
:10F9100008ACE9BC9A974C3DC36A673DF2D4CCBDB4
:10F92000F0FAF8BD22BBA03D1EF3773D39CEBF3DB6
:10F930001FB74E3CCB5EDBBD1D2FE9BD5B758DBC9B
:10F940001790BF3CD1FF3D3CCCC980BC6DC77E3C0D
:10F950001299EEBBBD67443D40B280BD02CD88BE6A
:10F960009B28083D7EC6F4BC338A923EA55847BD0D
:10F97000EED331BD0CA4DABC25E80EBD1E34F5BAB9
:10F980002D53113C0B74E5BD548329BDE082F83D35
:10F990002B0174BDD07727BE807039BEDFE42C3ECA
:10F9A000E2B9153D5DD78ABC6B14493CA98AA53CD8
:10F9B0006DE3C1BD7234A03C6F838B3D896149BD4D
:10F9C000077EB0BEBAFBD63ED82D5C3D88AE843EE5
:10F9D000441FBEBD7BCE5F3DC567E13C9A83373D8A
:10F9E000401964BC0647883EF07E8CBC43354CBE53
:10F9F000F1BC923A099BC8BCA8EDDDBD1A7512BED8
:10FA0000FB8BBBBCE4D48B3DBDE63F3D6F337ABC82
:10FA10006EED1B3C13A7C7BD7A8BBE3CBE9DF93D66
:10FA2000298288BE5B6CA83CF135BA3BEBE8ABBDE4
:10FA3000D8CD8C3D331B5F3D40E5E63C26578ABD63
:10FA4000DB55A83DAC969B3ED6F8143E7C50D3BE09
:10FA5000841036BEC3405B3D11AADABD48CD15BD4A
:10FA6000503715BEEC16603D35BA513DABB50FBDF4
:10FA70007CA2B9BC9A3FCA3CFA4CB63CD1EC3DBC26
:10FA800000A170BD391BB3BCFBB3283C28F8963DE0
:10FA9000BC06F5BD444B313A0D8A063E19CB07BD75
:10FAA0006B5D283D9B6592BC796DF73D22ECC93DAD
:10FAB0005B8849BE84B529BE9A51E3BC9285C03D9E
:10FAC0005E80FB3C0DF309BEC058A33D5BE9DD3A07
:10FAD0006777BABC7F0CA1BC43EF083A24BB9A3DC0
:10FAE000B54145BCC3ABB6BB55DF87BEDE93263DF3
:10FAF000229A92BB7EDCADBB17635B3DF4A4FB3D59
:10FB000009736C3D9A3B833DDBC1FC3DDE87AE3C17
:10FB100036576D3D9DBD94BE802E2CBD68D2123CE3
:10FB2000282585BD34ECD7BD7897BCBD8780083EBD
:10FB3000ABF072BD09E8ADBC922DE5385218F4BBAC
:10FB40008271463DAF334F3C566718BD7A9321BE54
:10FB500055CE773E953F913EF0DCF2BD5190403D51
:10FB60001416073DA6B56BBDC8D74BBDCC22A23D30
:10FB7000C40489BDD85DAC3D696F0CBE8A45E3BD48
:10FB8000526A303EF2711BBE91348D3CC292B6BDBA
:10FB9000FC619A3C186BCD3C1F18143DE02D09BD4B
:10FBA0008DE212BD2F24863D5B7735BC1AD778BC19
:10FBB00053DD53BDBDAEC6BD20D4113C380D12BCC3
:10FBC0003B59FE3DD1BA0E3E289A863D85582FBD41
:10FBD0001A33B43DEB8B073E2C6957BEFE6816BE48
:10FBE000E810353E7FCE903E0B333ABE15F908BE85
:10FBF00090499B3DC1B5AFBC9BF227BE6BD0463D43
:10FC00005A3A93BC8A36A6BC07C1C83B130636BD18
:10FC1000873D7FBCFF4B803F5DAE0ABEF20CC5BE88
:10FC20005C9801BEE13C9ABDF18DC73D6A487EBD3E
:10FC30004401183C162DDBBDBF3E523E70003D3DD9
:10FC4000058D73BED48113BE063FA1BE3C20FCBB14
:10FC50003EF47A3DA606753EF1BA5DBEAB03DABE50
:10FC60008929253D7FBD573BF1BF48BD56BE29BC04
:10FC7000BB7633BD875C9F3CFEC2A9BE6348173F7D
:10FC8000931031BD415A4DBDB624DDBD507F073EB6
:10FC90005B5759BD896459BD395118BD3DFBD33DF2
:10FCA000FD005D3B123F77BEE27DBFBBF12EE13D23
:10FCB0005424D33C0973A23ECBF64DBD49B4E43D78
:10FCC000961EF23D73B3E23CB1AF40BD2F3EA53C62
:10FCD00046727D3D447607BD69EA14BD16E0CCBD91
:10FCE000AD1840BD47D91A3DC33A13BD574C63BD4B
:10FCF000B2E6473E4BC3DB3BEFFD34BDDA4F173C6A
:10FD0000BDA5533EF2277E3D7CC103BE7BC622BC0F
:10FD10004BB5B93CF2A9803EB447103E39AC683DC2
:10FD20004F6157BEA7563CBE4BE503BD04CF5DBD3A
:10FD30004A63603D492C31BCB65E2B3DE05AE8BBBE
:10FD40005E1366BFF635DB3C7590BE3EC74C30BED9
:10FD50005FFBDABC76EC873E5922F73C911A09BD6D
:10FD6000514FB3BC6BA453BDE3D3513C60600D3E17
:10FD7000BD1DC5BC47DA59BEBB47D93BBE0CA7BDAC
:10FD800068D1F23D2183F83DBD7EAE3EC5D688BD2B
:10FD900066F4E0BCD8E3A83C0E81B93D9F7721BC56
:10FDA000F7F7843D9EB7323F8DC1CD3E89EB593D7B
:10FDB0003517D7BCBA9610BDFB337E3E61975BBD4D
:10FDC000FCD696BD75DC91BCFDF208BDE17A203C05
:10FDD000B763893D6AF33DBC7B68E2BD0BFF9EBE05
:10FDE0001F7E8FBE78E5FBBEE3251B3E58E95EBE55
:10FDF000B94C49BD72BC333D369086BD82483C3D0E
:10FE000043403BBC7FDD7C3CB34AA63D4E49ACBE83
:10FE100033EB45BE08A03BBD56540BBD80A38F3CC1
:10FE20009B56EB3CD7C912BCE861F93DF4791A3E08
:10FE30009332DA3DB05713BD22E516BEE8D140BD7E
:10FE400055E87DBE059A873D80ABD2BDB404533ED4
:10FE50005C578DBD9DBCDE3CE0A9CDBA2BB053BC38
:10FE6000165106BDD817D33C573EC23862F8A13EA2
:10FE7000D77047BE734F00BED1890FBEA158E4BDF5
:10FE800065BA30BD36105ABDAB84243D56C5133D0E
:10FE9000343251BBF1430B3EB1BB07BDF506CA3C42
:10FEA00015772CBE1B12F0BD70FFFCBC3AAA643C57
:10FEB0001D95C83DF41684BD1AE907BD7E743B3C10
:10FEC0002D2028BDA9DBC63CD258F33CF6BDBD3D74
:10FED000F754703E73B1A63E5AC5583E937D17BE87
:10FEE0005DDD02BE623ED23BFEB9B6BDB577483D90
:10FEF000DD23013E7FA75E3DD09DF83D20CE803DB5
:10FF0000D7E9D0393C90983DD5EDCFBD116BC43DBC
:10FF10005A276DBDE3D6183D5A0C11BED11F90BCB7
:10FF2000F83F20BD9B93613CF0105FBBFE6D0E3D22
:10FF300015C5883CD7C2063EB74EE5BE33A5DDBD2C
:10FF40000A0F24BEDA252BBEA94E94BDD0EB493D45
:10FF5000C3E2AC3AF5E7363C3FA0AF3DCC69F0BB1D
:10FF6000C6D161BD74593C3DFB3A5DBEAFB535BEEF
:10FF7000760B053D25820D3EE0D2F03DEC4CD0BD28
:10FF80003D5EEA3DB7D0E63C5B5B23BD3E6EF2BD15
:10FF9000F607E2BC7CC3873D2569493EFF790A3DEF
:10FFA0007DBDD3BE00303BBE4925D1BDA14FDFBDD5
:10FFB000DFC0093D9C223D3D2353B43D8494893EDE
:10FFC000F7E55BBC848070BE686F7CBBFCD98EBDDE
:10FFD0000AEE2CBE5B2E143E2C8D46BD7792C13DA1
:10FFE000ED2695BD4DF3263DCAB659BCC7C6CEBB5E
:10FFF000CD8D4EBDA8207DBB382B4DBCE238C73D12
:020000040802F0
:10000000FDA6233E0904F23DF6F62CBE6BBB6FBE87
:100010001C9B043D674CBA3C289673BDD86349BC11
:10002000B98A11BEBB5FB93D946446BD22D536BDC9
:10003000973A0E3E70489F3C5AC98C3DD4E868BE42
:10004000C6A4383DC3614CBD763E66BD9F61EC3CA5
:10005000ED5FC93CDED6003D8503B33BA9E336BD69
:100060004DF02EBE7E1D6B3C8FC98E3D9BB7D8BD1B
:10007000279E8CBE547E4BBDAAAB30BD251B133BC7
:10008000D9990EBDA36782BCD946303BA31F3E3D24
:1000900058CF56BCF1FB073EBFB6A53DEE6F12BD73
:1000A0007D6F16BEDB75A2BDEC682FBC28FAA0BC24
:1000B000F0967F3B0FBBD83C4C012FBD376B153CF6
:1000C000A23BB9BC19F0A1BED8CB20BC0A1A14BE01
:1000D0003AC08FBD0ABF74BE33CFAC39C75DC3BC55
:1000E000D97755BCE300B9BC8B0D4ABC8484AA3DCA
:1000F0001088903D8D6FAC3D9AA4443DB1E41A3D0B
:1001000088EE203ED15850BEF04542BEB9276F3D23
:100110005BA78FBC32BE8F3CBCF6B73B0ED71CBD75
:100120009100D13C5C34C4BC402657BF04AC043CB5
:100130006B872CBE10188BBCF07175BE7B54963D3E
:10014000E6DFDC3C9729B03D4817763DE1DF653BB3
:1001500019EBA2BC387FB3BD8177283E130BE93D74
:10016000741F0EBEACF24E3E906D94BEB3C147BD3F
:10017000BCE678BD3B5282BB548FF6BC96A2453D8F
:100180003ED4CBBCD7129BBDFC2A08BD259804C029
:1001900062655BBD0C0EF1BCDFFF383D4105C9BD9A
:1001A0008AB019BD0FF96A3DBDB5AA3CE1A4133D63
:1001B0005083DE3D601796BD48AAE13CC42EAD3D9C
:1001C00021634F3DA595E3BE2246633EDA32B0BDC2
:1001D0004694E3BDFCA5BA3EEBBB26BBF4E3873CEB
:1001E000EC60DF3DEEF0F0BC89F8C13C7D1A6BBDE0
:1001F000FF25263DD8879A3DB06E253E44B48F3EFC
:10020000111C95BC35BA1A3EBC42423D9FFF763C5C
:1002100042883FBE4F78203D2EB2C8BE1FED593DEB
:1002200018D84B3EF5DF48BECA53AB3E3DCCAABD05
:10023000DC172F3E6AA88DBE9523103D29C2ED3DE7
:100240005ED79C3DFACC243D793E0FBE26B4BDBDA1
:100250009602A43C58E1AE3E5F4C823E8937C83DD1
:10026000ED87923EC87953BD676D423E82D157BD3E
:100270007A61803D068110BEB31F6FBE096980BEE2
:10028000FDC9693E7C39D03DBBF87FBEB1098A3ECD
:10029000B30D09BE1F95693ECBD478BD7F73063E72
:1002A0008DCCD23D50489B3BAB8EB6BCC470E5BDF7
:1002B0003D696ABD07A8993BAA5F0A3EE53EC83E74
:1002C0000DC8413E36C0EC3EABC4E2BD18198F3EAE
:1002D000085A963DDFB879BC3B6803BEA0C225BE74
:1002E000CAC3E6BD2910513E38AB233D9AD740BE64
:1002F0001D876A3E3D0A49BD33B15D3DA0F41BBE7A
:100300007799D7BB95F6CC3D17528B3D34DE0C3D2B
:10031000EFAE1CBED87298BD13DE2FBC1FAEB3BDAE
:1003200017FB003F1B38B33E14B2FE3EC2322BBE59
:100330000259253E7FA58FBDC16616BD45DDDBBDDB
:100340007D5211BE232C1DBEBAB0203E8C441C3DF4
:10035000EF8DBFBE5631C13C55317FBDB846A13E81
:100360001311FBBDBA1D213E3E58D33D7431A73C4D
:10037000070729BDA513C0BDDB99BF3A68EE72BB64
:10038000B752C93D1C8B0A3F28D6083D3D761C3F1D
:10039000EAE50EBE85CF6E3EC2F91B3DCF8027BC7D
:1003A000958D8CBD8E693FBE153157BEE74BB73E6C
:1003B0003E54FD3DE468AEBEFDA2AABD326D79BCDF
:1003C00022F1083E73AD7D3C121A55BD3B38923D7B
:1003D00068BCAC3C251A17BD768639BC0192183C26
:1003E00082B1BEBC85E281BC0F97F5BDB83825BE91
:1003F000E01914BE9CF56F3E8F2698BB7ABD813DF7
:10040000E036803D89FB1FBDD846F63DC5066F3EF0
:1004100083A688BD8BAE44BE70593FBE0DDF123D32
:10042000234B033E532E473E477BFF3DA2DB07BDD8
:100430005EA070BC0247353C3CAB62BD1DBC1B3DA1
:1004400002C481BD6DFE1038934D0CBED4D42D3E38
:100450004CBC1DBDCFAA02BE1741823DD17E603C7F
:1004600008136EBC86299D3D8E0C853D1484D83DB5
:1004700034D0813EF8BC87BCC8DC04BEC7CF4BBCBF
:1004800062ECC93E6998E73D4BF0313DD653BDBEA5
:10049000877B263E12C5B8BD494F5C3DA13325BCC4
:1004A0003F09C63DDD141ABD4650193DA305463E21
:1004B000D00E37BE8637EEBCDC6095BDC092F23DF3
:1004C000C939643D60C01F3D402A0FBD0E1AC8BD2A
:1004D000C79160BC1345213EB86F99BBE511EFBDD4
:1004E000D7FE44BE1F90993EA188DABC8BDB063E46
:1004F0007CBEECBE6C87063D7F858839D222103CDD
:10050000CF7BADBCC675F7BCDD1A47BCE4833F3D6D
:10051000A7477C3E04217C3E247C3EBD227421BE44
:100520000BDABA3D5B5FFDBC43D15A3B6E6BF53CC9
:10053000D3D1383DAF7102BD2430D1BBC2BBA43A88
:1005400097DA3FBCE22B61BE8113DDBE8613AE3D60
:1005500081C4763E07ECD63D9630D0BD6613CEBA48
:10056000AC0D8BBDA7E529BCB5A0BDBB55BB4E3DB1
:1005700070953DBD3784DABD32C418BE70974DBE4C
:1005800089B451BDD27E783C04C2B1BD49C00E3D94
:10059000BACF6D3B474B0BBD468F8D3D2910F5BD46
:1005A0007B7BAA3D1813413E10898CBE2F611DBF75
:1005B0004B8C903D18BC933E958FE23EB90F26BE02
:1005C000C326BE3B1E656FBDBFD13A3DAC35EDBC09
:1005D000735D173D2B02AC3C12394CBEB5A9693D89
:1005E000C8C76CBADCAF88BC0DCE4ABEEA86323DC5
:1005F0002AE3A2BD441E3C3DDBB1E7BC275E593E69
:10060000837D10BECFF84FBE0831253E50FFECBCB5
:1006100054DF06BE1161F4BD602806BE0760EE3DE2
:10062000AE0D46BBA079013DFCA2ABBCC24B343D34
:10063000B236513C01ED69BD2EB9C9BBA698CDBDFE
:1006400035F129BD258C10BE8FC038BD2640B5BD03
:100650006CC8BEBDA1F4FA3C8C12B5BD2830EC3A92
:100660000978233D6E63763CB2FFE8BD655E8DBBC5
:10067000B95198BD443A263D8F127ABD86C8E6BD71
:10068000903C833DFBED30BD2B775E3DD0994FBC58
:100690008CE2DB3C4F3B2FBD8BCBE6BA3E28103DB6
:1006A000EDCB353E0CDE6E3D94D30CBE6CEB89BDBC
:1006B000FB6BFDBDCC0830BD236602BD186E3F3D0F
:1006C000EB341CBD77A2C13D298B003D076067BE9E
:1006D0001F9E2DBD457D043E363F003ED4B5803D76
:1006E0002B6315BEDEC36D3DA266E73B15FF153DCE
:1006F0005E1A3FBC3BC2E2BC62E7FA3CB351163B18
:100700000B25F1BCBA86CA3D8AEC913CA03B61BE88
:1007100068E4F1BC6DE23FBD105054BDDCAFA93DB3
:100720002B8D8EBDB84D8B3D5687183E2E5D083EF5
:100730007F64CBBD99E7E5BD3C4E873E3C2D843EB2
:10074000B1413ABDA89F343DC703FDBD8DAA913D7F
:10075000B5288ABD8C883FBD93FF7F3DBBCB953BC1
:1007600077F1663BC8AC94BB163347BD08FF64BD48
:10077000C1577FBE85CC49BC835815BEC49CBCBD47
:1007800068C0233D038CA4BD5961F93D6DEE863DE3
:100790000A4D9A3ED7EE1F3DA507CABED597723EB9
:1007A00041633A3DBB63593D089DADBB70B62CBD5E
:1007B00052762FBD86F93EBD895413BC5E783B3D11
:1007C000CA77EDBAA5CEADBCCED4273D75FE29BF04
:1007D00051F40DBD8E89A93DF164153E42D97FBD0E
:1007E0009AFE9D3C309789BDAFB488BDF1F29BBBAA
:1007F000877986BE803AAE3CE1800C3E248B01BEF8
:100800008FB1BB3DB2B8973B464C2A3EE3FEF23D6A
:100810008CBFBABCEDE03E3CAC0EC33BDAD2AEBC02
:100820009853CF3CFC7E1CBDA8B174BB0E7D013D2E
:10083000D5A6683EBDD54ABE0FF8B13C8754913D60
:10084000A40EBFBD367A9F3CEB0F31BD731F75BC44
:100850009F79153DF15A8BBDEC8475BC8A9A8D3D0C
:10086000AE5B25BE8E1B91BD41E514BD59DB19BDA4
:1008700081AD1A3EFCE837BDD3F0AC3C82B765BB16
:10088000D7168ABCB09737BCFA9703BCF52B673BE9
:10089000E41EFBBCC58C333BCE1DB33D6F7FC53D15
:1008A0002ECCA63D1EF6C7BD9A36173DB604873D31
:1008B000A1AFAC3D7132C83DA6E0DABC329D57BD58
:1008C000C91D623D97DAE6BDE2BAB73D27C31EBE39
:1008D00007AFD5BCD274123E65E5AB3D93231D3EF8
:1008E000E568FDBCD12B353CBF4C2E3BE57D113D71
:1008F000AF7916BD2701D939311880BEDFEC383EFB
:10090000008B113E5DFB003E3C12A5BD5DB09B3DE2
:10091000E7E77BBD2DC1813DC100333C53AFAD3D09
:10092000174F913D76C808BD9592CFBDED35293E54
:1009300066E89BBDEAD4543EA97EA3BD9FBEF13DAF
:1009400060C318BD6C6C193D418869BCC2A5BC3C34
:10095000412F70BD79354FBA8E56A7BBA61EA6BFD4
:1009600072D4ABBE84BC2B3E9FA3F73D1C6DA9BDCA
:10097000C7DD953D053A7F3D771D873D2EDA5E3C0C
:100980008D907A3EE7F6B2BC4F75B4BEE0807A3DFA
:1009900079B48C3EA7D68CBDFBE1573EE8C5123D2D
:1009A00012C68E3D4D05DB3B83DA883CB9021DBD86
:1009B0007F9BE83C908783BDBBA4053B8CDB143D4B
:1009C000FFB2B63CE6B7DDBDEF7857BE8E6BF63BA7
:1009D000A1E0D23D4C14943C05BA87BD64EF99BDAB
:1009E0006C7F32BC54369D392B0E80BC2AF3D73D28
:1009F000BD7D00BEFA5732BDFAE254BE35AA97BD9E
:100A00000AB550BD6BA66C3C088C8D3D2A3D1A3A48
:100A100022680FBD9F426A3CB69507BD3BD7433D58
:100A2000A7B7B2BB35CA193D846BC13D7E2557BE01
:100A30005630AF3D1D4BFC3D652590BD7CEA30BD79
:100A4000FD7625BD9AB6B6BCEEA628BDFA31713C3E
:100A5000F1D3BE3BB016533CD988AC3D7269E3BCC0
:100A6000887407BEE55B05BE452B8639C96DFB3D25
:100A7000912383BD733CC4BC656ACC3CC4FBCE3CB3
:100A800094DA2F3D3AAD0ABCED5BD53D98FD4A3D69
:100A90003E0281BE769D1D3E88F3053E0A510C3D07
:100AA000CE22A13D520037BD3BBD99BC2535453E08
:100AB00021BCDA3D54AC4FBDE0C450BC1E11BF3D5B
:100AC0003445E03D9A0341BEF7CD67BE331C113D6E
:100AD00002056BBE2772BFBCF3C0EFBC3D67253C6F
:100AE000D67D8BBC58DA3EBD7167763DBB135D3F4A
:100AF0009EED083E8608E13DFC18AF3D4557933D0D
:100B000080716E3C7E20D63C164963BD9AB1AC3CE8
:100B1000813CE43D3588D33BAAEDA23D7919963D51
:100B200063D4793EB7298B3E410AA6BEF328C13D66
:100B3000F26713BD90385FBDFBCB383D4B95D13B81
:100B4000B42764BD68489CBC88F4D2BCF509343C29
:100B50000F5BF53ED88C013D3E1C7F3DAABEF43CA8
:100B6000C34A5B3D768D0E3D3130A3B83D17233D22
:100B70004F1BA6BCC58C543DFC3991BD85D8883E21
:100B8000A658133ED855C33E0864953ED6A712BF5B
:100B90008061563E819CC4BD9C847F3C963BA03CBA
:100BA000435113BC2913743DACF573BD9FA0073DA1
:100BB0006FC8FB3BA310473DC88AAC3E3097083F47
:100BC00017D0B0BD61EEFFBDE72015BD4FAA63B9D8
:100BD000C0085B3DE16251BB9372ABBD9B362B3DC0
:100BE000E320EF3CB426E7BC164F75BD068A4CBD2A
:100BF000A032AA3CD9792FBE1F5211BEAE1A293E8F
:100C0000B8DB28BD361ADE3B3246D139FC3BAF3D5E
:100C1000EA3304BCDEEB62BDE4BD3F3E117D24BD82
:100C20002DC9FB3DDE8744BDD7A81DBEE96DB4BD0F
:100C3000AA199A3D843F9EBC8F885F3C3BE07B3D78
:100C4000837A0EBC5F1EA73DB08368BD2490C1BDF2
:100C50001AC11C3C14C695BD3ABA33BED07F31BE12
:100C60004857EE3D6218B2BCBC0E133D09338C3CB4
:100C7000C6B604BDE21FB13DFBEB99BC6D23F03D50
:100C8000B21A32BEAC0129BE170096BD444032BE36
:100C9000C4A885BD9F85B5BD55AF503D69F1C7BDA1
:100CA000C18157BC0DBECD3D4C31F83D94EE503C5A
:100CB000A1EAD8BCE817993BC4E99CBC2217ABBE9B
:100CC0001857603D9241163D347C2BBD76BA4E3CA0
:100CD000E270CCBCE2D307BD90E591BC82A4AD3BF1
:100CE000415F5ABE06DBD0BE196D0EBEC61DD63C96
:100CF00027E215BED0C0D3BDE565DE3C69D78D3D8A
:100D00001AFB143D8847F7BDEBB128BE7C52713DFC
:100D10002EC9353C228D3BBD7AFF3A3D1814CC3D9F
:100D20003D8DC13D9E7C5C3D881FCBBD669D953D44
:100D3000BC95E83C057AF8BCE36914BE4B9B123DB8
:100D4000982F813D751743BE628B043E524528BEE5
:100D50002E2EB1BDC06B22BE1BCFCCBDE99BA8BD62
:100D6000D25B3D3DABD0A0BDDE07A7BDD43691BE62
:100D70004D205B3ED3FD4D3E43D3273D8033C83DE0
:100D80009AAB863DC3DACCBD1754AA3DFA6BAB3B98
:100D90002E7DAFBCE78FB5BDE349E1BC901633BEF5
:100DA000CBAB17BDA7E4A93CAE7E943852C8223D18
:100DB00035BF80BE9B5A203ED365E63CDB8010BD2C
:100DC000A97A5D3D1DA6B3BDFF42C5BD330806BE71
:100DD000F957E93D8A7E303ECF1EC0BCF3CB7DBEC5
:100DE0003BA4923E125A523DE814E63D084103BE30
:100DF000F1894E3CF8B2F13A6F3862BB2AC399BC14
:100E000023D854BCF4EABC3C4BD1CFBC30EDEBBD95
:100E10009F81043EA727C5BE5411803E73DC0A3D66
:100E2000EC40423B58EE62BD4ACF6A3DE34368BDA9
:100E3000AC0527BE47F5E03D7367263E3F70A43DF5
:100E4000F26B1CBE2449923E5C01913D2BB09C3D4F
:100E500011D341BEDF70FD3C245AD6BCC9086E3B9D
:100E6000D7645DBB25291BBC0BB9353DE01802BD1D
:100E7000786B8A3EA8CD123EB34FE2BE43B7233E05
:100E8000E2E96D3DC3BAE23C1B6886BD6998A63DA8
:100E900012C7CE3C97950BBDBACD393DEA89663E67
:100EA000E96D4C3B354AC8BD42D0D13E1BF79BBCD7
:100EB000AD10E2BADEE565BE6C5B75BC3DD62DBDFE
:100EC00024E03ABC30F2083C17A0F63C57E8E93A77
:100ED000FA98F8BC7713213F3289ACBD9CB13D3EF6
:100EE0008CDB473D6F47D93D21BD853DEA05A43CDC
:100EF00054BD243D5534C5BDD84A81BD42210FBDE6
:100F0000DB5E6C3EBAAD47BD673EEFBB5334813EFE
:100F100085817CBDC59A193EEB9B6ABD73C04E3E70
:100F2000E1B123BD1490143DCFF5C53B32502B3DAC
:100F3000815390BD61CE3E3C07367FBF4F2D29BE09
:100F40008A14633E9D38AE3C9B1C173EE78E893D5C
:100F5000986B553C09418F3B3340763C757D393E5B
:100F6000E7F889BECCDD49BDE3F87B3E8D573F3FB6
:100F70002371E4BD5AAB9A3D3B4CBDBDC00FD6BDFD
:100F80000AB322BEB6CEC53DF90915BE945AD23D6C
:100F900024FFE4BCA632753B21F4ABBA3C0030BD63
:100FA000DDC38CBE693DDCBD5A11913E602D8DBE06
:100FB00002C9EB3CE8D1583D3B3789BDFAAF073D4C
:100FC0005F3402BE64EB5ABD034C123EA12908BE39
:100FD000810C47BE88C0463D8B0A65BD550B403C21
:100FE000AA5EBF3DE2CD2E3E61362FBD7975673DCD
:100FF00010D5533DB4BE8CBCC85329380C063DBD3A
:1010000027C2B8BE30A5F2BD4FDFD9BE2DA4753EB4
:10101000B4A5A5BEF9ACA43DC7825ABC635161BD5D
:101020009751673D8DA3B8BDCBCC903DB5D2923DD5
:101030004B492ABE1E4942BECB63EF3DD8AAE83CCD
:101040000AAA22BE47393FBDCE31FF3D0DECEA3B37
:101050006C6B9CBD6D4F0A3C3AFF73BDA7D8903DA9
:101060006FC725BD54B4723E354811BE1454FDBE41
:101070002A7F653E82F042BE686C063E9B0CDBBC5C
:10108000260472BDADD57C3BABF132BE5DC1CF3D18
:10109000F03B013EC570BCBC5DD56ABE007A24BE83
:1010A0004976373E56DD8DBE69AC4ABEC69183BED9
:1010B00079A59EBD0E40053D3ED173BD603BAFBDE1
:1010C00047970D3D71CDC53B60F1E43FBB5A65BD0F
:1010D000E22403BED45C363E0BE0AABED90B3A3BF9
:1010E000F995153D29A787BD4D5A323DA78587BD86
:1010F0007C7B683D309DAC3C4D8D20BEA6708BBE88
:1011000071970FBDE3838B3DBAFC603EBB08523E36
:101110000367EABE8B21CABD1176043DA27FEABCFB
:101120005A1B3ABD27C4B83D7DABB8BC0896BD3F3D
:101130007244863D3DFF04BE7E1D0F3E4F88F0BECB
:101140002E070F3E86FD6C3DC187DC3C0408493DFF
:101150008D96D5BDA78FA6BD422A8FBDB4EB19BC15
:10116000A6B7CCBE4209263E5194AF3E545C0E3F1A
:10117000BD7ABA3E7659A4BEE98D6FBDBC37553CE9
:101180007E9041BCBA2A5C3D955FD53D0E61353CF1
:101190007B4A773DA6BBE3BD7DE1833D13F3203E53
:1011A00067E98A3DFB5E67BC6018B7BD4C63763D5E
:1011B000E57C51BD13CAA43D6488B03E0ACE96BEFC
:1011C000E0C49DBE323AD4BDC236043E7EED5E3DE3
:1011D00085B3A93D3DA8B53D1CF73CBC5EEC223B68
:1011E000D140333C1791243C5315CD3A42BFA3BCA8
:1011F000075545BD83FCDFBE2760D63D026498BE1F
:10120000DB00063E43ED0E3EEADB653D976307BB20
:10121000304BF23B1DF7BDBD930892BDE223AA3EC1
:1012200001072ABE24E463BE1458C1BC12C232BCFA
:101230004C16DBBDF3FAC33DA303053D121D0E3E64
:10124000D6813BBB43649D3C7891543CE8DE41BD74
:10125000B392173D58F90DBDAAC743BF7321263E6F
:101260007AE0E9BE354E113E1E2C2E3E08409C3DD4
:101270001965A6BC86BB3D3DB73DEFBD70E578BDA9
:1012800048C7943E4E8211BED702DABD7A4F1BBDCD
:10129000DD90C2BDA0687DBEC56D683E73EEADBC7D
:1012A000AC604B3E23BC203DEA209ABD1831BA3CCD
:1012B000AA84EB3B985E843C9D51BABD07DBBCBC65
:1012C000AFEEA2BD70B12CBE7E2E6A3D62BA2F3E3B
:1012D000BE620ABC1C43A43D2EBDA03D3BC49DBDC7
:1012E0005D0E73BD7A7B583E9721EA3D8D0CC5BDDE
:1012F000E38815BDF6D23B3D0390ABBD7D53C63EA2
:101300003DAF24BE3FA6853E98B4933DB92087BC2F
:1013100034C7553C375F5ABDD8F24F3D849CBFBCA3
:101320008C8EBC3EB39388BCE3C7F3BCFD348C3DCC
:10133000A58F583E416C3F3C391D313D3E727ABC11
:10134000891DD3BD9C9E9CBD273789BE055F4E3E3F
:10135000E130383DC0A09ABD1B9088BD07E7D1BDE4
:10136000CA17023F58E24ABE449CE6BBFAFDF73B6F
:10137000C389CD3A8F6E04BC4CAE14BD61C90C3C20
:101380008DD5CA3D87F929BFBEE551BE007045BE67
:10139000C080C9BCD80EF13E4433B6BD4F56B4BC74
:1013A000C59A8B3D23058BBD2125EA3C7D8BE4BC92
:1013B00049F807BE25ED3A3EFEA382BD5874673D4D
:1013C0000D2D653C346F933B505D2CBE8395403AA8
:1013D0009F4D423AE28613BB5D74953C460C3CBD82
:1013E000379B6E3D18D88D3BC72947BEAC0A5F3E80
:1013F000550C71BE1E14393D33B8113F402821BD34
:10140000E1AC5ABD911539BD8F7806BD0238D33B8A
:101410006771BFBD472CA53D4D6FFB3D42CADDBC8A
:10142000FD170FBDBC9420BC77395F3CF9D067BD78
:1014300095FCD93DBABD22BD4D220D3C179DEF3C18
:101440000483F1B937A96B3C64688DBB9C97013D5F
:101450000A38B4BD12B973BED611823D738F333FC3
:1014600091A8E6BB25B7303D1B901B3CAC80C63B2A
:101470006646EE3C5F93D1BD3629BC3D25B9143E8E
:1014800047F2CABD7EDB803E4218693BC8DF39BDEA
:10149000D07C3ABB2CE68DBDB438413D299BF1BBD5
:1014A00050C6E03C7E3B16BD8F2065BB69B00E3A4E
:1014B0003D20EBBCA10B69BDF12CE9BE4F7F273B62
:1014C0004A68193F32213FBD392E533CE51CD6BC3A
:1014D000168551BDB7BF093DA4932D3D3E9CA53B4C
:1014E000E599933D03E3213E96967C3E2BCF363D16
:1014F00014D583BEF5D749BE4CFE263DF218DE3D1D
:101500002817A5BC350A35BD1CAAC7BB9D481FBD01
:10151000EA6259BD67C10C3D8EF3FABE3A8801BF3D
:101520001FFB8F3D9D46053FD4D8C1BD5142613C54
:1015300087679D3D2F55A8BD85A5663EEC7A0ABEFE
:10154000B2C41CBE43C95EBD6DC89F3D1B681E3F33
:10155000C6CDBC3DBEF8553E250BACBE0047E53BB5
:10156000F092EE3CF82E11BBD939FC3C0C952FBD06
:10157000C00513BDD8EB16BDFF2C4D3EAEE9573D5F
:10158000C87395BE434A453D38B633BD86DE7ABD45
:10159000D2E375BB3100273D2D6555BD26F705BE4D
:1015A0009EBFAD3D1C260A3E0E81A2BC2DE883BD28
:1015B000EDFABC3D349DB23C1C067ABD21F88E3D4F
:1015C000B87D4F3D35B053BD03E41EBDD6D38E3B31
:1015D000BB7A973A3E3AEABCE24A103C2942893E3D
:1015E0006581003D5B46D1BE9349243C8B332EBDC3
:1015F000E4A6293DBF0C333DD0A85D3D8151C8BD57
:10160000BD3127BC4A63CEBC7C39473D9ED3D73C15
:1016100096C6CABD26E92E3DB0215E3E5A0042BDA7
:10162000FAADBBBDB07E11BEC8C9A6BC26EFE73C73
:10163000613AE0BC6FBD89BC5D2680BC2C1FFD3CBF
:10164000D53024BEF3C9AABDBE160BBF636BB7BBB2
:10165000074815BE9E46ACBCE5E49BBDF453F53C83
:1016600088388CBD1D9A113DD45A85BD69CA63BCAA
:101670007853493D933883BD2BE4DE3D5656553EA5
:10168000C3BF8ABE9FC527BE07E3D5BDDFC186BDE8
:1016900096A3A9BDA685303DC553E33B656389BCD0
:1016A000063305BD6A1531BF3B5E70BEBA31BE3E22
:1016B00026D6A83CAACAFFBD5C81C0BDF5CACE3CF7
:1016C0007CA0BE3C3B6811BEB002D1BB28BFCDBDE3
:1016D000C9F7ACBDEB0D153E2B9641BD3F6122BE57
:1016E000CD1417BE07862CBDC8515DBE0AC74E3E3D
:1016F000F5AE15BE77DF45BEB1BD2C3EDE10C33D55
:101700003EDA8F3D0C923BBD0FF82BBE288B1D3E61
:101710002572A2BD4294C93DADF3FCBDDFCE41BDF3
:10172000C4069BBC9FF0B7BC2C8300BDA283413E86
:10173000D5D7C7BD5A398CBE9067963D53C2C13EBE
:101740003507FDBE93D2003EBBED693EA1E8823D68
:10175000FFC6D33C3695783DCBD2B8BE8A33913D97
:10176000D4ED7CBC2B7ECD3CF33EC7BB18296ABEB2
:10177000AB9AC63EBAEC62BEFA3A92BE6BC19EBE4E
:101780004F425FBCF778843DE495223D9C640EBCDB
:10179000CCE948BD143ADDBCC0CEC7BD4880743E1C
:1017A00054C622BD3E7DEB3D2F768BBC442F8C3D35
:1017B000C25094BE6B5620BEB7AAC3BC19E6CDBCBE
:1017C00049989C3CD354643B9CE023BDD2BE693D08
:1017D000D07E65BEBAC3A5BCE7188ABDF9C3B0BE4A
:1017E00043263ABEFCCA023E289BCCBCCDAD80BD90
:1017F0009D028DBD42E39FBBDC42B33D149E543B32
:10180000073AF13D44162BBE44D6FF3DA02A8F3D3A
:10181000E77A853EA4DD43BE357AA1BC2E88F63931
:10182000B23CE53C09EAC73B7EBAA8BBBA914B3C47
:1018300094048BBC92B7CDBE0A9A9DBE0B988EBE07
:10184000D4CEA8BE8C263DBEF7AE0F3DB28BB5BD43
:10185000C25F9C3D4AC333BD1591FD3D377B283D9A
:10186000CC639EBD9D19963CB494B9BD39AEF1BC14
:101870006C707FBEEF1C0D3EF1F80A3DA325043EBF
:10188000723467BD90F138BCECD11D3DD6DA383DDD
:1018900018DC8B3C0217F43A8FF24C3EFD0DE33E10
:1018A000E25CC9BEE1FFC9BEDC66DFBDBD2D1C3DEB
:1018B000275006BDB35C0B3DF4AA663DCC0F8C3EB1
:1018C000926B763DD4079BBD2D1B49BCE18E48BC75
:1018D000374B2DBEA4FB813E634C843E257D6F3D7E
:1018E000963BA5BD2D5186BDC166A2BCB0FD90BD85
:1018F000AA8B5F3DD501DA3C16FF023ED7D710BE5A
:10190000822B433EE2F3BFBE67544FBE1E799BBDA0
:10191000BABE513D81096EBDA16C1EBD48EB83BDB1
:1019200070F8563EA10C883E18C5B93D116288BEBC
:10193000539EA2BE9C34783E5925443CC071F13E72
:10194000347CCABEFD62D23CF71BA6BD53029D3D4E
:10195000D2B6B7BD2312F03B3103D53B9746C23D0B
:101960006B7E40BEFEA5883EBEE3173E6F8A10BE6A
:1019700000E59CBD2D7595BD689FACBD33CD9EBD6A
:10198000A340643B10CA1B3EF8299ABE5A713B3BE8
:10199000E2FB8BBCE209283E894CA93E987F603E61
:1019A00004FC11BD16A992BED8DCA4BD0A7CFDBC06
:1019B000CC9893BCBE7426BD13D8333DF51E583D5C
:1019C000C5C52CBB164E20BEE270553D9D943B3ED6
:1019D000392BADBC1F646CBC60D0BFBC61A5633D3E
:1019E0004205683CCDDFA73ACDFF0B3E6D2C16BEFD
:1019F000451504BEAA1AA8BD379B6D3E2EF5293E9B
:101A0000DCEF3B3EB0C484BC621B38BEFCA178BD99
:101A1000B2C77FBD2FC887BCA56F0A3DDB16A63DA8
:101A20008A02FC3CB22982BDA03359BF284C053F35
:101A30007C4FC23D34ED9E3D0741463CF82C573C5F
:101A4000C916A7BDC67BA83D00273CBD800CE33D61
:101A50009F084BBDA6B1F5BC29D2263D1832AE3D3C
:101A60007856A9BDD3EBAD3EB0FE393D0CA8863EFD
:101A700090CA27BDCD50A0BDF16AD5BC2BF3DC3C8C
:101A800071C4A53D0F6760BA00019FBD0C3F78BFD0
:101A90008ED3D23D9D8D99BE1EB080BD1370833C08
:101AA0005BB52DBDA62D273D1EB0A63D5FE2BCBC9B
:101AB0002CC8AEBAB871953D5275A43C444F63BD75
:101AC0004D812DBEE2EE9DBEB7EDE73E9816A73ED6
:101AD000236EB03E7250283E266574BD8D8AAFBD20
:101AE000C21D133E2E605C3D9E1411BDB998ACBD65
:101AF000278EE23D2B93863EAD1516BFED64BABD31
:101B00002A96343E2E0B39BDD2D3783D3046253D42
:101B1000C4E0C5BC351B87BE3B107E3EC786EEBC0D
:101B2000AFEC21BDADFD89BEF56A4EBF51CBD63DB0
:101B3000E292AB3E3759A23EE497313E82509EBDC1
:101B400094A80BBD7BFFF23DDC74BB3D298F2BBD00
:101B50000EAC21BE890A12BF2DAFA7BF09A563BE77
:101B60001604533B7CEF89BEF5290FBC7CF7E43BA0
:101B7000EE5C8B3D39054F3D0DEF093FBBE31E3E4B
:101B80002EE593BDF2EE86BE4FC3103FC2DFBCBD53
:101B9000585AD83C0D2CE0BE0C54EB3E335C083D4B
:101BA00080DFED3D5C3C8F3D973870BE7314F8BD0F
:101BB00044A05CBD12E1AF3D834B2ABE27D16DBF6F
:101BC00000FA06BFE7DC7CBE4AE52EBED9A1A5BD62
:101BD0001BD098BDE73A6ABDEC0B9A3DA9BB303FDC
:101BE000DCF242BD86F93C3D271092BB7943CF3EE3
:101BF0001EEC15BE8E52973E6F2656BEDE6FA73E78
:101C00000FE8E43DAB7E333E3299C73C4BD697BEDE
:101C1000E861BCBDF1A3023D6EA95A3E4DED0EBF79
:101C2000F8EDB4BE3C6E05BF240B99BE49B212BE9E
:101C3000B8E41ABE998E26BC437297BD5E47063E35
:101C40003BBF223F35CE6BBE820A383ECC01773D8A
:101C5000AE82863F5B3EB5BCC3C803405A8345BFD6
:101C6000B55C7D3DAEE2E0BF68D4203E701C6A3DAD
:101C7000721C253E0B9A46BE2BDD6E3CDDAC9DBD35
:101C800017CE79BEEE4036BF1FA302BF1CA3D4BD42
:101C900027A97F3D2F0903BED26A563C32D6C73BE7
:101CA00055AC793D8EEC293F386C8FBE4464D63DEF
:101CB000BE3B743EF02C663A610B52BEE179673E42
:101CC0009BD19B3E228A9F3E223AC2BEDACDB6BC51
:101CD000BFD7823C376D38BDA51DC03C05D1DF3C68
:101CE000D024353E927F0BBEA5A227BF306F933E16
:101CF0007FBF95BE82E7BF3DFECA4ABE4F008D3C06
:101D0000C9BAAABDCD3C973D2FEF943F7897ABBEA3
:101D1000485704BE624DDD3E6AE1893E428B93BE68
:101D20004F42F53C226A8BBE53467F3E2738E3BEC6
:101D30005A2E233D4397123DDCFB153E34D222BD83
:101D40004456B6BD7C9A01BE289839BF56DF503E36
:101D5000D55FD2BEE932463D6DD596BED249ED3D46
:101D60001A05443D30F31D3DC38330BD8A4EA43C6B
:101D7000CAEF663D48C181BD527D3EBE7CF3C4BD05
:101D80005BDF0B3EA733363D49AB163EFE714DBEC1
:101D900029A08FBD5BC806BC413A713B6C7683BB02
:101DA000B9DFFD3C5FC12ABBE8AD7E3C83D3B1BE49
:101DB00029CF1C3E7D4608BE6ACB4E3E3B178FBEE8
:101DC0005ECFD53DE77B2F3C70A93F3D27E9953D90
:101DD00033BAF13CC43FAD3DF63EA1BD722A7BBD96
:101DE0007D93AFBD0A0F8EBC21B8283EFD38FD3D66
:101DF0007EF863BD383C6FBD4D5A313D5B08A33C56
:101E00002DD8E63B914E323D32A2ABBB4AC0C1BB9E
:101E100052DEFA3E862F933EC63E873E495A483EE2
:101E2000AB8F85BE715D0D3E91EC33BDC380943D9B
:101E30006E73E9BC300C13BC0DA369BD184C2D3D6D
:101E4000B9372FBCF17AF0BD0651EDBCFF088B3DD0
:101E50000F0B5D3E2BE15BBD533F2C3E3990ED3CBB
:101E6000E75148BC96679B3D41BE4A3DCC92A53C9C
:101E7000B2052FBDBA27053F262E763E40BFF53D61
:101E8000AD4E303EF0917EBEC4761D3E087DB03D25
:101E9000CE7DEEBC994A053B017181BE5C6637BDC3
:101EA00064F2C63EA6ABAFBDD774D5BEF308CCBDB9
:101EB00060BEBABE788ABB3E7FE049BD31098C3C2A
:101EC00015DE63BDF5548D3CCFB2243DEE0DCEBC86
:101ED00098BFE63C69620BBCADD9D8BCD3CF9ABDE4
:101EE00014700ABECEA78F3D58744FBE879E8A3DA0
:101EF000764DF7BC97A0A23D838451BC934E55BE4E
:101F000035ED41BEE92B5C3E4B86373E80348DBEBD
:101F1000CD400CBE729C2DBF6CF10F3EB1E7A93DC8
:101F2000CAE10F3ECCB079BC5E4624BD4E801DBCDC
:101F3000E585BDBBC298A3BCF4EE603B3816023FFA
:101F4000662B53BB6B27D9BD9D60DCBDA59C393E7C
:101F50009D47FD3D349FF0BCD1DA553AC169A0BD23
:101F600097B80ABEB5776EBDF4D1283E4B09F73D50
:101F700098038C3EFFD7FC3DF0F3ADBD86CFF2BD9C
:101F80008DC5C9BD4A77F4BD6FC80F3C6E79393C29
:101F9000604637BC1043A5BC0B72DD3CFCB21B3C59
:101FA0003DB3303FB5801DBE0C728B3C0BAFCABB3E
:101FB000E5CFF53D0EB6013E71AE02BC06D184BD43
:101FC00072953ABD85C293BD0D298F3DFFEF7EBC52
:101FD000FCF4DB3DBADEAB3D7A78CB3C9238483D31
:101FE000894C2E3E485C613D240F1FBE92CCDF3CE5
:101FF00036D21D3CCBEFC2BC030D2CBD489E513CDC
:10200000FA075EBC1E9CA83D9278383E6BB8143D22
:1020100012E17EBD93D4223E100BA93D577F9C3D1B
:10202000572351BD4F5212BEDDF95BBDFB3E153D3E
:10203000EFBF9BBB5F810D3E4E74DEBCB516F0BB9F
:10204000E2BFF63D00A36B3EA384EF3D931FFF3B31
:10205000EF26563C13FD763C1102FBBBE8E5A8BD1C
:10206000421ED63BB3F217BB58FBC0BF72A8223D3D
:10207000329CD2BD21CBFD3BA2F5DE3DE076083E91
:10208000E1CAF13C8A9643BD85AF1ABE29E80ABE73
:10209000250CE7BAAA2ABF3DBBD8153E4168C2BD90
:1020A0001717B3BE7B8DB43ED292153EDCB04EBD49
:1020B0001B78193E1F87663D3D37013DB76DC1BC9A
:1020C000B47C07BDB741D0BD91A361BCFC4CA4BE9C
:1020D000F8C920BE26FE89BEAE47183DE2936E3E8B
:1020E00040D4B73CD69B4A3BCD4FA8BCAEC1563C72
:1020F000946CD8BC55DD563CFAD102BB26588D3EB7
:102100006381ACBE4D5401BC28441B3E0E11A43D5E
:102110007EAC5DBC11AC98BDD53D3D3D51F9F5BCE3
:102120008D2848BB998994BC9DF1993CA50A6BBA4E
:1021300017EFE2BE1A21D93EE449443E74F5AB3DA7
:10214000E146A93E019A3A3D325C323D30AC09BCD1
:10215000DD21DBBADBC3FF3B5A1E4A3E50702C3EEA
:10216000B45F32BE36EE03BC010B893E53EF9F3C99
:10217000E5FEA63D8D8BB4BE875711BD6968D2BC04
:102180008CE737BB3D17D03BF53B063D2DEFC1BC7F
:1021900088F2473C762636BF5F33E13DA435753E75
:1021A000E6D2533EDF8EAC3EE41D51BD2A85B43DE0
:1021B000D3D68F3D74257D3DB80D953D00B9D43DF6
:1021C00070DECA3B76B87DBCC43FAC3D5691283E1C
:1021D0002116CA3C2EA04D3E17C994BEDB92223D6B
:1021E000B25F563C6C778F3C640D553DED0C4A3B1D
:1021F000BF0834BD2A5C043DDF2716BE8E27753E1E
:102200004410DB3E95714A3E44B1C93E7B0F873C8A
:102210008BB6713D12CF063D2B35D8BD18BBFA3DAC
:1022200006E791BC7309293E772E56BD1693023DF1
:10223000D4DC4CBD5AC7F53CC2F2523E21FF353DBD
:1022400017ED04BEB781383D1355A9BCF15DE33CE1
:10225000025982BA14F299BCC48C04BC6846673F28
:10226000F652803D1BF280BC9832E33DF8F0F53E1B
:102270006DF5093D95B2103DFCA9B2BD1FDB72BDE5
:1022800077650C3AC79AD23CEE31703EF955A93DBC
:102290003EB143BDD7B89D3DBE54483DAA6E6C3D8E
:1022A0005771113EC76F32BDC575273DFB60C3BC7A
:1022B0005A271D3CF2A1693C0D7C5CBDE95DF0BC78
:1022C000277A4A3F29EF053EF60231BE3E551E3EB3
:1022D00015EACF3E50A24CBD749B8ABDCE81FD3C19
:1022E000ADA92ABCC302C8BD934AD9BD4BE7323E53
:1022F000B087093F31CA6F3B30F50F3E47CDCABCAE
:10230000E230D8BCDF2313BDF7E2EC3D560C443D70
:102310000205B9BBB76302BD0B3AA93CE071E7BC4B
:102320008E9B293DA5C8D53B8139CCBDEA86073EA9
:10233000B69546BE0AC7A8BD96B9FFBC353DB6BD29
:1023400064EF31BA88BF123DE9D80E3E1E3780BD1A
:10235000C9317ABD370E213EACAEBF3C40A0D23C65
:102360009CF0B4BCE61FD63DB7B5363EAB43AA3DA4
:10237000808E413DF303793CEBCF993D9FC257BD21
:102380003406C8BBD48488BD982258BE793FB6BEF7
:102390008493653E8C9A50BE36CB14BEF2286C3DB9
:1023A00023DAF2BCD4E48F3C3DAAEB3CB5BA56BD6F
:1023B0003ECFA4BD20089A3D44B2CDBC06E4A7BDE3
:1023C00077BEFCBCE0E9AD3C28B66BBCBC0536BEB4
:1023D000BD1F5ABD56DF793D3F7AC3BB36F92E3D4E
:1023E0008C2819BD3983A33C17D71BBD6011FFBED4
:1023F00032616EBE27934C3E96373FBE3C8E01BE87
:10240000C1D26EBDB35FC63BEA1F983D14DE60BD0E
:1024100032F88ABDFC38593CA002393D712A1EBDF4
:10242000947DC33D0D3D5D3EB16CF8BDE7E42EBE2D
:10243000A2D7C3BEF57B813C4925903A2AD8E5BC9A
:10244000EC9FB13C2FCB50BC013E423C9A7B3DBD42
:102450009CEC55BE5659F8BCB32E3D3E2248D6BD25
:10246000E727ECBDFE87A13D989A5C3DB0F72A3D79
:102470004BEBD9BD2392E63D096C4A3E2D0154BD7C
:102480000D745ABE671E163EDECF923EBCDEFA3C8D
:102490005938CBBDEC7FF5BEF3AC3CBEA2FFF9BC16
:1024A000DE5BADBC4D299ABCD534823CB2D503BCB1
:1024B0007F472B3DCB389ABBC61C203C3B37B23EF6
:1024C00069F024BE37469CBD060468BDE7701D3C1C
:1024D000A875C63C417FAFBDE13A053E284F983E06
:1024E000462C553CED27CABE703C2C3E26476E3E1E
:1024F000D5BD1DBD3AD4CBBCE5E2D9BE9962C33D82
:10250000BA4B20BD781806BB36DB6E3C6AA9AE3CE0
:102510004496533D571105BDE716D8BE39219BBDE2
:1025200021163C3B6D1F9E3CA21E51BEA7522CBCE7
:102530007FC89DBD4C972FBD0B3BBD3CCCBF173E0C
:102540008E906ABD7B091BBEF4AB1B3E364C043F2C
:10255000DB13A63EB3AB333D83E678BED7C333BEB1
:10256000079D8A3C9DF4803D75D6063C064525BDF9
:10257000421A83BDB9AE523BB02664BC51791BBE32
:1025800089AF06BE7314843D9B820F3D1E6D48BE0D
:1025900069948DBD180C81BD4D8E1F3D9065A23D87
:1025A0005E51AD3DFA74483C6B2123BC882B0B3E39
:1025B00021B58D3E20CBE23E60F310BB56990ABD9B
:1025C0003B5624BE8F59F5BC4141343D189D78BA25
:1025D0001C044CBDF9B853BD0232B6BCE801BF3C87
:1025E00068D15A3EF67DBFBDB183C3BC4F237F3B4C
:1025F00013D157BE518704BDD9549EBDB2C657BD35
:102600007E474A3C27A5883DA1B0633D288844BD4C
:102610007BAD023EEA75C9BCB7ABC53E61EE7CBD81
:1026200040D45A3DD2072CBECF3E4ABE1933C13DDD
:1026300093AD913D84161EBD83E30ABE16B9353CA9
:10264000D273CD3CF1CC3EBF718F64BE14ED3CBC67
:10265000291552BDC03329BEEF6BE4392C8A853B66
:10266000113BB0BDB9B08C3DB9ABF1BDA74EA53C97
:10267000258D7D3DDAD6AEBCD2254FBC9F74F5BA10
:102680009BEF6B3E4E558E3E5E54AABC9B969BBE06
:10269000B415D93D4E83EF3C0AE29EBDB1BB03BEEB
:1026A0006FAEF4BC8EA60C3C80258ABFEBFEEA3DE3
:1026B0006F0A443E40B1C7BB902986BD4F4E70BDE6
:1026C0008BD3983CB4D8B3BD9A613AB950E2BCBE42
:1026D000BA547C3E5C83BB3EBFB622BE57A8513E77
:1026E000249E34BE8ADD893E47A4B03E34E3ABBDB0
:1026F00078CAACBD2B7E243DA71C42BC0EB25B3D0C
:1027000067213DBDC0142A3CD919703C202EF43CF1
:10271000F6EF4A3EB1682BBD1BDCAD3D446B843EF9
:1027200014AE6A3DCDB1A4BD8047893C8BEC263DFB
:10273000AC7E3E3E78E6053EDF670ABDC34F38BE3D
:102740008FAA90BE01AB133D0714AEBD287D243E79
:10275000078064BED83835BC093B0A3DADB9E3BB40
:102760004CF9A5BCEC2991BCF97BA5BD88B1C3BDD2
:1027700001A602BFB4A7183E93FB163C72D6AC3C30
:102780003637A63EA3DE30BD04531B3DB4D927BD6A
:102790000A92BB3C52E19FBC5EB80B3DAD00703D60
:1027A000A48790BE75653E3D61B656BE8CCCB8BC64
:1027B000F79E653D02755E3EA7C5163DEB9E303D1A
:1027C000C766A73C22C263BDE8D73ABD0A95CFBC15
:1027D0002855B2BDD3E8F8BE8A17C0BD6E27E93DC3
:1027E000005DD93DCAD6B23E39161D3D0CB0773CCE
:1027F0002EE4D1BA988989BD4BA2D33DF164973DAF
:102800008BDE5ABD7614C0BD5992813E1CFC9EBE23
:10281000B6C2DDBD41847ABE584B613E6289D6BDE9
:102820002670013D21FD0CBD618556BC1F64CF3C67
:10283000E329D437F3F995BD0693F63CE5D6153D6B
:10284000E526763E801136BCED8C833E2FBE463D9C
:1028500097BCB2BDD116853DCC135E3C7595163E36
:10286000332B83BC6F2726BD8C7BC2BC32F6A23EC5
:102870001DDC06BFB86CE8BD84CC92BE489FEC3E20
:10288000EB2880BDBC411CBD6F8774BC9129D83C2E
:1028900040E9013EAA8E043C13A6DFBD308ED6BEB1
:1028A000D84F8CBEC02E1CBE8B43073E450A643EEB
:1028B000C55EB9BDF351AFBD11FD7EBD88EA9E3D39
:1028C0008541CBBC1B99673BB661EBBD75A83B3E10
:1028D0004005203EF006F9BE0C68CFBD428D5CBEBF
:1028E000FCAAEE3EB16AA93CB50307BD7B0669BDF3
:1028F000CF3EA43D402720BDC968373DA11C1A3CEE
:10290000846BE03DB3CC003E5D4E87BCD299E13C88
:102910004344603EA5583EBDBA0F22BD9026B6BCCA
:10292000B3AE97BC9123233E76D937BD610491BCE9
:102930009FDA4A39BE464E3E4AC86C3DB3CC8CBD88
:102940001F5098BEA5D4A93BAB0C5D3DA17806BD38
:10295000E421DBBB0610883CB9380C3D06BD273CA2
:102960000E14A1BC7E78433E7446DABCF1CF8EBD16
:102970009CAB803D21E33A3EE75B40BD039A3E3D80
:10298000AAD99ABD758D02BDE8DD493E351C0D3EC4
:102990005D5B683DC4A5823DCEC5883D1EF94D3EB8
:1029A000E15CA0BD204996BE9D23B73D18B48DBE05
:1029B000BE89013D4258ECBC2DFFBEBCAE3FB4B950
:1029C0002BAD9BBD0A01373DFF4CA33D819AE03DF5
:1029D00072CC473DB528CB3BC723273E5F5CC0BDCB
:1029E00066786FBC79DA48BB2A7173BDF3E426BC04
:1029F000DAA375BB39BF103E19F69E3DC1B0373E14
:102A0000913D753EBCBED53C96E989BECFE69D3D65
:102A1000DD36233BF83B81BC2616973C43CC673C14
:102A2000986C363D783F9DBCEFED67BC010F7EBDD5
:102A30000CF6B03D49AEBB3DEA05C13D42514A3EB0
:102A400036CBD2BD86A6B5BD438538BDC57B483DD6
:102A500051F7813D141EFD3DB2852C3E1766863D23
:102A6000657E2B3E74DF883CBBFA303D9E5B8FBE9B
:102A70006592C3BCD7B4AABD169F13BBE300053D46
:102A8000C5D4A1BDB0AD593DC413DCBC186C0EBC9F
:102A90009006033EE864AFBEF68AB83D4095153D0A
:102AA000D59F523EAC0B8BBDACEF2AB9BB6490BC3A
:102AB0008B374C3D3D7A2CBE9F6DBA3DEB645D3E3D
:102AC000FDA69EBD82BB1E3DB5D78BBE9DD25E3D91
:102AD000B4FB04BE81570A3E6180913ED10EA03BFB
:102AE000F7F61B3DB62222BC63C00A3DD238B83D82
:102AF000C284A23CA450873DA8DABD3D9D8E333EE2
:102B000086A68CBD1D5E89BD3BCE043CCB44A53D55
:102B100011C98BBDEE6E4F3D17ABA33C5A4CFB3C2D
:102B2000599CD7BD620F16BE98399CBD6A3489BEC8
:102B300069CD9BBDF90071BCBAC8AC3C8C4380BD6B
:102B40005F7986BDEBCB8EBCBE17193D9E3F8C3C9A
:102B50003C039EBC37E1C2BB1FE6023E87A1CE3BD1
:102B6000A75E4B3E2E9E8EBCA0D4AABDCF8FB93D92
:102B7000DD0A193D7C5FAF3D5C9861BC7654883DB1
:102B8000F736B03D2CE56FBEAC5F09BD26AF2CBD5E
:102B90002BE72DBE1D37AA3DA7FACABC20F63A3C4A
:102BA00013E111BE52B6CCBCB41ABF3A8982CC3CF8
:102BB000AA2BF1BBC2A1613C6B13383C16E5983ED1
:102BC000ED3D073DAE4893BB3E1598BD08BCC9BD61
:102BD000350BF53C6231E3BC9E20B63D06C1C9BC55
:102BE000217599BD5A60B6BC0D1A2CBE82BD51BD6F
:102BF000E315B7BD91C2B0BDF83D4F3E0C1717BEEF
:102C00005CF19F3D63CB8DBEB4D8A8BA6B92AC3B50
:102C1000F18C5BBD3F53E4BCF73CB5BC4F923D3DEE
:102C200050DCEDBEBF15B53D176EDABE45612D3DDA
:102C30004995C9BDC517343E5049593DEADA35BDFD
:102C40001A32C5BAAA8029BED0AEDABB6ABCE5BDCD
:102C50004ED601BE27B1C0BE924E48BE60B6F43E0D
:102C600007F8ECBD1943803E3C4DBDBD3278C7BC72
:102C7000FAF2343B336F90BD80B7ADBCC99B0A3CC0
:102C80009684A33BA589E9BEA042893E591931BF6C
:102C9000D6D2FEBC6BEEB1BD7C300A3EDAE8B9BCE0
:102CA0000274F73C8F96AE3CC8AD26BE59021C3D5F
:102CB000B6729F3CB88FB4BC1E8D87BD8CAF12BF5F
:102CC0009034653F6C45DDBEC8C8E43E15646BBEFC
:102CD000AEBB30BD08600FBA44BE61BD57049F3C17
:102CE0005864E5BC86D66ABCF8D0263E6212753DB3
:102CF0002FCB883D03F6D13D42CB6FBE8E58603E50
:102D0000919011BD2EAC97BDB97BDD3CD23D9D3D70
:102D10002238E93D582DF2BD3210213D4FEF67BDFD
:102D2000837712BDADAB71BC42ACC83D3E918A3DCC
:102D300016F4103E9581B83B3D59F83C265FBCBC6B
:102D40004F660C3CAE49C4BC0793DFBC96E191BE14
:102D500001033CBE921ED2BCCAF3CD3D7BE36FBEE5
:102D6000BD6C3F3E51E7CF3CAF062BBD2561AC3D6E
:102D700029084F3EC9F4D73D9E3E52BDF9D5693D65
:102D80007F7BC6BD1468AF3E9F43113E1D6EAB3DB9
:102D9000CECDBBBE93C203BEAF78193CC399623897
:102DA000DDBC943D991553BDF50F6E3CF3001EBD7F
:102DB0005FFA09BE4B12B43EEA66B8BC29F96E3D13
:102DC000422C3DBE1E177F3EDD6716BD8300403D91
:102DD000B9A983BD8E4FA43DA4D8CF3D802181BD2C
:102DE00007285F3D8B5B88BCE66CF03D3B25E0BD72
:102DF000C451D2BD549A1FBEDBF0583E7EFAA3BD2B
:102E000049EA273D1B0CE5BB9A9AB83D885490BC13
:102E1000912D81BA34BA9A3D5047D73C4464873CDF
:102E20002753C83D4D3F16BE78B6793E6FA82D3B5F
:102E300021AE903DCE85DB3CB6B84F3E68E78A3D7B
:102E4000FA9ED8BD3849183CF4776F3E5D666ABD7E
:102E5000A631D9BABA2342BE2656B3BE905EC0BDD3
:102E600040C0E0BB3CADA5BCB624723BE71F26BC0E
:102E70007AEA7E3CD60D673DE18AE13E0295543DFB
:102E80003BEF033E5896033E8D93B8BDF04B363E64
:102E90005C209ABD9FE85F3BE3B8533C61C5A13E0F
:102EA000A45F11BDF5D589BE81D4E53D04F2B0BD66
:102EB000D1901CBEE99A8A3B13D1B1BDBCEAACBD2E
:102EC000A3C8B83DE9CD19BC44F7AABC3E6AB0BB63
:102ED00016B1F53C879D533CEB816CBBDE707DBD2C
:102EE000AD09D63DD52AABBD9F28F03BB4DA20BD55
:102EF0003D1DB1BD770EBABC7686933D62E07ABCCB
:102F00002A0A683DF2516D3DA8C97C3DA67783BE73
:102F1000BBCAE0BD6F94CF3DC19827BDCBB9143E6D
:102F2000A3D9D0BDD5808E3D06E5CDBC0DE30C3BCD
:102F30008E44A0BB4639803B1420853CB391D339E5
:102F4000A98781BE220E84BD60B7CFBDB63E9ABDB3
:102F50003C12F1BCCC044DBD8F13A4BD02D48B3DFB
:102F600071BC0A3CC2AE5DBD9D99AA3D5BAEE13C21
:102F70003BDB88BDCE9D803CE7CD4A3DA8FAF03CC6
:102F80002386D73DB6B076BEA556063EC8FC45B8EA
:102F9000FDF0A93CE3F985BC4B1DC33B79BB3B3B32
:102FA0007A95033B2F95D7BD7DC383BD7AD1DBBD19
:102FB0005F91963CB5FA80BD1E65B33C2780FA3C14
:102FC000BED369BD4294833DA4B4FBBCB3DAD53D06
:102FD0005843EB3C61942DBD8785683D6EBE38BC7F
:102FE000E542C83BF245DC3CF2EC53BDB463D03D56
:102FF0008B89B53C7D69653C62341DBD3A718C3A64
:10300000671E16BCA6EF2F3DFC0AFABE82E16ABE1F
:10301000C4ACCE3EBBE281BD207795BCDA433E3DD9
:103020001D83C5BC3CCD723DB367CA3D174D12BD73
:103030003F2507BE11F34B3D35EFBBBC0426143EC4
:10304000047225BED21F133E3778083DAED46D3BC7
:10305000B97CA6BD15910A3D5A24213CD51880BBE8
:10306000F5B150BCB39980BD1AEBFD3D37FA8E3FE8
:103070006E135C3CC3148A3CCA2217BEC48F5CBD6D
:103080003C7AC0BD674EA43D85F6653DB80F5D3CFA
:10309000613C383E3F1C6FBEFBA654BE3B58193EF8
:1030A00062F5053E2BACE73BDAC1353E57AC76BE48
:1030B00031FBE4BD65E955BF54F3093CBBFDB2BC2F
:1030C0005A101E3DF3E0F7BDFAC2073E477ED7BD5A
:1030D000CF4492BF942A29BE012E2D3EBF7A3A3C9E
:1030E000635D34BDA6EC01BC39EF6C3B7DAA54BCDA
:1030F0000668B7BD527C473C6C8580BD8BCECF3D0A
:10310000946C403EDC6280BE93B7FD3DAC1ED5BDE5
:103110006E311A3F3796493EAB9CB53E37BBBBBCC0
:10312000858F153C42EA423DC92F053DCED6D1BD23
:1031300004C1033E9716093EBD9E123F98FE623EB3
:103140003346D23D6BFF2C3DBE73B0BA9EF45C3D5E
:10315000D89E84BD42EB1ABE2F85063DA2FE8C3D53
:10316000F60B433DE4E7903E48B78C3DBFC994BDA4
:10317000D281B03DDE6A66BE2FDD3CBEE62B02BFCB
:103180005C8C1BBD8A7D993B421F1D3C2D7A58BD2E
:103190002E56263D7929313C2DE19B3EB3A8403E79
:1031A00074D370BDCDC53E3E8604233D595985BCC0
:1031B00051410CBD7FC8453D44BAC2BDA881B1BDD7
:1031C0002CD0C7BC0FC7073DBD7D5A3E1FAB54BEB8
:1031D000EEC0D83DA6DACEBD47ED76BDA62F94BE93
:1031E000CB370EBE1B4625BD4767343CACADB6BAE7
:1031F0001C8816BC97D7B73CD523FD3C4DB1713F19
:10320000938890BC87E59ABE6CB088BC2FB6203CF2
:10321000B164AA3D5688A33C98242D3D145FA8BDF7
:1032200019A6D23CB0C109BD0109CA3DEAD0793E18
:103230002A49ACBE9F437CBE3DB7ACBE9A99DD3DEA
:10324000EB4E0EBE32A34DBD398DC43C1E6A9A3B77
:10325000B557A1BD686F83BCA9E4D93C4A923ABC7A
:103260005CC1973E5DA8C93D257FAFBE40081EBE2C
:103270008EE9C5BDD07DA13DEF184A3C650495BAE5
:10328000E499FABA677C7DBEEEDD08BE2788B53DBD
:1032900076A0443ED5999BBE527092BE6D8C1EBDE9
:1032A0000E03BF3E6B99D63DF4D2163EEB84BC3C78
:1032B00052D1EC3C9F13A4BD505BF93C74A757BDA1
:1032C000BBDABD3CFB0D643EC2FD68BC22F676BE97
:1032D000FC8ED7BD092FB5BE12C418BD8A0CEA3CBE
:1032E000914D9D3DEA6A2CBD04C7D23D31B1213ECE
:1032F0009F5B51BD1FFE14BE93E7073E7FFD103D4F
:10330000D3965FBD440D903DF2696A3DEFCB293EF7
:103310002132DE3B00350EBC3A20753CDCEEDABBD8
:10332000822D2F3D7225E1BC3702D9BDF0C2DA3DB6
:103330006FE89CBEE46725BEED097FBE01C6583D1F
:103340005799503D644E23BD819499BDF67F4C3B07
:1033500075E49E3D5805233D872763BD297145BD12
:10336000A9AF273EE829F03D0F9B323EB2B7A93DF9
:1033700020D7EE3B7593B93DC17CCEBBB6CCAB3A02
:10338000F78958BD4100353CB43A023DABEB27BC50
:10339000666831BF28F656BE7E2F6FBEA2FC65BEA2
:1033A00092CB30BD491985BD653BE53C9DA1EC3C08
:1033B000F46937BD62BE643D208D813DEEF610BDDF
:1033C000D5E5E0BEC1BA09BDBFC492BD51E7053F16
:1033D0005019AC3E39D8C2BDEDF34E3D7F140D3CC3
:1033E0004CF7D8BC41E49BBC870B40BC2A4C543DF5
:1033F000A729EABDE02BC93D517255BE69F486BECE
:10340000668344BEF23187BD213190BDF6C6C9BC8A
:10341000EEFB6ABDC92CAB3D409F54BDC1D9A8BDD0
:10342000F60E8CBDC5A7403E74DCBABD237EBE3D02
:10343000672A93BDF13C95BD9E3B97BE1E5CB2BD15
:103440008712FF3CD56AD4BB930D823D5B88B3BB2A
:1034500008C69C3BF7A70CBFC1C5073EFAE927BDCC
:103460009C0062BEEEF00CBE4C2E0ABDAB956ABD50
:10347000C042D0BC5B866F3DE02DAF3E2A4BE03BA7
:10348000A98DDFBECACA1CBD25DF3F3E493B063EB3
:10349000D7DD4EBDD69C163E8BC8A9BE34D16DBEBD
:1034A000709FC7BDE6BAACBB5F227C3B0D8B813DF4
:1034B000F3846D3B0F37CF3CDE7B51BCAB9D103DA1
:1034C0008819213D1E7986BEBE6EB8BC8A1CCFBC51
:1034D0004B014F3CF88EBA3C35BA113AFA42803D66
:1034E000E4C571BD952A24BCB710E0BC0891B3BEF9
:1034F00065758A3E94CE06BFF284083FF5948CBE73
:1035000002181D3F08C814BD459F85BDD01F1ABCB9
:10351000FA63033DB9928B3D6136A73DA4C99CBDBA
:103520003F41A93D44132F3ED9E91CBEDB7B2DBD95
:10353000214902BE67156BBD4E89CBBB002B8ABDEE
:1035400046D40F3DCB5F013DEA77F63D0B46A93DE2
:10355000348A47BE2492A43D2DE8A4BCDEE3A03EFD
:103560000DB6C0BC8C667DBC8B4C213D216F16BC5A
:103570004A4C6ABD8E1112BDC47A76BCBBE1D0BB89
:10358000695D053E4AE4423EC393363D86314BBEFB
:103590002EE58A3D50CB0CBEDCBCA83D138EB3BDDE
:1035A00060DF12BCE09C513CCD0EAA3D8DDB723D2C
:1035B0009384DD3B0F43323DC07426BEABB5273E3E
:1035C000949A843E05ED793E0522F6BD6541AA3CFC
:1035D000B22DA33CA6EF92BDF9E596BC3EB5E7BA85
:1035E000D1C2BA3D1A43EE3CF26699BD030CA9BEA6
:1035F00002C005BE30FA873DDD0994BDAD36473CBB
:10360000D046B23D9ED0EFBB3EA0C33DAFAE093E1B
:1036100024C98B3D9D56333D73E1343E6B471DBE3F
:103620009E53913DD6CAEC3D7B43A43E7CBEE4BD97
:103630003B730CBD4BD9AA3BF64880BDA42056BDB8
:103640000DBB9C3CB8F9AE3D64D1BD3D46DEC23DEC
:10365000A9DC83BDDF05F6BDC5FB663DEF2EF5BDDC
:103660006C7ADE3CF57B2DBD6EEA9F3D6EE3553EE8
:103670005BC03D3C79285CBDE1E90E3E95952F3E4F
:1036800044CE94BC6B17183E7E16023E0249163E8D
:103690009BCFEBBDCAEBACBC9DE68D3D703749BD01
:1036A000D4F34DBD1EA6CC3BE2E6843DF931EF3E9E
:1036B000D4B667BC6B9F2ABE4AF00BBE6C05C33BF9
:1036C0001626E1BD20C53E3D170B39BDF8F6ED3D90
:1036D000DAEE89BDF9E1E9BDF9191CBE1DD4B7BD0B
:1036E0001B95413D0E8E9CBC8644EEBD159B10BEC5
:1036F0000BF4B5BCE8267FBDAD6AAE3B002BABBB7F
:1037000071AD8CBDBEC73DBDC7505B3D4168533DEB
:1037100083E6C03E364C983D27C7A6BC8A6390BD61
:103720000CD0803C3F8F2DBDADE7C63C2D011B3D2D
:10373000E9B85D3D30D6063E26E21FBECC55EDBD54
:103740002DDB0EBD5522953EE5ABA1BD7C58023F59
:103750003E4FC9BE0057033E6E4204BFDE1D853D8D
:1037600089DF813B0E053F3DEF9B49BDAA95863B16
:10377000D68CAABDAC050A3F93F7EFBEBE6B23BE45
:1037800020F0B9BD9EF1E83C9CD426BD9C16ABBD93
:103790007556FBBCE3E4323E087AF73D7A94A8BD47
:1037A000E01047BE2363CDBD4E5F0FBEEC5697BD04
:1037B000C4663D3C9034B33DDE9A003E19B1B83B3F
:1037C00096BCE13C82B16ABC780489BC165D80BDC0
:1037D000772C253D5D11613C021A803EB51F093EE4
:1037E0003E9BC6BD8780E5BD7C7A7EBDE5BF87BDBB
:1037F0004DD7573D909DFB3C7B69493DC34164BB20
:10380000103023BDD88188BDC3F8D4BD5211503DBE
:10381000744B22BE591E2FBC066BDC3D8AD6BB3EC4
:103820004024CC3D601EF4BC90EA883CB614913C28
:10383000948A10BD0335C73C97AF67BCF323C93EDC
:103840008413ABBD0D1959BE464A1BBE14A15CBD05
:1038500039D683BDB1A88CBD9D56D43C66B9E63D32
:103860001B5721BCAE0C02BC496EC3BD1F8516BEE2
:103870002DB84BBDA1B068BC3AE2DC3C033BD5BDE2
:10388000D6019B3EFB87133E4CA81F3C4CE70ABC6D
:1038900022BC263CEB49A2B9A1F0B0BC675B11BDCC
:1038A000F076A5BE9A8EDFBA03F7D1BE274AA43DB3
:1038B0006591FDBD6939B63D6E0AAC3DE7BAD13CB4
:1038C00092A09E3D134E6DBE70FF82BBCCDE1A3EB1
:1038D000DD74A0BECC0E093E7EDF25BE9DC6563EE1
:1038E000D1EA3CBEBF28063EC1C8A93D7817373D86
:1038F000A4BBC1BBC04E31BC7EDC20BC32712FBA30
:10390000235D4EBD1F8699BE0E9D913C5A1068BE28
:1039100052FCCD3CD976B5BD9C4CD53D5F9D9F3BBF
:10392000A0646BBDA8058EBD09132FBEE6BE80BD89
:10393000DA8792BC6FF087BEA9C9A03CEB6F2ABEA4
:10394000A152053EAB8E7FBD2BE4E13D36EE61BE5C
:1039500022D9713DB522D23C566FA63C85C2FBBD33
:103960009D7554BCDC64193C64C533BD53156A3E77
:103970005B9CAEBDB28B3DBDD2FAAFBDF115EB3D48
:10398000760D6FBD64FFF23C0E3604BD5B3F5CBE3E
:10399000DE26823D7AC8483D31B5A1BE85C2D83DFC
:1039A000FAABD93D869EE53D0244BDBDF0A6AB3DD8
:1039B00011CB3EBED6B306BD42F82FBCDB34533D1F
:1039C000EC3841BD7236403DB75C343C0FA9673FCF
:1039D0000FDCB3BE1DAD43BD43352CBDEBB641BDC1
:1039E000AAA4243C0E137D3DD0EB90BC349363BD60
:1039F000732791BE8D1C2D3C973CFB3D4F774FBEEE
:103A0000F47237BE1F5F103FD4D55ABE874AA9BD96
:103A1000DB59D0BEA4DA05BF01D4C2BC66CC143DCC
:103A200027E5863D3CD682BC2A69883BDC4D2DBD0E
:103A300026D21D3F83CD9ABD0171543DAD5F343D0B
:103A4000A19709BEBB54CBBB4CBAB3BD7E71A7BC1A
:103A500096F9ABBD82CA41BE1514103D5CD2BFBD04
:103A60005F807E3D6F47BB3E67E2203FD5BB1D3F79
:103A7000E51C1FBED926BEBE1BDB5CBF99E4073D1B
:103A8000AC2A73BDC88851BCC623953C346F853DB4
:103A900025532CBEC284323F2518B53E1FC99E3E19
:103AA00038A284BE10EE313EF1F59C3D683C973D56
:103AB000DDB7933DC79DBABC809368BD0F62FDBD65
:103AC000FE87C7BD483A713C114937BF5A2A78BEB4
:103AD0004B9C71BD6F02983E9DBE90BEB60AD93D0B
:103AE00002B8CCBD3327513B8BE54CBD3E6B5C3EF1
:103AF000E71D0ABD1A4B033DBC05343F00D2E73E2B
:103B00002B43B23DB2B249BE02648F3D1FDE6D3D14
:103B1000DF636C3D1832053D3446B6BDE30675BC27
:103B2000EA7644BE4A5ABEBDC1CC473CB637C9BE90
:103B3000545E073EED775EBEDFA9CA3DA73638BFAB
:103B40000645F13DB730D2BD3AED843CC80487BD8F
:103B5000A7D9773D224CB8BBEC1EE43DF71C593F7A
:103B60000984E93EC06BD7B9EA5C25BE53DEA33BAE
:103B7000CD17193EB4E4933CAE30A53D98DAA9BD0B
:103B8000FE1E9EBCB4FD89BDBF300CBE67F68CBD69
:103B900085F8A8BED73A883EA827D6BCD1CD0FB9A4
:103BA000C8F81ABE4E8D92BDC101DCBD942D5BBD1F
:103BB000B0A4B1BCC91EEEBC02D0DD3CB725853D2A
:103BC000EE759A3ED7F7D03E9A2441BE8BF33DBEA8
:103BD0008A66713C70BFEF3BD1892B3D5A68083D26
:103BE0004914C8BC10D205BCED58023E271B9CBE30
:103BF00014CC32BE4330CABE7E27113E86331DBE72
:103C000032E64C3E4959213DCA33B83B815E1ABD6C
:103C10000F2DF53B4BE307BD39DD03BC66F318BD43
:103C2000A54B943DA9A80BBE7AF6483EA4970FBFBA
:103C3000089825BEC4340ABE1C310E3D72ACA33DAB
:103C400033EFB13D04F84ABC973292BD614F433E19
:103C5000D653B0BE0D8BAABD59FFADBEA92C4CBE2C
:103C600087AB8E3D8205083D8716163F3D15CE3C3D
:103C70009175843DFC36113C3B43AABDF5C578BC2B
:103C8000546333BDEDE3483CD684A6BDD200FBBDF2
:103C9000EB1EF23E2220DBBE985688BEFA608CBD39
:103CA0009EF2263D157A993D68BA0C3EA68D073ED8
:103CB000199F133EC96F74BCB68CE0BD8C5A833D0E
:103CC000DC13D9BEE2B9533CD767F03D3B9B723E53
:103CD000F1887B3C36B3743D6A1DAEBB760E003D69
:103CE00071D0FBBCAB19DEBBB81E553C037B04BCDA
:103CF000221338BE0422003FF60CB6BE89BC8DBE2E
:103D00005458ACBDFC8F963D532E38BDA831CB3DE9
:103D10009C10283ED8D1C83D2A1C2ABD247989BDD3
:103D200023CED73D6FFC3FBE2DE98FBDEDDC103EAD
:103D3000B79C8F3C9DF4EBBD818F823C1BC83CBC83
:103D4000C43F813C4E01EABC0F41553C3812A03BB8
:103D500025CEEDBEC89FA9BC825CD73E0C57C8BE1D
:103D600098D19EBEFCE44E3CCC5DC93C25249EBD52
:103D7000FE4E173EEB4C6A3E028C8F3D8D990DBC7A
:103D800014441BBE1DFDAC3E259322BDF776D3BD6A
:103D90008C906BBDCA953E3E8B264ABEFD22343DBB
:103DA000601166BC86763CBC9CC7463CDDD80E3CA8
:103DB000C9335C3D64FFD5BD2E1177BEAF2C8C3D61
:103DC000B31BB5BE8CDB96BE3BF0363D8BCA8FBDB8
:103DD000C5ACACBD6635583C88660C3EA9293CBBD9
:103DE0009F1C29BC434C7BBDB39174BCBCDDE93D39
:103DF000D94F0A3D7464973D45FD413EDECC333ECC
:103E0000DA601C3D4AF429BD1126AABDCE9F5A3D59
:103E10005B49793D1F2036BC4A13963EC255EABD28
:103E20007255FDBC25EC86BE77DDDABEBB48093D88
:103E300084E83C3D6018BEBCFC462CBCD98A613E7F
:103E4000370239BDC801883E6662583E84DD2DBD0B
:103E5000CA8FEABDF41482BC2D8E4EBE80D6863E3B
:103E6000AE61123EB887E93B6E5EE3BCC67AD43CD5
:103E7000BDC11E3D4858423DD45CD0BDB1FF9DBE82
:103E800061D74CBFF94E5B3E0F08C13E31F591BC86
:103E90005857E33D3F3E523D0B1386BC743BE8BD93
:103EA000AE584C3C1347AA3E3FA0A23E51722DBED5
:103EB0009267B33DB71221BE62E806BE2F26DA3CF8
:103EC000EBE4803CC8C5CB3EECBF113E8CD05D3DE1
:103ED0004A54FA3C593836BE0F5931BD58417CBD61
:103EE0007A9FCB3E8A0B06BF78A55C3D1F7AA53E24
:103EF0006166573CB176063E1815AABDD252EABC9F
:103F0000EC8082BD810F843D8DEFAE3EBB26993E95
:103F1000A1C790BC22C95A3ED5B50FBE6E83973C4F
:103F200005C5613DBEC65D3E9EF7F33D2A93E53D66
:103F3000CF50D23C5E1289BCF42D1FBEDDD8F03CC0
:103F400065DF15BD8B5BE33DB78F07BF3D0445BE05
:103F5000CF98883E9C4CE83C9129113E06251DBD1A
:103F60008522023D181CD5BD1D11A2BD9450013EF5
:103F70003507B93EC47A913D0598833EA4DFE0BD84
:103F8000009A3A3CFE29363E8AE11C3E1DEE2A3D4F
:103F9000B600693DC04F6F3D3224553CB40422BE8B
:103FA000CB35B5BCFAF2673D9039D63E801105BFDE
:103FB00085D35ABE2B58593EC53581BCD559A43D31
:103FC00050F9B43DF24DE1BCF23F26BDA48A1C3D40
:103FD000BE1138BBD932B13ED1CA493EF13E5C3E3A
:103FE000F3C5623D743BEA3CE012703C5993A33E3A
:103FF000874BEB3D4AC0583DD4E9E23C8F765DBD2E
:1040000046C0DFBD737092BCD6D2CE3DA352BB3E3C
:10401000052BF3BECB57E53D7B31A33D848BB7BD6C
:10402000F7278B3C232107BC2610843D434216BE54
:10403000BFE03B3C6AE7FFBD592B8F3E31714A3EE2
:10404000E8CCE23D69A2F43D704FEFBDBC0F47BE26
:1040500085E6283EF42D093E4031133DE1D5F43983
:10406000C1651C3D09B6C9BD64F34E3D9304BF3C18
:104070003BA2B93E8D56003EE844213EE0412CBEB5
:10408000962CAA3DF8B155BE4DFD8B3D583D283DBF
:10409000F3477EBD88D2563C4BD578BEE735D3BBBF
:1040A0003D8C153D85231DBD6FB12FBE0ADC34BD8F
:1040B00060B09DBD979C173E996528BE4754DA3A7B
:1040C000FF4595BDC375D73D7A48C13B0F2A083DD2
:1040D0001FA2A0BB794F463EEAF73A3D84EC313E41
:1040E000CEA532BEFEB6F53DF6DDD0BD1C741BBDBF
:1040F0006AF3553C60B2B4BDE538943DDD4F6ABE0D
:10410000E0B6433DF0299ABCEC56CE3C1E4E56BE5E
:10411000A8DED03C15489ABD7EEA7A3EF931FDBD55
:104120000C56D43C1DB3ABBD6DFF603D41BC8CBC97
:10413000D423363C7FF012BC58D34FBDCC4C53BE79
:10414000C95D9E3D51C246BE94DB803D5C35F7BDE6
:10415000F06B923D20BAB63DD200DD3B1C60A9BD9C
:10416000C74389BD4723713D129B023EE9698D3DDE
:1041700022780DBC373538BE050EB03CE435B33B74
:10418000E746643E1805B1BC246554BD6D9363BC1D
:104190000DAB073D19CC313D343E48BBCB22263F09
:1041A00015DC853EB11D843B882957BEB33CDD3DFF
:1041B0001EBA3ABDBBB68C3D64B58A3DB71EA4BDE0
:1041C000AD8BB0BDC37418BE609C563D1EC2323E5E
:1041D00094A9463E33807B3EC2BF81BE0AFE25BE07
:1041E0004F551ABEFE3863BEBF3E61BD06BF5DBD02
:1041F0006A96B9BBA885EB3DDF0513BD8BF1013E87
:104200001C62813F9E3F633EE670A8BDAB35C3BDD7
:104210004C4F06BEBB89A6BD26F09ABD5BFDDA3CBD
:1042200060AB363D32AE8D3D448E38BE152739BE6B
:10423000E466633E21D0AEBDEA57133F332D5CBE2A
:104240007A282A3EFB3061BE6C0D92BE1F009CBCDA
:104250007F6BF0BCD322FABCE53D883CA22066BB54
:104260007058A33AE371A53DC30706BE9FFD8A3E81
:10427000EBCD01BEC74F253C6203033E0C1D3F3D05
:104280008D54083B7144A03D6320843E6EF4DDBD37
:104290006B4273BE478F323E86965CBCE29A3F3ECD
:1042A0007632083E8346BD3D7F612FBE6C48AF3DF0
:1042B000CBF1883D9027903DA267B5BD27B2E53B85
:1042C000DB00203C0286F43C703FC53EF4E90DBEA5
:1042D000077B363E9DD11ABEA26563BC4BB1953DAE
:1042E000CAA83FBC0AF8A2BD9A84D13A1721173E4A
:1042F0001BFCB33C9C9405BE22EE983D94A4A83DC3
:104300009B4198BD72F4073B7EB45A3EFD3E00BE11
:104310003FDA023EB992833B69F21F3D519157BD8E
:10432000B510A43B00A03E3D2FF65F3BE6D1B03C6C
:104330009E1E06BEF257EB3E0D9A63BE93DC0ABD8D
:104340001B08FC3D13F2AF3DD7EB503C8E103B3DBC
:1043500092CBF4BBAB58CCBD6781A53DCC344F3D6F
:104360005400BF3DB47066BE0D77AABD2CC2013E9D
:104370000CD653BBF34E403E1903D03CC53E87BC20
:10438000BCA08ABC0998163D2BD0993D21C356B9D3
:1043900009E4BEBE891D3A3E5B435F3E837468BE3E
:1043A000C1C295BDB13EB53D319D52BC684FD33BB6
:1043B00068644DBB25C61ABD718A05BECE3F0C3E52
:1043C000380E243D657A12BEF383AABEB9D6D03C1E
:1043D00023D58B3D5240843EBEC836BED69DFC3BA5
:1043E000CA1F5FBD62922FBDA75C173D74EA343CC3
:1043F00089BC2CBCA528B63F0C31163C3C4F1F3F56
:10440000FA9158BE4EA39CBDCE00243E69419DBC8E
:10441000016683BD56B9423B867EFFBDD54BB4BD18
:10442000968A9E3E9DDFCE3DCD8C553D4FE38ABEA4
:104430002B4D773E6407F43CE7AD0E3FB72760BDD8
:10444000F4D722BD54CA913D77593D3DC0E5863C25
:104450003B8C5EBCD60E6BBCAB89303FD08F26BC8C
:10446000AFB61EBEBCA505BE57978E3DE2CAE03B67
:1044700044EDB1BC3F6D88BD32B925BDD9449D3DE9
:1044800028D97B3D2FED15BEDF972D3D9CA0023E28
:104490008BFBCCBD4048D0BDBB2C73BDBCE08B3E7C
:1044A0006C1D14BED92D33BDB6A0CABAFBC3D0BD96
:1044B0006C06253DDB76C63A947CD73C1F22A03E95
:1044C0007C59BF3E4865B23D2B0869BEC00A263DF7
:1044D000DBD7FBBC573A21BD8451003D58EF523D1C
:1044E0007943DF3D26C592BDE512B4BCC1083C3C12
:1044F000BED9323E1B63353D631E413C794FC3BD7F
:10450000F9EE2A3E28B5B8BCC84BCCBC638842BC87
:10451000168994BD88AD9B3D984AF7BCD336883C3C
:10452000EFE4A13EEB7DD63D760061BD2E1180BE4D
:104530009A2A403D96E37D3D3B42AB3B994A9CBD68
:104540002AFD463DA311033E9B5096BC788D2DBE9F
:10455000C38D013DDF0FB1BD2762FE3CC5F272BCC9
:104560004D5BFD3D3AC245BE9C11E5BD0C529CBC65
:10457000C15B40BD711D3FBDDE51203D3530E33C88
:10458000327767BB43DA3E3E601FA53D89818EBE10
:104590002BE335BEB55D413D8C589F3CE87C953D95
:1045A0001B938F3DA754CD3D2515D63D99D99D3CF4
:1045B000BDF76CBE10CD69BCCC8327BEA06C8D3C12
:1045C000E1D4B83DA08D063E420310BEA7D1D13D37
:1045D0005254543C66181DBC6AB9B9BD1063BD3C49
:1045E000D953163D20D616BCA5E3ECBEA43F623DD0
:1045F0004CAA9DBDA9098ABE0F09033D21BA99BDE8
:10460000D1E10A3D408AA33D818ADA3CFE82373EF1
:104610001EE698BCC4E155BE55DD72BA152F3DBEED
:10462000B0A6113D378C2F3E78FCB03ED6673DBE1C
:104630002B7F1239CABA1FBCBC2615BDC1D1F53CAF
:10464000516088BBFA9BBCBC2A2B0A3DD353C23DA8
:10465000BAD6C53D4F8E243E5B0CED3D0ED384BED5
:104660003A87393DBFB3CBBC5EC985BDB792CB3D60
:104670006E02AEBE08DCAFBD634FC53E5834213E6E
:10468000D0BC883DB19A8A3D67FB14BECD75CCBDC8
:1046900090BC22BD59EE913D0D3D52BD171F063D08
:1046A000F29F70BC61923A3DDD9C9CBCE383BFBB32
:1046B000AB22FEBD4DBFD33D019F31BEBBD8583E9E
:1046C000942D84BE23DD243D7F54B33DB9E45B3D8E
:1046D000911ACC3C071B29BED057103D5681663C31
:1046E0003E12133EB0637E3E4147293E48A9353D08
:1046F000118015BE96A640BE0F7C24BD2EBD313C58
:1047000064FA11BC79AB67BC174F0CBD67E5983CE8
:10471000E466823B657B6ABF15D08DBEE405AA3B8B
:10472000C5EF503E835471BED139DFBD2F126B3DB2
:10473000A0E62B3DBC6D05BD6FE1663DBF00D73CDB
:104740007A2A0CBED0CCF23D820A2A3ED844D03D13
:1047500048A2BA3EF9414E3D6B0785BC48B8D4BD6E
:10476000D252A73DEE201ABD1FB9DD3C3DCB96BD10
:10477000F93DE13C2E57DD3C6A8E29BFFC94983D03
:10478000C43D1CBD3D5E003E22C6D2BD0D1198BD8C
:104790007BC091BD7710A5BD5ED3FBBCCB3483BB82
:1047A000302FE3BD343FC33C7F660B3D3DA41E3E2E
:1047B000B34EEC3CD8D39B3DCE94113ECAD12E3D96
:1047C000BE8D253D4B6D003D14E153BC4CAA1E3DF2
:1047D0006F2140BD3E6511BC7EB2AB3C0F9A433E9B
:1047E0008C76A7BE1F11B83EF96236BB89634CBDFB
:1047F00005E974BDAEA1B03CA008523CC65F883C40
:10480000EF234A3E6FBD46BE0DE00C3E558904BD08
:104810008882F4BDC7D299BD465BC4BDC43BAB3DE5
:104820005920AC3D4C60043DA21D403D8A25003D11
:104830001E27033C23A839BC0C4F74BDA469493C16
:104840002C14AEBD24A457BD4764993E44B1403EEC
:10485000B6833F3B47503ABD1B24623DDF9995BD6F
:104860009D44823C4A729FBEAAB580BECAF58B3E6B
:10487000BB18243E02462BBE8E4E4D3DE38C28BE17
:1048800080AA3C3E742216BEBAD3193D2BB2B0BCEE
:10489000571E9A3CD1AE11BD91DDF03C8B6320BD1B
:1048A00053FC503D39594B3FE0059B3DAAB5A03E16
:1048B0002381213ED43226BD8454EBBD2204463DE3
:1048C000EAF0A03DDFFE89BDD7BA48BE71613EBEA9
:1048D0000CE6833E2AEA513E684C59BEE329273E46
:1048E0005A74DABE4092B63BABB08BBD9889153E88
:1048F0003625BABD4827A23DFD1A60BDC8BBA43D00
:10490000FEEDC2BC631866BBB4D6143F74FB03BD96
:10491000512255BD3CEAC03D50CA16BE429E7DBDE7
:104920002B6B4ABD4950EFBCBFC887BD7F2235BD48
:104930007547D0BDA16C093EC82DBE3DFC54713DEC
:10494000C820273EB1CA27BE9569BCBDDAE9AEBD15
:104950009CC0F4BDB0AB37BD935EA53CE7CABCBDFF
:104960003122373CE326403C1CF09BBCB2D2A4BFB2
:10497000AD89F43D0BCEF3BD851E273EF37D28BEE9
:104980004409C5BD4CB6A13C68A110BDEBFF81BD7B
:10499000D915CB3C3B4668BDB32A06BE625ECE3B12
:1049A000F71D093FF1156D3E250E3A3F34A835BE7F
:1049B000AACD11BE637D9DBEF65C863D36A1F9BDD4
:1049C000BC28A83DAC05E7BBB59853BC74DAAA3C3B
:1049D0000D44C93EE8234FBEB47FD8BD9A99083E26
:1049E0003294DFBCF9A4123D14D75FBDDDFD773CE6
:1049F000409DDCBD1AB5333E7CF65F3D1D5581BE42
:104A00002E24A1BDF9084CBDC5A2223E77A5003ECB
:104A100005860B3E2A1472BDD1D6153D7BE0A03C25
:104A200015D6333CF566BCBCFCCADDBCCC40AFBB84
:104A300048B4A9BC9627063EE4A3153EC85D4F3E88
:104A400097451FBC8A443FBE68EB753CBD51AABD6B
:104A50000B72CA3C03779D3D2680C33EFCD3A13A2E
:104A60003AA49BBECCC05B3DA4DBCBBD7B9E6DBCA2
:104A70009784F33DEA8CB73DCE241E3E320AD6BD64
:104A8000518723BD29B3493D0BDF56BDA531983C65
:104A9000CBAD033A0D779E3C638248BD7CE16ABD95
:104AA000E2082E3E44D3A1BCE0FA78BEAA1891BD1C
:104AB0001835C83C4ABE92BD857CFC3D0673A13EBC
:104AC000B238D5BD21041CBEC3D8923D5CDF1BBEED
:104AD00072C45CBC3FDD313C912D1F3EC0A2E3BDE2
:104AE000C11EC83BF666B0BC490DF43A5856BEBA72
:104AF0000915ED3C0C640C3D7E5FF63BCFDB19BE27
:104B0000554FB53B9E334C3ECCF808BE476324BEA0
:104B10003E9588BD867A693DCD6C2FBD255C37BC3E
:104B2000B81B9B3EDC5C89BCB019CFBD93B724BDDC
:104B3000F30CBBBC5D4E493B6326F5BD581E283EB9
:104B4000B40A0FBE9C92AABDEC44A6BC51BF1ABDCC
:104B5000EBA03A3D719DAD3B336C2A3D063EA43B34
:104B600022B2693D4DDB473E77AB0A3C433849BD35
:104B7000EE9724BEA86B2D3D9093B03D2804133DC5
:104B8000CFE3873DAC94D63C674F6B3E033407BD03
:104B90005C65F8BDEE03CF3C84CC543D81BF6DBC59
:104BA0003DA3E5BC15F86F3D0E311EBE34884ABDED
:104BB000B38E0ABD5744353D383C833D476538BD0B
:104BC00068E293BD2B3D4A3EC4D2A03E04E780BCC0
:104BD0007666653D89A55FBD9F2E2C3DAB0BF9BC6C
:104BE00010ED37BC6B95093D0B1BD2BD7614803E92
:104BF00021F6903E9F93A3BECA7D68BE4829813DA1
:104C0000713A55BBCD00123EC72010BD2CAA21BE63
:104C1000797B74BDFCD837BC856094BAB5D3A33D0D
:104C2000A0761B3D3B940ABD97D03ABEBE9EA0BE67
:104C3000B5211ABE36332FBEC771773BA84E5E3DF5
:104C4000115D87BD049B9A3D3A76B93C223F29BE4F
:104C5000D3DA21BE4CFD843DB891B4BC319340BE43
:104C6000E5BCE2BD3188E2BDEA6BEF3D47736D3EC6
:104C7000CE6AEE3DF2B2CB3AB9F5B83C78AA0CBB9D
:104C8000611FE8BC7CEAB4BC6557433D8E0C22BE74
:104C9000489C36BECD5BC5BB835348BE8588843DEA
:104CA000138E06BC65793FBD688C77BC9A67B83DAA
:104CB000AADE0CBE851983BDC3EE8EBD89E9493DD0
:104CC000B3B186BD7B123CBD020B5CBC1EFD15BDA5
:104CD0003C91673D070268BD797CEEBC840DA9BAA2
:104CE000AEE9B1BC645A993CB8577A3B8107A33D01
:104CF000EC0E723FA44CED3DF2B2F3BD6A0895BED6
:104D0000761A853C3E7AE93C1679BEBCF20612BCA6
:104D10008894B43D471502BB96645BBC15A6EABDFA
:104D2000311FB2BDA5AE183CF6942BBD557D003E9B
:104D30001B0EB1BE6BE6F4BBC6B223BFBFC44D3A77
:104D400005846BBC81BEAABCB37D9E3B1D7E1B3D12
:104D5000F49BCEBDE90028BD5AAC523E5B829DBE9D
:104D6000BEE33BBE7B8F263C37E312BD35A01D3D25
:104D70004650843DDF83273CD3191D3E56CEDE3D91
:104D800000B5AFBE9CECAABD6FAA57BDC56FCE3DA6
:104D900029B1B53DF9F2D5BD0144DBBC03783A3DFC
:104DA000665321BDA987813CF998AB3CA4C3833DE0
:104DB000CB66843C4DA1263CF8B114BECD70B6BE86
:104DC0004FD5E1BD248480BE0E0D7E3C6CB5C2BDC6
:104DD0007436B2BDF8EF11BDD1C5ABBD69CF143E7D
:104DE000DBD9773EFDE5F9BE7D893BBE50D157BE8C
:104DF0000836773DE80C9FBD5BEC9C3DB6D96ABD9B
:104E00005B8AA63DCFA2243C1E05733CFECA26BC8D
:104E100066CFB1BC99F8CA3B8C1DDDBC0A7772BD68
:104E2000A9BC843EB72D983EC77BE23C0886853EF0
:104E3000E31F823CE5BE9EBDBD52B63D5A0113BE86
:104E4000D83722BFF905D23D759F443E59EEE9BCE3
:104E500082C4DC3D0F5E683D85A9AB3DA644B23DF2
:104E60004C776ABD7D1C0DBEF756AEBBBCF213BDC0
:104E70007C205A3DED4204BD0F3FBA3BD37F0C3B33
:104E8000A249A23DF189193E8355933E89830BBD0A
:104E9000115C133E83B9043EB287B03CBD4AFB3C73
:104EA00004EA46BDA5BBF3BEEB3B7D3D1BCD343EC6
:104EB00077CFC1BCF9CC4EBDE86619BECF9934BDE1
:104EC000F79A6D3C44F4753DFD7063BD0ABCD13C5E
:104ED0002FF183BC77AB3A3DB5FE49BD52C00ABD48
:104EE000D926AFBC047ACB3EFE8F4CBE08F2093FF8
:104EF000A6042A3D35A9343EADEA803D422083BC5C
:104F0000C724ADBD2212B9BDFB4102BF7AB2C03D7C
:104F10007DDF9C3E754267BD7F2B5ABD7AB7CCBD05
:104F2000B76236BE9755113D6588CCBDDAA651BE35
:104F3000D38D073EB21886BD0282803DA688AFBDE4
:104F40001E60E83C5ED0B73B6A77043E9C686ABE50
:104F50005677143E2D8D8FBD8F6CB73D66F167BDC2
:104F6000A3DD48BD7C891EBC9E16A6BD9C2C11BF2E
:104F70005E2CAF3DAB0D6D3E6F270A3D7376323E22
:104F8000B1A2243D621CB83C47FC4ABD695216BE22
:104F9000AAB9B6BD4141AC3D5ED4C4BD12DE24BD4C
:104FA0005E7DBEBD62942D3C3078BC3B3299323D73
:104FB000460494BE1E432ABEB7A5A7BD30D011BD7E
:104FC000EB1D4EBCDE4605BD1AB5ACBD1FADFABD2E
:104FD000CB5BB8BE1FA275BEC2A5933EE4F1903D67
:104FE0006EC7A7BC5619BFBD4BFF90BB8FB4213D08
:104FF0008959C03E61E5DA3CF21A013DCF412CBC33
:10500000EB5F2CBDB4F0B2BD880E293DB12E0EBCB5
:105010006297DA3DD2BF4FBE8043853EFD5A37BE10
:10502000399A993DE60BE03B03405C3D608E2C3D98
:10503000D24527BCFA7865BD284E483EA23F833D45
:105040005A0888BE41648ABD9D36803EC44ABD3C34
:105050006BC5C23D2DE437BE953CCFBB03A9CB3C0D
:10506000320BF13BFA05223DE1BC3C3DF6CBD9BC0D
:105070008BBAECBC5B2EC13DD871393CABFF273EEF
:1050800067F967BE154A7C3DE65D7ABCF6C5AF3D63
:10509000A1CB713DF1E6F8BC0B46013D2150963D98
:1050A00031209C3D0A5843BDDF8B553D3446E13DE0
:1050B0005AE3B4BCC36EBD3D733B4B3C8E2A873D67
:1050C0000B9A41BD4718573D06B9AB3DCAD13D3D8E
:1050D000B7BD99BBBE864DBCC25910BC00292CBEC1
:1050E00001FD613EAC9011BEBF57683DCBCDB83DD0
:1050F000A1ACA0BD1E04CD3C1E09B63B921F0E3EC6
:10510000D45CF13D40CFAEBD332919BE1EEABEBC12
:1051100068FAE83DA48A683DF691D63EB6C607BE59
:105120009A0BAABD6A5B0DBC3E93B23D4902683C36
:10513000088D89BD1F50D93C195CB13DF7BD2EBF0C
:10514000A714DE3DC6382D3E0BCD07BED2BCBF3DF9
:1051500008EEAA3C76529DBD1037A13C33D65FBC09
:10516000EA5B6C3E7607183D1D1683BD440499BD6D
:10517000D3BB64BE5541E83D7DFBA4BE266E3E3EDA
:105180004B96E5BDD88594BED78F9ABD062D86BDBA
:105190009D2C023E7564E1BD90D35ABC8CBD6CBDA4
:1051A000A83D1BBF8A119A3D7EACE43E449118BED7
:1051B00090E32B3E7D5B84BD06BD60BD3311173C83
:1051C000DA9E15BDF4BB863EB3F864BE695DB3BD1F
:1051D000DDD0823DE588A6BE53E19DBD4B88C7BEAC
:1051E0003A2BBA3ECF3423BE33DB8FBD96E509BCE4
:1051F0003048AD3B65E7023EA7987ABDB3B297371A
:10520000B1FAC5BDA64B6E3EF3C534BECA83B1BD6F
:10521000872B193F6DA14D3EA85061BC959C24BBC6
:10522000F477B23DEE9751BD69BB74BD01637E3D1D
:10523000458688BD49D9D03BDC1B123EED65583E02
:105240005A8235BDEA2B88BCD835583EC8489D3DAA
:10525000EA2D383DA899F8BBE75C58BCB9251FBDBD
:10526000BD2C95BD391379BCE02C08BE702924BE35
:10527000EAEAF9BD0C7C083FEEB0233E5FC0CA3DB0
:105280005DBF88BDA99884BD0B308ABDDB51A23DAE
:10529000BB3ABE3CF0F8703D2C6D293B8CB35A3DB7
:1052A000D8B7103ECC1756BD527F733D2788F1BD4D
:1052B0003DE8F8BCD344093D0163FB3C60B5593C73
:1052C000526B6DBD9A0D2BBD2A45A53D227379BE4B
:1052D0008A17F5BDC9A4B6BDD9170C3F18911D3E5C
:1052E00016499CBC3F6194BD62CBA1BD91FC07BD3A
:1052F00003DEF3BCCACC4B3CB3FD09BB21A1A83DE6
:105300005704003EAAD5C83E8CC8E9BDA9C8D0BC88
:10531000EAF474BEEE2E203DA52F433DC12350BDBF
:105320001910AB3CAB1CA0BC6BBE9D3BEC32473CA8
:1053300031119A3E0E68AEBB6FA4653ECB92063F1C
:105340006824CC3D6BD27ABDDFFDAC3D95E4823D57
:10535000915A99BC16E544BE7FECE5BDDE33D33DE2
:10536000B18B0F3E8DA6A93D6504923EC3CC85BD91
:10537000BD4FCD3DF81A1ABE53228A3EBADA5F3DC0
:105380004A374BBDBD548D3C8C7F65BC6F4B8C3D0B
:10539000A6F61CBC5908E13EE171DEBD1D46A13EEA
:1053A0007BD7AD3E7F7FC23D52ADD63C185B76BD0C
:1053B00068B42ABD1FD3D13B9FB4ABBE1E1267BEDB
:1053C000AB1B973EAB9BA83E7896443A9DF5953C27
:1053D0003493583DE4BB9F3EC386C03DB363383E23
:1053E000F257793D40C6223D7165DFBC6BC93EBDB9
:1053F0005CA1993CAF2FBF3CAAB416BF15C059BDE4
:1054000021A575BC374209BD0B380ABC78BED53D15
:10541000D2F6AEBD01818EBDEBDC0C3E382AD9BC84
:1054200016DF0ABE9C45A0BEDBD646BDF52A053E6A
:10543000B805843EA8CBFABDD03C2FBE77ACD6BE13
:10544000A6B0513DCB7FB7BCAE3781BC3687083C98
:10545000B5EEB83C06B265BC5E45763C8CE82DBF27
:10546000D9C6D4BD87CF6C3D238399BCB313653CAB
:1054700049CB3A3EBCB551BD15F09E3DABCFCB3DBF
:105480003BC238BD4A929C3CE76304BE91F42A3D7E
:10549000E1ED19BD56ADB93DE1D5ECBA6B4278BE30
:1054A000E1751CBEF15F08BD72B7373D0753A43CE0
:1054B000465C0E3D7461B3BB41A5F6BB3B2F99BC66
:1054C000B3898DBB27805CBE87177A3E8A964A3D9A
:1054D000A02491BC4576383E7C1D86BABD3ECF3BAC
:1054E000E9D8D43CEB1DB6BD1DB82ABDB7B022BE6D
:1054F000CE54B9BCF006E7BDCBE1B8BD303B053EAC
:105500003B16BEBD1133F53D5EBFF0BD60D2763DAA
:10551000C136523CF30D8ABD76EF063DC18D8DBC80
:10552000183E483D0E354C3F6A7AC8BE42D698BEFA
:10553000601ABE3DC390113E2310FA3DF1A68F3D87
:1055400007A1ABBD32D6003E162867BECD94ACBDD8
:105550000A9E1FBE5B2E2E3EA0B08F3E7001A9BEDC
:105560000D52063E26BADC3BF851103F93F93B3D05
:10557000112A9D3DE6D6D4BBD2652CBD1335533DD3
:105580001C51A63D18512CBEC8AD093FAE8B80BE44
:10559000AF723DBEA8D065BDA4011D3DED1A0D3E04
:1055A000A4C0DCBC3EBC273D01E8423EB31EA6BE03
:1055B000C78571BE1B888F3C23C0903EF745113DC7
:1055C00010153BBED7DBA2BD8D4482BD197E353F91
:1055D00018E5C2BE1BD3163CCCD4563DB04F0EBD11
:1055E00029FB94BC937E043E95112BBE851394BB7E
:1055F0005D42053EF760A23EE7B5183D3C8D82BC9A
:105600002D3D803C6E3D97BD29510FBD693D0C3E3F
:10561000A608D0BCC96545BE2AFA9ABDEA453DBA7E
:10562000575890BD79AC9B3E57EC6BBEC0EA13BE99
:10563000634331BE9C84DCBDD4B04ABD23B64ABDB1
:105640004989883CEBFE9ABBB8C4783D11DD87BC24
:105650001C9B9ABEB1C31A3EF963963DA65D1B3EE4
:10566000D3DB86BCDECA8CBCDF70353D9F87AE3D88
:10567000D5B30C3EA588C2BCF2196BBE7F25F4BD24
:105680009FF9FEBCDA2155BD25FB1A3ED750E1BD7E
:10569000EB25F5BD0D4688BD1E314D3C6771013DC2
:1056A000AE48C4BB9153123D75A4CBBD1434263C07
:1056B000ED85B83C977D433ED7EA20BDA318FF3C5B
:1056C000B7E6EB3DC9315B3CAD3040BD18E3663D0C
:1056D00087A3743C5705923DA76362BD3652383D9F
:1056E00063BF2EBE2BB741BE5860ED3C45760F3EE2
:1056F0002E2818BD17779F3D08F11EBE87BAA93D19
:105700007932A63D19678EBDD741C73CE0EC9EBCFF
:1057100002A1333D2D4E563DC5AE8CBE8822923E31
:105720002DE049BE683F15BB4BDED23D1052AABDED
:105730000A5963BD681CF8BC2D93A43D6EC934BEE4
:1057400012158BBC2EB53DBE815D90BE171DABBE44
:105750007F1B3D3E79DB913D4CBEEF3D2AC59ABD96
:1057600031B06CBD2C01693CA50F45BB38F7A8BD15
:10577000945AD9BD7BB011BC227FEABC881C8ABD7B
:1057800050E4563E3BA88EBDA43A5C3C8076EA3D90
:1057900052B16E3C7814E3BCCB98323D744AF33D71
:1057A000BCBA56BE7C8686BC784641BE9A2E31BEB7
:1057B00071EE53BE1B4D2C3D949CA13D27CC023D68
:1057C0009EBCD9BCD05CD8BC5D3AF63C8E4912BDBB
:1057D00056401EBD76CEB13A772701BD1676CDBCB8
:1057E00025A57F3E054C24BE93F69DBE04DDA03E5C
:1057F00017FE073DC07C833DB25976BD6ADF2EBDE2
:105800000281F13CCF765ABE26E8123E134EB7BE57
:10581000463D05BE8D5575BE9445AFBD166F533BD5
:10582000D8B6F33D59128FBCF16BF33CC3DB7B3D23
:1058300025638DBBEADEC2BCD5C96DBD5FBBFB3C39
:1058400098A316BBB2BB803EEC1543BD934B2ABE5A
:105850005ADCBA3E637CE73B5283093EAF62643D4B
:105860005873B23DC6EEB2BDD13979BEEAD1253EFC
:1058700055CE7ABEA4835CBD6C4388BE08E55DBE90
:105880001F0946BB7C8C873DDE9E903D2B6A103DF8
:10589000FA48993D5BDB92BB5A61D8BCB79C8FBD7F
:1058A000650AAC3C4C56183D99111C3E00520ABE8C
:1058B000C2E3813BB1C8AF3E4B22863D4D76A73C4B
:1058C0003BA18FBDC2A327BD2AF3AFBD18A850BE10
:1058D0005F1E373D1BDEF0BD15B2C3BC511F20BE9D
:1058E00005695BBED89DEBBB86A84F3E0ABB5E3EFA
:1058F0007C5F9F3D96B0733D06B1643D901109BD3C
:10590000643937BDE4C8973CE5A1023DF97558BE3E
:10591000C46C543EA8D19B3E057B8A3E09FA133ED7
:1059200029274F3DB8D18E3D6D52853DE3EDD73BE4
:105930004D8356BE62BB453C2C7E78BCBC35773D62
:1059400057EB0BBE75B73BBEEEFC3F3E144C2A3EF8
:10595000A0E60F3EF8C48DBDA916F63D42C612BCA6
:105960006943C5BD622030BD21700FBC1723913D36
:10597000DE13933EE2EF833DCF935B3D5F5BD43E0E
:105980008B91C23D8BB122BD94AEE0BC6FBC60BDBB
:10599000C345A53C97CE30BD8BFCA6BE9E7B68BEA2
:1059A000E974613E786552BA6692D5BD416E31BDEB
:1059B000CEA8CB3D04EB753E9A1AD63DF8F0D03C0C
:1059C0009BA63BBC4329C4BD6F20173D050166BDA6
:1059D00001F9B13DB0B665BE3635863D9AD914BEE3
:1059E00018A02BBC1B78093EE235203B132B4CBD85
:1059F00079F62ABB525240BD4A128A3D006F7E3E64
:105A0000E2C9C7BC97046CBE230926BE6B0AF3BD6E
:105A1000FD0C563D7B79C13CB3F26C3EA6A4FF3B26
:105A200053AFEBBCB23FBCBCEEB2BC3BBA06843C4D
:105A30005C361B3CA3E509BD93ADECBD7CF1BA3CE3
:105A4000AB6B2FBED84EE5BD35F6293E636DC63D26
:105A50008ECF38BD9981BD3C8650E4BCF21C2B3EF4
:105A6000D47A7E3E1ADB183CF6CF5CBE184554BE95
:105A7000FD3DD9BDC6B8043CB31EDABC4BD1433E94
:105A8000146B973DDB344ABD5D959BBA437118BBDF
:105A9000E76C173DED7FF93BC8EF863C4B5661BE86
:105AA00049D325BE47E24ABEFB257CBD0F26FA3D01
:105AB000D18C1F3C0C2082BA7769B6BD1108D33D4A
:105AC00063B3933DB7B41B3DBEA113BD7706D6BDEE
:105AD000E590CCBD7E25EEBD5F1AB73CA3F99DBD18
:105AE000367F333E03F6513D00C395BDB5A2293D37
:105AF0003763543D23A3FA3C017A533D03CAFEBCED
:105B0000D1445C3E23F3FB3D327609BDB75593BBD0
:105B10002B45CA3DB2BFBD3C0D4D763DEBE4A23DE9
:105B200030E9D53DB6695F3E8EF6163DEE57563CE0
:105B3000F96CFF3D1E24983E1972BFBD5AF791BD06
:105B4000A2A663BE96662E3E3835F6BD08221EBD5F
:105B5000CDFA55BDA8EEA33C240422BC7517353DF3
:105B600049C7CC3CB0F787BDD70C8ABD98BE78BE7C
:105B70003EBC3C3C3682323E7B20073E6540193CB1
:105B8000D05260BD68C209BA8979823E55500ABEBA
:105B900015F62A3DA52EBE3D3C1C8B3E9AC310BE79
:105BA00050230C3CBCF23FBE09CE953E6D3CD5BCAB
:105BB000433344BB36A89FBC51DD8CBC04552B3C01
:105BC000ADF3373D2379C1BBE580FE3E6217D9BDF9
:105BD000B35EC0BEFD902B3E0A2407BE0CBA0C3C3F
:105BE000C0B02ABCA61AD5BCAF7DB2BD8B50B0BA2E
:105BF0000C3B943DD1D4A5BD3C03CABD48C8A33ECF
:105C0000CC1043BE1C0685BDF6DEF9BDD500743E42
:105C10006113AD3E0372E9BC0BF761BA79C554BBA1
:105C20005958A9BC06CB8B3D9AAB083C3071B73EA6
:105C3000079B0ABE125AA8BE13105C3E95BF0ABE4F
:105C40001D0A3E3DB167883BA08395BD16500DBD32
:105C5000A1F083BD9528D83C39703DBD9CD5873DCA
:105C600022B4833E096CC53C7F58CABDD50374BEBF
:105C7000E777113E9A55FC3C426F7D3CA14722BC20
:105C800070A5D93C0521A9BD61918ABB0FCFAB3D61
:105C9000893F963E8CD348BEE3D32DBE95A17A3E74
:105CA0003CC6CFBD41F01CBC0574623DED82F7BB24
:105CB000600C953D0C5264BC08B6AABB5A80B6BDB8
:105CC000C0E7453E6C12A13C1092603E6A23FDBCC9
:105CD00041CFCFBEC9C2A3BEC097343E3EDB593DC3
:105CE000D8406EBC1E72A93C4C7D07BE0942B53D32
:105CF0008182023E28C09CBEF97984BE82B1C23D39
:105D0000EC79973DD6352EBE2B116C3D2914B23D52
:105D1000047C083D2B608EBDB5A53BBE543656BDF8
:105D200082630CBDC3C4213E7CB11E3EFD9E9D3EE0
:105D30006D1048BD2819DDBEBD4ECCBE4D590FBFFC
:105D4000973BC33DF7FBD4BCC102093D31BD4BBEFF
:105D500050B584BDE414BABCDD1F3BBF38C21FBEC2
:105D60007E867DBDC401363E56933EBE83E5393CFA
:105D700040B526BD4B3BAB3DF9317C3D70B7BABE5B
:105D8000A57A873DC42CC33D611EC53E31CC54BEAF
:105D900027C17C3E4CADED3D2437263DA2491DBCBC
:105DA000047903BF3541A03C2AA25B3DE6B21F3C0B
:105DB000AC4A423D04FD44BE274AB53C24A1BE3B4B
:105DC0008F07833DD75B3CBCF928903EF97DE13CD1
:105DD0002F79BCBC7BED8D3DF28A903D5B3A9BBD3B
:105DE0004D7C003D2E6B90BD5E53AABD4BE90C3E31
:105DF00008D3273EE5BF89BDEB608A3D62D5BC3C38
:105E00004D81623DC1B5BA3CD4518A3CDAB11A3DEC
:105E100067B26EBAFACBCD3CA5E433BD96D545BC8E
:105E20002DB4D23E1EFAB83CFD80753C0DCD3E3EF1
:105E3000554F3ABC6F7459BD9EE8B33DEF00143D19
:105E40005FDA03BD7F652C3DDC62A3BD79BCFBBD81
:105E5000EA04223E890D613E8D44023E80711E3E61
:105E6000E9BC473D7BDB54BECFB87F3E149D273B4A
:105E700003DE5B3C4BA252BC9CE7A4BA42F2EF3D6E
:105E8000A1C0A7BC76B5A73E5E2B333D379093BD2E
:105E9000E1B67B3EF3BF68BC4A94FB3C588A04BD24
:105EA00059F59B3DEC728D3C3A400F3CB58F86BD59
:105EB000EA08E03D20883E3E8C7D473E09FE2F3CAF
:105EC000CC884E3EC8E684BC6FB5BABD6526B13CF1
:105ED0004B3D8C3BDFD57A3DB2312BBD38F317BD3E
:105EE000680C973CDCDC4ABC1174B9BEE918A73CCD
:105EF000F16C84BE560A463E0A848BBDB0C5BFBD58
:105F0000E23DF5BC9059AFBD234C4E3D41133FBE21
:105F1000B8DCB5BDF789783EF6699A3D97702C3D9F
:105F200067488ABC8649AE3DBD9782BCF0824FBEB1
:105F30008511383E911291BC6D62D63C6EB289BC1F
:105F40007517DBBC91F60E3DE95E1CBB5E408DBE55
:105F5000AE9BFF3D3D2E61BEE2D1893E63ACF83A77
:105F60006C3901BDB200C73C3965AEBCBE53353D8E
:105F7000682766BE574C45BD2DC67F3E6A8C033DE3
:105F800023BAA4BC499111BEAB3B0B3E99FEEABDBE
:105F90001B5FC0BD03FA3E3DAD13D8BB0C1DF63BE5
:105FA00077D4B9BA9897963B5A9E57BCC0BDE23C8D
:105FB00037EF833EEE5153BC6B6A83BE40EECD3B60
:105FC000E6BB44BCFD21583C8DED12BD38AB6EBB29
:105FD000D6859F3DFB108ABE6A8CF5BDFF90003EC2
:105FE000021D2D3E372B1B3EB1B2CEBD042DBFBCD2
:105FF000860F103DDDA7853E22F9A4BD823829BD5C
:106000008C496B3B0DA210BDCC591ABD6DB0153D2E
:10601000EBB9273D5ACFF53E36DE4FBE96096DBC33
:10602000732241BC0BBEF63C23EAC43D3C9D67BCD9
:1060300057FB05BDFB8F77BD3B0287BE6D5D1CBE68
:10604000B897563D90ABC43D275C323E9AC1913D16
:106050008523273E3B39ACBDBC167F3CE9B8BCBEAE
:106060005F2CAC3D3915093CF5654EBCE401DFBD44
:10607000BDE4813D6484BE3D0C2D7F3E662410BD91
:106080004806523E2EEFFABCB0EABE3B94EDE43D2A
:106090009FC3E03C2DBFA93DF9A75BBDDC428EBE8E
:1060A000694AD63DE92F5D3CF559E1BC6A7B033E68
:1060B0009BFA853E113A573E8A341E3E980D74BEB7
:1060C0000AF0CBBE9C37403D494A0B3CEF9F443B16
:1060D0008586C5BC6232483D96B1013DF605FCBDE2
:1060E0008D14E63EC61E903D2720AEBC0758CDBDA0
:1060F000BC265C3DACDB83BDC285A53BB1AD143C89
:10610000474B45BEA2B4523E1886D2BDEE365ABEAB
:10611000D963E1BDCD8F383D49F7CF3E8A14283E83
:106120009CE388BEEB559ABE9A1234BD51BB2A3D02
:1061300041538ABDB735013E039C413D6CAE7E3B69
:106140006A80F33E331880BD600E5FBC56D5C53CF7
:1061500025E8C4BDD39B0B3EC8F0E53CF241323D7F
:1061600036C9EEBC1A76FEBCAC73A63E8CB786BEB2
:106170008618B6BEA28CE0BE61E4ACBE9E60173E3F
:10618000976D403EDC0A873CD4F672BE7E955E3D3C
:10619000A844C6BCAC1FA03DBEC18BBC381DD43CBE
:1061A000272252BC7BBF4E3E884DA93ED58F873EED
:1061B00037528C3C6BAD833D6FAB87BD3D92333D19
:1061C000F0829BBD794CAC3D4072503DEBC06ABD46
:1061D0009A610F3EEA36413C2B2193BE26F6CDBD97
:1061E000F1BC67BDDA770A3C73852D3C931C2ABD50
:1061F00088CC493C2B1F67BCD4DE3EBC39ADAABC61
:10620000CB3BEB3CA6137EBA85EE4D3E32AF4B3E08
:1062100089CE063DF3A1663DD86EE83DB29C24BC14
:1062200002F547BCE3C52BBC31FFAE3DB7928EBC37
:10623000888567BD62098F3DCA28B5BD6FE1DBBEA9
:1062400033DF323ED3F6D0BBCA6FB13D1D73A1BE62
:10625000018985BE6D12CF3CFA164E3D4EB15B3CB6
:106260008A49ABBD3958B43BB601D8BCAFA28DBE8C
:10627000A8DFE03EC94A143E0CFEA23DF9ED833D85
:1062800033C38BBD14F592BD33CED1BC03DAD3BC7E
:10629000D69159BE81CA4C3D50ED263E1649EDBC03
:1062A0007AFBFBBD64BEEA3ED11D073D55B6A23C5C
:1062B000D57D20BFF00479BD9823B53C34C99EBC80
:1062C0007EDC05BDB16EAC3CD8CA8EBDB3FDEA3BE9
:1062D0002BC402BE44B9673EAD32703E42E4DA3CA4
:1062E000C0E2723D90C6683C52F772BC4A3DA2BD06
:1062F000F1093E3DDA682DBECD5301BED9C73D3E02
:10630000639AD5BDC35CE73DF4F9DF3E96E1323DCB
:10631000982E3E3E896CD4BEE6C95DBD551CA53D98
:106320001A321F3D37B1C4BDFD3C903DDFDA81BC60
:10633000E40E7B3DC655663E5E165B3DD2395D3E42
:106340003C202A3DA446C03DF21B67BBE5BABB3CDE
:10635000F3BFAF3C5986FD3D39922FBE54490CBE68
:106360007285303EBCD5D23DE46B763EB6EE0D3E36
:10637000ED5559BCA76E843E66C7333E8B0B53BCAC
:10638000979DC53D3A76953DE663C8BD8A0CDC3CD9
:106390008157CCBDCE50273DA5E2ACBEDB6C913C15
:1063A000B14736BCD9310DBEACD8913EE35E48BC96
:1063B000AB02A83DB027A53D96F92EBD306BFF3D41
:1063C0008F0822BD4CAED7BB558C853DA19C823E2B
:1063D000FABFB23D1C82C53DF5116CBEE1087EBD21
:1063E000830139BDB601623DB2A1C5BC73679CBCD7
:1063F000B67308BD73526ABC74884ABCDC8BBEBDE0
:10640000FDEEE0BD1773003EA1B9D8BDB8DC9F3EDC
:106410005212883D8417023D8059ABBD9F10733DD9
:10642000A679B93C089491BDDA6B3EBDA2C65E3D2B
:10643000448E4F3EF5272A3DFE2BCA3D907102BE89
:10644000A8150A3E1DC9ED3D70D24A3D311B60BC06
:1064500091040CBD3B7EE3B83F8078BBD19B62BD0D
:106460008C82F23E00B8973C3B014EBD79AE923B28
:10647000997D733E6190193D157368BDB0ED533D34
:106480008B8A973CA9C8BF3D794FE1BD70948E3D82
:1064900022A1B6BB28A6033E58FB0EBD3808393EE4
:1064A00090698BBDEFBB123E7D7B0FBEC3002FBC3E
:1064B0005E1DB93CDB0E03BDC0EAC33CD0EA41BC63
:1064C000F1E1EABC93C2F73E9BF91DBE5686E73B5D
:1064D000D1A26C3D4E9C3E3EFDDF9DBCCF2740BD12
:1064E000F8847D3D710F733DA9680CBE8B9F063DFE
:1064F000827D753D953B2EBD631B01BEF622A13CFE
:10650000A9399EBD3B5B053EFFE6D43C4988C23EAF
:10651000EFF91BBD70E3BC3C226DAD3C4E327ABC42
:10652000B117CA3D6F26CF3DA77AA43ED9BF8E3B97
:106530003E00823C1D7CCC3CD5390F3E754EFABDE9
:10654000624A80BD26B585BD520FC33DB718A1BEB6
:106550003CE4EC3C0AD8AD3E651BD43D560E3A3DBA
:106560009642103DDDD1BA3DFE286CBDC044DD3CF5
:10657000BD6E7DBD33E4CA3CF5FDE1BC0EF31BBD31
:10658000556E2D3979B932BC07DF903C4B4F42BD77
:10659000C80FECBDDD49C0BDE160ECBD4951A13D76
:1065A0009C7DB6BC6D5E813D172391BD89F5C93DCB
:1065B0001E66743E826386BDABF7B7BE97ED2A3C7C
:1065C0008BBFE2BD31FEC73D5E96DC3B7DE0133EF6
:1065D000AA723EBCDD7895BCD5388CBBD5FCAD3CF1
:1065E000950631BD4AB10CBD058581BC28D70C3D4F
:1065F00045C4D93C08019BBDD07415BE9861A1BDAE
:10660000078C9A3DB98EA1BD1EFF11BCCD5C8EBD1D
:106610003549ABBCBF68923E7775B33D0B3181BE47
:10662000D749883D384414BD75F4BFBD6B67F8BDCC
:10663000C31C413EEDE9173E788D223E0C72BFBC73
:106640007469843C1803C03AE8E232BCFB59DF3C71
:1066500099C977BC83E8D1BD12B3CFBBB6F915BEDB
:10666000C5C6CEBC8B879E3D130062BD9BDDE93C59
:106670000B2E833DC037993D1A15843EDF34003C14
:10668000E47C8BBEB7EC4E3C83BD943DA1B70BBE02
:10669000BF2B8CBD3AB62C3EEDF96B3EE9A58D3D86
:1066A000F4752DBD2FD4843CF7B5483CAD05BEBA7A
:1066B0001B5D3DBB6D38A53C2B2F9DBD158D9A3DB7
:1066C0001B1CC9BDDF842DBD321B4B3D193727BDB7
:1066D000A6C0F23C3E264FBD6403F63D94BE6B3E21
:1066E000C0F873BCFA7A8ABEF216EDBD9E5CC83C57
:1066F0006B72183D50A1ABBD9EB3D73D2AB0973DFC
:10670000273AC5BC76F80CBD92F759BC7764383D82
:106710004155573C14CDB73C9A5B19BB513186BEED
:1067200086B2763DD2B1F3BDE603663D37E0B63DB5
:10673000631382BA3F5827BD940987BD63F00E3EAC
:106740008424F73DF2004E3ED23F95BD129BC5BE5C
:1067500049C718BE156A473E58DB93BDE80C663E34
:10676000449319BEC0BC4EBD8623B0BC9261F4BC3C
:10677000E1E5C93B443294BB9B6DA6BAD24E3A3C8C
:10678000211B36BFF0C6E33E1379613C28BB383D80
:10679000DBD3813C2259963DB82AF83C6A182EBDBD
:1067A000F1E83E3DD4DF0CBE9EC6E93D74F1D03D1C
:1067B00053F4C53D63B25D3E5C5DA13D84D9573E57
:1067C00084E1FA3C8D39703D0808903D7DF69FBC10
:1067D0009FC4DEBC3CD2233DBE34BC3C17CF91BC31
:1067E000926E8A3C0C900B3DCB22B5BDBCBA8E3E5E
:1067F000CA6A2A3D6C4FE63BDF2B7DBD77435F3C89
:10680000D075EABC380DCDBB3CF9DD3D4F3B2F3D8B
:10681000BB1B86BC8340F83CC1C040BD00887E3EA7
:1068200017F3AF3C0A4AA63DC55E693DC5473FBE6A
:10683000E9939C3DB98329BDB685643DE174C4BD2F
:10684000F706C03CA7B0EF3C89A78ABE83C4663E6A
:106850002B4DAB3E23C011BD31E7563D7D0244BDFB
:106860006B1438BDE3FA82BD8B1C17BDC9F6E23C40
:1068700003450E3D1C799FBC8AA5423C52A54CBEE7
:106880001C38293E820A0D3EF927803EC5570CBDB3
:10689000647542BDA380F73CDF8663BCBFBC503D3E
:1068A0007F22A4BD4D7D0A3DC0EE32BC0B2DBF3E04
:1068B0003EBB74BE5B7ABABDE1C13C3DEA5BCF3CF6
:1068C0007D562A3CE6FC213DACBA9DBD0A95333D80
:1068D000460B85BD7A2324BD9A7B5C3EDF2C563C5B
:1068E000557F2CBF9BE8283E268C48BF410C043FB7
:1068F0009C1292BD774FCC3EA394853D10D4CABC68
:10690000790512BED8B544BC3FA393BDFFA84C3D4A
:10691000F91C923EDB92943EB2737BBE049B373BE4
:1069200092CA183D6C0EBD3DB701413D10E1743C6B
:106930005035A9BDD9718A3D744C35BDB6E3983D3B
:1069400052ADA33D9485303D782D3F3DCDE31D3EB6
:10695000FD9940BE4B00753D38CED4BE3D2D3E3D29
:10696000A7FD16BC24BE10BDD569DBBDF124A03C3B
:10697000BC0F9B3DEE88723E5C9FE8BDAB466CBE93
:106980004352C63DB17314BD97BCA93D201B15BD34
:10699000AB008DBDF20B363CDF26B4BCF30A50BE13
:1069A0003D967F3EB2C2A33EF76F0D3E084406BE41
:1069B000AF88203D9E236CBDE610F53D0F744A3C28
:1069C0002954D6BBFCCC10BB7A271FBBE2EFAF3BF0
:1069D000B3B9023C6DAA763C2687D13DDC2E49BD79
:1069E00006D778BE6849213D9F4657BDD369013D12
:1069F000D0DCB63D3A338DBD18FC1C3DA186E0BC11
:106A0000990539BEEE0B513E9896913EF6CDEA3D82
:106A1000223833BD26F8153E7734A33C2621573D56
:106A20005FD277BDBA6D803C5DD6A93A23660D3B37
:106A30000452013CD60264BBFFCF0E3D7BEC9BBEF3
:106A4000632DB93C4285CABD1DEE803D43393CBD36
:106A500075539A3D0E95823D78037D3D2010CCBD47
:106A6000E7CBA83DF3EC82BDB9767C3EFAEB933ED2
:106A700035464C3CC38D44BBE139B23DE651183E2E
:106A800042AA07BDC32F7DBEC4B7063C3ADB4BBC50
:106A9000B6AB483CFA79A13BBB010B3C59C99A3DC6
:106AA000ABBA12BFA681093A0C52183F6C5F0A3E7E
:106AB000B8AE02BD851E683DCD55143A3B09DE3C9B
:106AC0008964AA3C2309CA3D58F1083E9961263ED3
:106AD000E2B3DD3CAFEA393C3D2A93BCD7989ABC7F
:106AE0009ECEBF3E6E7BC0BD240649BFCAE10CBB33
:106AF000D40897BBD7252B3DD3486B3D9B0C553B0A
:106B0000390EA83D7C4092BF29549B3EF14AB13FCB
:106B1000D3933C3E52D0D83C5FFC913D886FA53D5D
:106B20004907993DA8CCE6BDF782503E70088B3EE0
:106B300037098B3EC2A581BECCA7DEBCA82FC13CC5
:106B40006894F33CF882153F0A004FBE1E3E92BF88
:106B500010FB11BCC9AF8CBB2D4FB83C5275333DF7
:106B6000032BC83A262CA23DC93EB53EA8AF063E2F
:106B7000883A793D0D59173EE76897BE55FC993D17
:106B8000D850A7BD3A2DAA3C74242ABDC627C4BE3E
:106B900079C819BEFFB9923E8AEA18BE4D60183E08
:106BA0004F2CF93A490DCBBD53A74ABE4B2E63BDBE
:106BB000E5C3703D571AE63B69AA79BC07CAF23BA8
:106BC0000D3A8E3CA01E45BB44446E3B7DBAF03D61
:106BD000D5EDBEBC8C129BBDF4F17F3E5CAE8FBE8A
:106BE000513E1F3C3678953D949DC13AF682593D01
:106BF000EF9611BE53CF0DBE9F48523ED0D0F0BC91
:106C0000B5A4F13D54D58A3D0D868BBB8C4D4CBE51
:106C10008AFE28BE41C192BD5348A1BC96985B3CF8
:106C200077AC673C73FDDCBB277A23BD29E3973C37
:106C3000E6C7213D36F85F3DE0F28FBD6F05883E27
:106C400071CAABBE404421BB1CBA1BBDEFE29B3DE9
:106C5000BC9CBABC182ACFBDA1AFEFBD46E2373EFF
:106C600043485EBB65EBA03D06A96B3E756231BD36
:106C7000D48516BE329A90BE47BB31BD1B9FDC3C0B
:106C80004BBF8ABDE902FE3C10EB143D71821B3DF7
:106C90002B5D62BDDE45F13E7F40983EC16276BE0F
:106CA000C73B7E3ECC7BABBE39B5A3BDA900EFBCD4
:106CB0005D413E3C3194A63CC2563FBEFE99E1BCCC
:106CC000ACC704BCC7963B3C74D3F03C9687ED3E02
:106CD00056FC873B57FC0FBD1CF16BBEDBD12DBBB7
:106CE00072E0C7BDE675ABBCF7A508BD9E45AA3BE3
:106CF00032A1173D3FDA6C3C16E5693EA2199E3D74
:106D0000E8029ABE37EB803EBB6396BED8D99CBCE6
:106D10006AA990BD0DD112BD3A6D7BBA0E60B1BDAE
:106D200058AF69BE694558BA3BE56D3EE6ABC93C14
:106D30000D2DC33DF5E67D3DC9A286BC3D64D6BDA3
:106D40009D92EA3C2D5EACBC6333893C9964A6BB42
:106D5000B3C924BD76D2CFBC4CF5D03C2E080D3E35
:106D6000C272C9BDD3E8F03E52B3833DE235A0BD47
:106D7000B235CC3C1172203B5AB63FBDEFD04B3CF4
:106D8000AFB0EF3C1E2331BE03008ABDBBE743BA60
:106D9000DB09893E270B013E743D0FBD123452BE04
:106DA000DDEA283DC0EC2B3DBC0CA43BD81DEC3BE0
:106DB000A1ECDB3C78F9D6BC8EEA8ABD67F42CBD29
:106DC000CAEA86BE1A4536BEC6C1A73E8D8A653D53
:106DD0004C879BBDA42AC9BDB5C547BD1496233DAC
:106DE000E8BCD73D18DC84BD5123AEBD9CEA21BA76
:106DF00094D07D3DF3A5483E876135BE826877BD5E
:106E0000183E48BB47B2A63E848C07BEEB5B2EBC47
:106E1000532F39BC7B478ABD4BAB24BD6FB54DBDED
:106E2000C7E4E53CBD92A9BE4CCFBF3D4C45843E76
:106E30002B27053E4B5CC5BDC29338BDFDBB323C24
:106E4000F8A23B3D318FC23CF0AAA33C528285BEE2
:106E50007B6199BD83EC423D1F26A33EB3D5C1BEE5
:106E6000E98D063EB62B47BD1880EA3E9F23813E42
:106E7000895689BCD3027C3CA1F780BDE17403BC78
:106E8000E86A083D394EE03CFDDF17BF3FF0873A26
:106E90002D6216BE43D3043EBF741FBD55F0B0BD76
:106EA000919092BD997463BC75C99E3D6477053E0F
:106EB000B21C90BE5BACD3BD95B72D3E01A4113E74
:106EC00056F7AABE04445C3D5CA2A1BE8EBAF33D57
:106ED000E8BBF8BD04FC3CBDF94E7FBC6320E2BCBE
:106EE000889438BCA6ADC3BC4F86B23CA328F1BE83
:106EF000F24EEF3E9EB8BFBE08C70D3EEB5D81BDB2
:106F0000141D89BD7FC7D5BC9C9C493C8498003D1D
:106F1000D2D111BE1C5EFABDC76E3BBCF2A8CB3D00
:106F2000B0654ABDFC387D3D351506BE726E92BE19
:106F3000EE9A71BEE9FF183EDDFA55BEE2D05EBDA5
:106F4000A473783B239D233E7F4D963D94AA41BD7B
:106F5000ACDEA3BEFDA0DF3E0DC3E739A8E5A4BDAE
:106F6000A4AA6EBDCEDF543DB808283CF7E9A03C8A
:106F70007FA512BC4A8F073E69D6183D52330DBE1D
:106F80009D92D83D115A543CCCF79D3D90B3393E6B
:106F90004F59373DC66AF93D69842BBD18FCF5BCD5
:106FA0003E9412BCFF1E0DBC62C1983CF5EE4ABC7B
:106FB00076F4E0BBB1F833BF9CCB3FBDDB1DC1BD58
:106FC000140A5B3C4CCE2BBD1FFDDF3DE1D75ABD03
:106FD000D9F9AABD2064F33D17DF7D3D5BE518BB01
:106FE00065C6BFBD587B583D3925A2BEDB10FD3BB1
:106FF0002CCFF23D1D09A83E42F4023C00F8D53DDD
:10700000FAD76EBC3F8205BCD8AE20BA1B4E05BD78
:1070100087E5A43C3C811C3DD8D0163DCDD59EBE15
:107020008C96E3BE7E6B69BD459A15BC597AB73D17
:107030007BDB8F3DC6B53B3CD4A5F03C016FBC3C2F
:10704000B28B30BBEF4C19BDE320E3BCAF9AFCBE62
:1070500096DBCABD12727D3D0F969A3E90DC823C53
:107060002F92ADBC82F6A3BAA75C083C0AF098BC8C
:107070005E3C01BD344E2AB9F5C990BBBEAE833E1D
:10708000EE15D9BE08BE933CDC54F0BD9A7886BCA0
:10709000736A193D488500BD9F07373DD3E20D3E19
:1070A000C8FAF63C8E13E9BA5B8900BE0EF383BBC7
:1070B000A674CABD41FE27BC0CDB2C3CCAA4C13C53
:1070C00020B19E3EA637F43D2121A6BD7D1A0F3D7D
:1070D000B81AB83DE2160D3D0DE726BC9E26D6BC7B
:1070E0000DA4DA3B8F8C333FE177F4BDB870E8BD77
:1070F000E47F313DBDD5183BBF826EBCA810B13CCA
:10710000995FE83C4DB3D53EB91153BE8C809FBE0C
:10711000363A0C3D6755F93EB99223BE7D3493BC97
:107120002779E5BE4093473EB45357BDC6895CBC42
:10713000F50694BB67EF393CB8921B3D7A2491BCAD
:10714000C3E9CEBCD85DAFBEFFC7753DC8877D3DE6
:10715000752E41BD9414373E222785BC0786CC3C52
:107160002FC86F3B8F1F39BE88CF1ABE53F825BE7C
:10717000A65CC63D833FAF3D7128483DE4264DBC2B
:10718000850A4F3E321A0D3DB6E9C6BD1C67E2BD09
:107190004E9FEE3C182416BCEBF34C3B1204DEBCB5
:1071A000CD799F3CF5E3F4BCDFF2BF3D31E2F4BDA5
:1071B0001EEB66BE848676BD78CC273EB1646CBB80
:1071C00016E1B2BDD674DF3CCC03E7BD534EB5BD6E
:1071D000ACB834BDA796E03CF26908385DDADEBC95
:1071E000E37F423E29B8093D136CB33CB3883ABEF5
:1071F000531C283D09D2C43CAFECE1BCE66912BC8B
:10720000B08C553CCEB6CDBC136802BD896C2A3F0C
:1072100070851A3D450AA2BE349A2A38BC7D873D46
:10722000C517E6BC6AD6C03CD991543B26AEF4BD26
:10723000A84169BD040C003B6F0253BD8E55A43BB1
:1072400057DA1FBEF4EC363E9615093EAAC0523DF1
:10725000038181BD22C4803E8B94993D0BC2463B85
:10726000CAD481BC62B4063D2C4A88BCF847CFBD65
:107270001E826C3F177A083E5E071C3E026DC43CBE
:107280006102FE3D9C73613DC8AD79BD98C3503C21
:10729000B8506BBDBCFB213C991DEF3DD4C31A3ED9
:1072A000C1A815BE12E5EABC39CC14BE9138CD3E5A
:1072B0006EEBA93E938AC53D7B25923D25465C3DFC
:1072C0005C8FFDBC3368013CF0D3AABC04D7163DEB
:1072D000AE61A7BDF7491F3F29B80DBF7F7D03BE33
:1072E000DF4379BACC475F3D7374093D9994A43C60
:1072F0000D773B3DA6DE06BEC8AD7D3D975CEA3C02
:10730000EE13083E80C79CBC9F4264BD22E0C4BE11
:1073100092567E3ACC62C93E31B5D83EDE8E93BEDF
:107320006AEA8E3D81F711BDC665F53CDE731C3DF2
:1073300021B1FDBC1797E4BD3E1B193E0CCD9DBE8F
:10734000721B403E46C1AD3D5ABEE2BDFA608ABDE9
:10735000002D8FBBA54287BD55BA403E67E896BD5C
:107360005FD8BDBD3B3A243DDC64F03D1F6CD6BD0B
:10737000DD23113EFA2A87BECEEC90BAF9D4BDBD0A
:107380008432883D7F1CA5BCDE16713DFD3B02BDED
:1073900023120EBC8B85473BCC3438BDECB1F43D99
:1073A000FC9433BE6FFA753DA34EA23DFD9686BE9A
:1073B0008A94B03C45EE613D6813C63BD74C123E03
:1073C0006CAD6B3D5E1F3EBE80999F3D86625B3E0D
:1073D00091FF783E97B0DB3B86BAB7BD850C93BE74
:1073E000B4503BBDF5A7ED3D90A3D9BC3C19813C01
:1073F000B5A6E2BC2EAF1A3D6D4237BC53694F3C77
:107400003E17B83EF7A859BD7A75FD3DCFF50C3E45
:1074100037D066BEF5A6F3BC02B70D3D20D4DA3AEC
:10742000D05A263ECA88303ED20737BE9C8797BDC9
:10743000BF7A093EDF39A23E1918333ED62C9B3E57
:10744000413FACBE24E9473EAEE4DFBDF6C4323B6B
:10745000017A35BD9B028E3D0D22CDBC7B9B503DFC
:107460007C25923B0B1861BECEB03EBE8E77C03CF1
:10747000A5B7483B4AE863BE5E07203DD6CCD13B6A
:10748000F5A5B03D80EEA93C8EDF19BDE95A833CDD
:10749000B9778FBC5C3D163E3C91353E0C6D113E7C
:1074A000E841FC3A75011C3D46372DBE4DF75B3E69
:1074B00037004BBC32EA60BD9C91C73BA9068A3BB2
:1074C0004639E23CD0EE693AD02992BFC23DE8BBD2
:1074D000A26FAD3D450E9E3CAC8792BE2089043D17
:1074E0002CAE2CB97D1F65BDAE9FF43C8F6C983DD2
:1074F0009D740BBE1638FEBB35B0F43D456E563E4E
:10750000C472A3BD8D1DCABB66827F3D1015BFBE70
:1075100057B8A33E627BA4BD45F5403C46EE27BD6F
:10752000815A933D997F6C3C0D6DDDBB3088103DD9
:1075300026A3CA3DAF8B21BD54CF31BD19C4A43C95
:107540002254D1BDDBBA2DBC4ADF133C61DEA6BD9F
:107550007D057FBEC149F4BDD5306C3EA4E6063D35
:10756000A339053D8347AD3EA3EC103DBE93C1BC9E
:10757000F513FDBDE266A03D2545083DF30F623CD5
:10758000E17F84BD3DFE4EBC2E3DAEBC1B0A4C3C93
:107590008662463EE323B1BEF7E6F6BD577F84BD63
:1075A000BDC219BD9A041BBE6718803DA2AD5C3CEC
:1075B0000C21433DB8E92ABEC34308BE2C62213EDC
:1075C000EC2F183E78DCB6BD4907CD3D0A6288BB7A
:1075D0000449A93DD366403D0C2C64BE9B77CE3D4B
:1075E000DF33823C55367FBDA49DD3BD349BF2B9B9
:1075F000553B9D3CF0489ABE3BDFD3BC465D2EBD5B
:10760000B5E54EBC60B862BD7F7D20BE00D5293D8A
:10761000E45505BC740318BDAC5491BDE893B8BDE6
:10762000B10FB03D08D85D3EF1CEC33DE34532BE5B
:10763000680F8B3E2368333DB67EA03E5A900ABE4B
:10764000C19E363DAE60CEBC54A3363DBA9A773962
:10765000A3E84FBBA0904BBC69B9F2BD9089C1BDF6
:107660001A3C623CAD582F3CF2F0B9BD8EEB17BC12
:10767000C55F483D7D71ACBD853C5ABD6531083C58
:107680008DD63F3DE5D2F9BD2BB7243DC651B6BDE1
:10769000E7D3A43D5A836A3DE68A9EBC4B913FBE28
:1076A000D79B14BEFED5063CB9FEA4390FF105BC2C
:1076B000814E4B3D6D8FB93C55E1CABBB8A167BD4A
:1076C000139C803E140A403DD564A7BC153C42BDC6
:1076D000DAA88FBD390B543D99750B3DE4CD57BDEC
:1076E000273F743E8A2ACA3DAEA673BEDB272ABE58
:1076F0008A63D93CA5491F3ECB6E8E3DA797BDBD81
:1077000091EA83BE58225BBC7BEA923B111EAEBB62
:10771000032397BC80FA583DA78CC6BC859699BCBC
:10772000E44A3D3F319294BD0A9FB73D8C8CC0BD69
:10773000D0375C3EF0430BBEACE19E3DD178873D37
:10774000D70056BD4D57BCBD84CF193E4A11163CDB
:107750009319A2BB5D1A793EF9A60EBE1CCF5B3D04
:10776000FA9499BE46394E3E861F173D0D12B53B21
:10777000717A963C713284BBF807483C25455C3CE5
:10778000182548BC4095843E79A904BDF12F553E8B
:1077900042AD9CBD300A5B3E4EF599BBECB2A9BD33
:1077A000CB199A3D138092BC303A0BBC0C85043D3A
:1077B0008E48B4BDAE68D0BC9A1A743EA8E52FBE00
:1077C0001050513D56C93EBEF5FA223D48DD49BD37
:1077D000C658183C06A3EDBCF929FB3CBE2C9DBB4A
:1077E00054F6A73CA5C4D0BC906C603D3470B33D4A
:1077F0003F51E13EFAD3C1BD06277B3E05688DBDF2
:107800005FEAAE3DCB50AC3C276F8DBD337BCB3DAB
:107810004AF8B33CBC19FABD3B4B863CECA7B93ED9
:107820008C029ABE81798D3CFCF13DBE6F971D3E66
:10783000F79812BEBA339CBCEAC66EBA5B0B673CC3
:107840004074793CC80AB03C04BB4DBD8433973EBC
:10785000F5D5AF3D3DEE083F7DA8A7BD5414EE3DE4
:10786000FC9412BD8349953DA503B03DEA6D383BBC
:10787000E5AE9E3DFC0F473D254538BD7F807D3DF3
:10788000A9A38F3E2D449EBECD533D3B31DD06BEA8
:107890000F511A3FE7FF0E3D020E57BD5A6959BB03
:1078A00061C5B23CF7211A3D054A163DEDD61D3C97
:1078B000880C9F3E3F22E83D8981C73ED01E6CBDAB
:1078C0001E18ED3D874FB23BA89D993D7DD5B93C33
:1078D0008E8015BDEA5D1E3E0FA7F4BDD5490D3E55
:1078E00068CC3BBD1AB6F03E8640CEBE2855D3BD0F
:1078F000CCE0B0BEFEFE0E3F57919CBCB1AB8FBD3D
:10790000EADA303CEF7B363B320AB93D8DECC33CC2
:10791000AFC589BC8C9353BEB724B2BEC54C18BE4C
:10792000336115BE1A26313EAEA0953BEED081BD27
:10793000AF111FBD41CA0B3E0295733EB0F527BD86
:1079400075CB053DE4DA813E940CAFBD67A433BE30
:1079500097D5053E7110DB3D948AC9BD626B39BD78
:107960008F59C03D8F6672BBA2A58EBD432B4CBD07
:107970006154543CDF22833CA5BCC1BD920809BDC3
:1079800079CA3DBEA92C67BE0349493E427A03BE6F
:107990002826E0BC9E9490BDDF6D343E100A303E38
:1079A000680690BD8A77BB3C1DCB383ED1FC253D97
:1079B000EC5292BEEFBF9B3EDF2010BE001B04BE08
:1079C000C23B52BEFAF24A3CFA17113DAE86AFBC3A
:1079D000EC1250BD0BC5F13C3A8A4EBBCD2A113E8C
:1079E00064C098BE772A2BBE0EF171BE0791803E0F
:1079F0006A31E7BD2543B7BC5F2E37BDAEF5253EE6
:107A00007A599A3E6575703D75F0ECBC85962A3DB5
:107A1000ABA058BD527C8ABE11C1D53E629761BDF4
:107A200054ACB6BD4FCC40BDEBF4193D8316EF3CD2
:107A30007B6425BC6CDD25BD60B852B888F4193D67
:107A40001FC017BC55D766BE56DBE6BDDD9482BEAF
:107A5000CEC1893EC2538ABD3FAE213D63B67D3D56
:107A6000796A2B3DC1D5653ED84CEB3D6DA8053CF0
:107A7000A8D65A3DAEB5233E9D0500BFCB86823DBC
:107A80001212F03DC59DD0BB46512FBE7E3DD2BCEB
:107A900060CD3BBD22CF1F3DB0BE7FBDCE8DA5BC0E
:107AA0009B18953C21D789BE8F65A8BD3CD7F13D79
:107AB000616587BE5A195E3E37F2CEBC0DEC42BD01
:107AC00017AD2BBDA82D203E2025DA3DE44E203EEB
:107AD00085D2003EA4DA9ABE25A90A3FA6CEE8BD0B
:107AE000E9DC863E7F7E2D3D228712BC23BA8FBE05
:107AF000D911873DECC739BD4AFFF33D8C4DC6BD5A
:107B0000A9EF26BD7C87603D3440A3BCE8C9FC3D9D
:107B1000658D163F8B71FE3D03CFA43EF4B334BB9D
:107B2000495299BC08F5323D60CECB3D5E5D47BD04
:107B3000E9931EBE01AD813E1D173C3E940FA93C4A
:107B40007D109CBDD802133DDEFF73BD2B977CBE1C
:107B5000F406D0BD5C14AD3B42DD8F3CA18FE73C09
:107B6000D6DB833DC7EF6E3C5714EC3C2343593DB5
:107B7000C5D1E9BC4FACA43E38F1343E35DF763E8A
:107B8000413C35BB6A2021BDB16F783DC40DE53D58
:107B900029A44D3CF38B1DBEFACBB03D3DE691BD13
:107BA000B6BAAABC59D31D3875B5D53DDFD7003E4E
:107BB000F9FFD5BD1BB423BEA693973DEF93B2BC8E
:107BC000AE141E3CA623A3BDFCF9213C120537BD13
:107BD0007CC89DBD372F03BD3318B23E42D4143E3E
:107BE0007FC1553EADDA48BD1476ABBD2EA1773DC1
:107BF000D08FCE3CB2FFD23DCAB909BE0E40FCBD0B
:107C0000616A79BD76B3DFBC276A823C080A7C3D95
:107C100072F65A3EF0F555BEAC58F43B05E09C3C7C
:107C2000144E623C3CD25ABC5A56D3BC0F23893CFA
:107C30001646DD3C383931BD36DF323ECA5F81BC85
:107C40005A74903D3AB34E3ED5F4213D06C18EBDE7
:107C50009C7948BD2A5A073DB56E4E3E5348A13D1A
:107C6000FAD8F3BD69FF7DBE780E1E3B261E42BECC
:107C70005C6A333E2DAC323C8F9F8C3D753E7EBCA2
:107C80007AF828BC595DBC3C0850543BA6935E3C36
:107C9000B8A5A83B6E3887BDAEF2313E3BB2743D0D
:107CA000DA74F4BEFC5C153E0A374B3E4C8DD93D70
:107CB000E07B0ABD5D4C84BD0D88973CDDB3193E69
:107CC0008722A83E52AB6EBE837D66BE6476C83DF9
:107CD000235A97BEC30959BCEFE62DBDD14C2A3EAD
:107CE000CD02363E3C63153ACBE1C938403E19BA65
:107CF000B59142BC5F18CBBB80C999BD497E0D3E92
:107D00004A14033D48EA69BD6D98A03DC8919FBCE7
:107D1000F521F23CDF809BBD4D3C8E3D98CCAABC4A
:107D20008C100BBE6099C73D3D62A83DFC570B3DD2
:107D3000BDC7183E22FD633E18928ABD136AAFBCD0
:107D4000919228BDD653D63D7E70663D71F4683C55
:107D50003FAA32BCE0322D3C0EAFF7BC5EA7E3BBBE
:107D60009B874FBFD8C1E8BDD4422A3E93F51E3E43
:107D70009BA9CBBCC745BA3DB5DC803D97E58A3DA4
:107D800050A49DBC7A164A3D0EAD423DFBBC093E57
:107D900091CEB9BCF0C171BD2904953DD408383BE2
:107DA0006CB84F3E79EF743EA5F46E3EFF348C3DC7
:107DB000C99DAF3A1F65213C5D36193D2BA00BBE16
:107DC0007B01953D8138903DB8DF0D3DE69EBF3D7E
:107DD00041F0E53DE2FF243CB31E8C3D0BBF9ABD54
:107DE000C9CB6EBD0896903D4F1FCABD19F775BD32
:107DF000340C083E58ACC23D3307D8BD5DC06D3D64
:107E00006E42803D2DCEFB3CB0564D3DC2B0C4BD50
:107E1000EE60153D3B5F6A3B00C817BDD16037BDC2
:107E200048BE253CC8CA283DE467143E684B623D05
:107E300094C8343EF028F83DE3CC40BD72A17BBC31
:107E400085D0943A1CF6733D284A98BDCCAD46BD0A
:107E5000758F39BD86221ABD8C4EAF3D1142173D3C
:107E6000C614433DEA0D2F3E5C6AEA3B3094E9BDFF
:107E7000B5C0C0BDF390B23C0DD5CB3BBEFB09BD38
:107E80000ABE3CBD6707AF3CBC29323D473BFA3DCB
:107E90006C0597BEDA64FE3C76461D3EF5A0003CBC
:107EA000CBE31F3DBDA88FBDF52CE0BCD01A6F3DC4
:107EB000C817613D7F21BCBD1C805ABD6AC25E3EB1
:107EC0003A11C7BC814B9B3DA84D013DAAFB363EF4
:107ED0009905E7BD9327E6BB943C413D85BFE8BCCF
:107EE00075A2B73C1E2DA4BD6486DE3C2F477E3CA8
:107EF0007E4B853E22135A3EF93EA7BDA7EFDBBD60
:107F0000ECA45DBCE4BC0CBD9341623D204B913DB3
:107F1000E64E043C08E68CBE392A00BE5A43843E35
:107F20006BC2DB3D41E2ABBDE767433E0A5F503DBC
:107F30002141153E4480C8BBD63B58BE97D05FBD9B
:107F4000576407BDB0395E3D63BAFD3A3EA2A33C1B
:107F5000056D9DBD99A746BE10947A3DFF33BFBD08
:107F6000D576DE3CB28A14BD1E93D9BC4A7C5D3CFA
:107F7000C8A3EF3B48B784BD8FD066BEED70433CCD
:107F8000B9B8503E4422523D56BB75BECB723D3E01
:107F90002890BFBE3B84ED3EAF0FC1BD35E6CE3E5F
:107FA000CA52B3BDF4DF463C1D3704BD00A9B33D42
:107FB0005D3353BD7712363D19799BBE1A869E3EBE
:107FC0001C14F33BEEE8B03C215C81BD422C6F3DBC
:107FD000F1EC953DE8B532BCF6C7883C8779EFBD3A
:107FE00095D3C03C39C8A43D301A3ABB3207FE3D98
:107FF00066E9D6BDDAD69A3DFF2409BDC7AC56BDA9
:10800000C0188D3DD1B39FBAFAC010BCD5A9D0BB62
:10801000D1E72F3CC6D11D3D6AE0FFBCD1BF553E24
:10802000C2FC743E728D3FBD86727B3DDC78CCBD58
:10803000384C0D3E70DD803D5748233D49BF96BB0F
:108040004BF1553E5251F33CD7482ABEC517AC3DC3
:10805000836FF83D8F1AD1BE116C153E377005BE87
:108060005775953D1DA998BE36F14E3DB0D273BDF2
:108070005C0C1CBD4E54A6BC4D39203DECEB0D3DB7
:108080003394AABDEB9FD1BDF1292ABD48BFB63DAF
:1080900006C16F3ABFD4BC3D479E7BBCDCF5BBBB81
:1080A000C183CDBD35857E3E88F3E8BDF3CE0CBEE1
:1080B000559C513EC0FA04BE07EAC6BE4D3EB7BC51
:1080C0000C01893EA2D54E3E5FB82D3E29D6433DD8
:1080D0003513CB3CD2E18EBDF2931EBC3DBFBABC82
:1080E000F9E3303D6462EDBEA2CAB43D5D79EF3C78
:1080F0004D81503EE1E2A5BDA0B8003CB7D4423D61
:108100001A78F7BC5CB8BDBDFAC5A4BE88598EBE4E
:1081100099FC8E3ECDF30C3E5C74CFBB0E4BBEBDC6
:10812000C9D3D2BB34ED11BCF200B53E9E2496BC3F
:1081300021FD57BC91B9F3BC54CDED3C90CC463CED
:108140006B10E13CEA46E63B6446ABBEA9042C3E1C
:108150003FD63A3DD4C7C93D7D4759BB75130C3E48
:1081600076168F3D706408BDF80689BD33BD54BED8
:1081700095A85DBE64E13E3EFEB0403E6C7F1ABCF9
:10818000D021D4BD7B6CDE3CA65E723D48FA523EE7
:1081900024AC5F3B311E033C6759F6BB08F4883CB6
:1081A00023DBD73C73F640BBAD9BE2BCAD9985BEEB
:1081B0001FC29C3C60E44C3EF928333EBA46C13CA9
:1081C0006068FF3D734854BD25E936BC08A5063DEF
:1081D000785E4BBEAFF044BEA461063EFEFA4D3E53
:1081E0001D3D1ABD61CEA23D2A4BCBBD5B825CBC5E
:1081F000737B17BEB6018E3DB15EB83B54C5E4BB80
:10820000E585603DBFAF1B3DFED8F9BC52061F3C63
:1082100074D1973EC15481BC3177623E81E9293ED9
:10822000DACE863D06E9603DBB5B163DB7DB783DA7
:108230003B70ACBD4E371BBEEE79C7BD3A0133BDB6
:10824000612DE43D314FBFBD061A7BBD6E4B2FBE85
:10825000D7AB8C3DB2FDE9BC8669B5BC6B12CABC1C
:1082600005F6FB3CD667223C59174D3DB7B986BD94
:10827000E980DE3CE5F8933F596C543E5D21413D79
:1082800044B6493EE90E673DCAD1A83DF0BE893DDE
:10829000E430B6BDB2D587BCEF7C68BE2043E3BBFB
:1082A000F02F953D1C6C963D027FFF3BE45C3C3D0E
:1082B00050C5C2BDA789CEBDF4409EBDB94F0DBE0D
:1082C00094BF71BBDE53AE3C79073DBDE078303DD5
:1082D000D6A988BC53F7F53CE278323D86AA90BE19
:1082E000B915163E3C8C82BDE3D592BEDC5127BD4C
:1082F00038F56F3DD0F6703D1AEA30BDF1CCDCBDEB
:1083000001ABE6BD7AC18EBD9405DABCBCAAF1BD55
:10831000F232A4BDF04B6BBE15EA3EBC55C3083D1E
:1083200094D8EA3D56F6D13AC6C905BCB2FA43BD67
:1083300073AF833CB9BBC53C038DA13B20D519BFAE
:10834000B7F768BE07F226BE5FE302BE71549ABE5D
:108350009B41C33DF1ED87BDA74CB1BD33B37E3D1D
:10836000F3A897BBA27CE2BDB3106DBDC3F6DC3DA4
:10837000530027BE676767BEA7F40FBE33F6F63D0E
:10838000629FDC3D430E7FBCD90C943BE73CE53B50
:1083900062FBEBBD39911E3DE8BB75BCE916A13D02
:1083A000351D4BBE61B3BABE24806EBE1FE7BABD99
:1083B000C09694BE47B1833D519D48BDFAD492BD4D
:1083C0002C628ABD4F3077BD3B8749BDEFE080BD51
:1083D00033CD843D5124073D370227BE409E783D72
:1083E00066A622BDED2B623EEA938B3E7245243E8B
:1083F0002A4142BD877245BE96A9AF3C4ABFFA3CAE
:10840000E73C65BA78A78D3FFF2CF63CFB70FB3E3E
:10841000C1F29DBDE2199CBEACF4C43D4B63A73BC9
:10842000BEC486BDD93111BD4C20D73C032245BE08
:10843000F79AB7BD82BA2C3E2D9F573F85BFA33D0B
:108440003DDDDB3FE95804BF9AD51B3E75A950BFFF
:108450003C75A43D91835D3ECA09153EB9245EBDBD
:108460000331263D5C269DBD1F71EF3D3886BEBEA3
:10847000CDDD663BFCD305BD5A918BBEF407793D3B
:108480006CFAB53BBFA0523D377435BD3D66A43B89
:10849000958F82BEB02D4E3DC943453E1773453C76
:1084A000669C1DBDECD4FA3C3863713E6DB1213E33
:1084B0000574313E460432BCDC5077BD72E4263D83
:1084C0003A4B083D52DB753D6D22D5BD1704A53EE4
:1084D0009C7B183E579CFDBC841439BDA3B27D3EE5
:1084E000A878C6BC24D61D3D2E8B893D1E8ECD3C62
:1084F0002D23363DFB62923D8884A2BDAFE5D7BBFC
:10850000F7750BBEFC700C3D509D8B3D85E6B7BEEC
:108510008B5B88BE9A5DC0BE0D38CB3B44D56239BB
:10852000EB33913CAB8444BDFB7D853D83090ABCA4
:10853000EA3E723F9D1687BE41C245BEF23BB2BDC8
:108540009136343E33AC23BD446D80BD4996863DA3
:108550000BBBEBBB234D223DBA8BCBBBF8A808BDB0
:10856000F60690BD1CBBB2BE544A9EBD05A96EBEA8
:10857000F6547BBD55B80D3E6488673D4B58CF3BE4
:10858000D7FC3F3DF8FE89BD02112B3C130197BC7F
:1085900087642BBDA43A4EBEBB8B243EF1B34DBACB
:1085A000CE4585BD37A6413E7EE3EABB445C7C3DBB
:1085B000501A4F3D0998A2BD12385EBD36AA7BBD48
:1085C000DD5DA43A7565B43D22383B3D0CB54FBE28
:1085D000F1A1BB3C3535B13C5D4C803EA2B59A3D26
:1085E000D4DAFEBC71D2483DBB39E63B9541DC3C58
:1085F0007A46ACBD06085E3D2977E83EC344603E3E
:10860000B948E6BDC25CDCBD4DFC943ECA181A3DBB
:108610003FBE4D3D5D45AE3D6535ABBD6244DDBC05
:108620006B4807BEDF1D3ABE1723E6BB6F9BBEBD7E
:108630004C5A63BE0D02C4BD496D7A3C055A1B3EBF
:108640006B7D0C3C6F9B4EBD0187923D857D11BEBD
:108650008563463C6A89793C2101C53CA62925BE33
:10866000C41BCABD1BFF84BD98C138BD780F3E3EF8
:10867000BFAD04BC822CECBB5EB5273D7630243DFB
:10868000A955763E297990BDDD3808BFC10CC1BD22
:108690007282073D96C102BE66DF5A3EFC3347BE7A
:1086A00062D5223EF34A9EBE9753F23C6098A4BA2C
:1086B00054829CBD43278BBD6A4CA5BA6C98AC3DD7
:1086C000A060933ED77296BA8EE5D53DAB2871BDBA
:1086D0001C21343DEE497EBD47F22ABDDA8DA23D14
:1086E0004BB4E13DED1F55BE7EE47BBCF6B90DBE3B
:1086F0003D390F3EC82B92BD12EABBBE561956BD7E
:10870000AE62F33CC4F90C3FAD4A94BD181C683C02
:108710002AD5D03C5885903B0922F83C99FC18BDDD
:10872000CF8E0B3C71F72A3E9C0BD53EB422083EFF
:10873000BFF768BD3463863DB2D1993A84C0423DEB
:108740007B0A8D3D0506E83D1B6609BE9AEF8ABD92
:10875000005B8D3DAC58313EF0B57C3DB4C7923BDB
:10876000895136BC1805EFBC0B124A3E667CCF3DE2
:10877000389ED5BA628233BCE9D8633C015E443D81
:10878000CEE2ABBB27AEC1BC2A8CB43E80C8593EFA
:10879000044F633E7F3C3B3C539C8F3CE33439BDEC
:1087A000FC3D123D8DF6AABDF47C043CEA23F2BDEB
:1087B000F99A9ABDEBB48F3D393E2F3EC656CCBDDB
:1087C0002DC46F3E65E3A23C9FDC433E59CB35BED2
:1087D0002B60D23D16E31D3D8A43A2BC9150CABC1A
:1087E0003477633D4C5B2ABD8C30563C37EBAF3D54
:1087F0002E0A43BE3D15DC3EA46F9ABD0AFFE5BDBF
:108800004B3680BDD3BF4ABD9D53673D1CDFD93C6D
:10881000574912BD8D2AABBD40BAC53D206C943E70
:10882000930B63BE32D2823D780EF5BDE8AC693E53
:1088300024BB7ABD1436A03D7E29FB3C351E413B4E
:108840008068243CB8A3A9BC624A33BD2360713C54
:10885000C10281BE7CF2DA3E1948493FF500B9BC3D
:10886000F87AA4BC511BE63CA77A9ABC573142BCAB
:108870003E09D73D0790D33CE9E1ABBE602320BE63
:10888000D30F9F3E52AA823DA2DFAD3D4ACEB03DFE
:1088900074830EBD575A3CBECCA719BEF9A36BBD5D
:1088A000342402BA57985DBC1811DF3C073F133DD2
:1088B0004780233CD0FEE6BEC8418FBD344FDE3D2D
:1088C000A0B14D3CB7716ABF43FB11BEC103223C4E
:1088D000F86D97BDFB8A48BC5F1978BCEB99FCBD6D
:1088E00062E3BFBD6ED98D3EC6E0E53DABCE003E36
:1088F000F7431E3D7BB0ABBD082576BE1A3BFABDE3
:10890000327007BC1090D53AE76C92BB985E55BDAB
:108910002D89D5BBA6200E3D2A8B06BF881BB03DF6
:10892000D02822BD47C4D3BBAF445ABF962ACFBD7F
:108930008144AEBD5128A0BD163A0E3D03D2283D5C
:1089400043134CBD727907BE9C78573E62D7323CC8
:10895000A51F5D3E7F32413B5918B2BE5E626BBEC1
:10896000432B2ABE125F81BDC9113FBDAD356F3C9F
:108970004198AA3D41DFE7BC4E2F1D3D832E37BFF6
:1089800009DDCB3D57EB4EBE8012B73BC6BC50BF96
:108990000E8925BE8A80043DC8D45BBD17A0593D11
:1089A000F263103E47E5BCBD137B0ABEFA29863E42
:1089B000D5E7043A39FEAC3D42C7CB3AD17FD7BEAA
:1089C000AAA0D7BDB961DDBC2FB1A2BDB8BD60BC46
:1089D0009890E23B04FA6E3D4278C8BC53DA22BC60
:1089E000888752BF4EEA58BE418408BF59F7983C69
:1089F000880335BFB57F1FBEFF185B3B0E7BC1BC34
:108A0000281A2EBDFFE4113EE02809BEB2481EBE62
:108A1000F17B443EDF820B3EEE9B353EFB54F6BDC0
:108A2000D67AC9BE903E40BCE4F0683E16B141BD66
:108A30007C5E86BC7C97753C95A26CBDAA2E683D79
:108A4000A8872F3B0E7E07BF5AF270BEE73E33BFAA
:108A50004E23F5BDDBDF10BFBA681ABE5B3C1D3D7F
:108A60003C45AEBD4FE3D63DEB5E713C6B992CBEF1
:108A7000266655BCA1C8583E573BEF3DB232723E08
:108A800081D9E4BBE147B2BE86FFEEBCF07EE23D99
:108A90002AA955BD4BC600BCDCB10E39F4F264BC4A
:108AA0009BBCE53CFF6A83BD763EA3BD6E6C433D37
:108AB000F31BB8BD9BD8E0BECB6840BD7E34B5BDCE
:108AC000EBC10E3DBF5A8DBDC42836BD65858EBE37
:108AD000398104BDE137193E4F11873D2809993D81
:108AE0001645C8BB48770A3E34E6FEBD225D87BE08
:108AF00055CA8ABD261F9BBB117FE3BC5EC4E03C08
:108B0000F36075BDD37B023D3151813CF1A071BC56
:108B1000EC27083DAF4341BDBBA894BE0C37C1BD97
:108B200068CB29BD47D89D3DCBE1CC3C2F7AEB3BB0
:108B30004DE101BE8388153C4149F33D936ED33C22
:108B40003982EC3D7C722FBE8C49973C6C1ABDBDBE
:108B5000792D66BD704BC1BCC34F28BC05E1E8BC94
:108B60005F832F3DDB3F38BD51E33C3D87097CBB34
:108B70002ECA70BDE715FCBCDF0A82BD99AEC7BE28
:108B800045C426BE9083373DF18A84BDB69EE13C44
:108B9000703DCA3C642F3A3D8031943D0EB5DCBD3A
:108BA000AB8DA93CA929C53D973838BC97AE603D2F
:108BB000F3B149BE3400A13D73BBAB3C5DA26F3B3A
:108BC000BA81F63C4A9EE13C23089DBCD2A2C83A39
:108BD0006EE0C73CA1BF83BEC8029B3DB9304FBD0C
:108BE00088E5AABED4A2FCBD4AD4483B2C62E9BCAD
:108BF0005633223D0EA7D53C5438373DB4FDE43CF6
:108C0000169495BDE8E32DBE7CF66F3D8E75813ED2
:108C10000DFF003DC03840BDAB15C03DBF735E3C8D
:108C2000356DAB3C371E1FBC3A1B843D7E2175BDA4
:108C3000DBD0E3BC4379683D1B8FEFBEFAEC14BE7A
:108C40003DF68BBC3FD1CCBED59DF3BD2790753D85
:108C5000A02E77BD163568BD5868E63D574B763E69
:108C600069F9973EC0FB8DBEF340ABBEE32E82BDDB
:108C70009ADC3A3DCD13C0BD9626C23D132EB63DBB
:108C8000287CE33C12DF943D090AA13CC5FA383D3B
:108C90004E8A9EBCEAB54DBCB3F6733D6DB0BE3E88
:108CA000092BCCBEE190D8BD273F3B3E4C2D37BEB3
:108CB000CCEC303D56FC953D7AF4313D7DC2B8BDDB
:108CC00021F3013D755F19BE708872BD0046543EA8
:108CD00098B1463E7BE414BDBB7307BE61FE85BD03
:108CE000912129BD331CEF3E2929C43DCA4C8FBBBD
:108CF000813616BE4D1094BD77748C3D89D9D13D17
:108D0000CC7C2F3CC0D6F03DBA9F323E9F6C2D3EAE
:108D1000CACD5ABEBE9E393D92C7563C7CA87EBD88
:108D20008C70FCBD83FFC73C36F421BE207B143E13
:108D3000F40E853DC6DA303F4028BB3DC6E1863F94
:108D4000016410BFAFE2EABDBD8FA5BF39BBB73A22
:108D5000E530E93DA331F23DAF2CD3BDCB048EBD50
:108D6000E55BFABDC97BBB3EA22001BE9F53B6BEE8
:108D7000C97D9C3E34A744BE5EF64ABC108A0DBD38
:108D8000392FAB3DB78805BEB96EAABD749ED2BB64
:108D90004D64653DEA475C3DB8BC99BD6742833D83
:108DA0005CFA56BEA293083C756C983D5672C73D5E
:108DB00010CCB8BD260A3EBDB475173D5495173D7D
:108DC0004E1A3D3D480A373C67950EBEAAED68BE77
:108DD0002E0DE2BD6AAD773EB69923BE1B0784BD5A
:108DE000541E833D58C994BD2F6C153CFC62893DCF
:108DF0008FBED4BDC1E695BDA495323EEB780EBEC4
:108E0000A00603BCEBB702BE5B29233D2C23A73D84
:108E1000331DDABB0548E4BC46B5073DEE05BF3D52
:108E200054A985BC29275C3ABB41B9BD1740643EB3
:108E30000E2F71BE6E349DBD350BA53D7C4931BEF4
:108E400004F2103D4C671EBD84EF5DBD57A9E3BD24
:108E5000D5D3EC3C3715CE3D560281BEDC18AB3C79
:108E6000635446BE21F997BD6086BCBC6A0350BD01
:108E7000E5F8453B09E9913ED05E933CC8B984BC16
:108E8000A5EBB83DD7E1453C927820BA7CE404BE1E
:108E9000A624F8BD06C6323E043502BD15309BBD82
:108EA000DB3E95BE1BF594BC3C9336BD363B69BD9D
:108EB00068C458BC3801D9BDBE06A4BCCDCE093E9D
:108EC00005FA073E571E943D16E0093D50A98A3E1B
:108ED000C12823BD076D1F3EE402CBBD2391053C95
:108EE000AA9C6ABC141B9B3C6096603D94FE933A1E
:108EF000AF8742BD491AA2BDD19FA53C6A3B1BBCAE
:108F0000E6E07FBDF31381BE6B44DA3C9669633DB6
:108F10004E08813D86143FBD1B489CBC14EA3F3D72
:108F2000A42CF03B3F78FC3D2747123E58B724BEA7
:108F300013DFAABC192CA9BD189D5B3ECF00043CD1
:108F40005C4775BDB8B0DB3B5393183DC769463DE0
:108F5000F494633C773101BD8F4D1A3C9CB034BE14
:108F60000EF292BD5A1E90BD749F47BE9233773C5D
:108F70005573993C9FF43A3CE1D556BDD71C103E41
:108F8000AFA9C13D1A2D113D9152183EE4DDC13DFE
:108F90007F685ABDD8105FBE163CDDBD68350B3EFC
:108FA000AABD2A3D53491A3D2E2EE73CCF61B03B66
:108FB0005488E3BCB2550C3CEBA2ABBCCCBA983D98
:108FC0002E3F9ABEAB660EBEFEEACCBD866954BE8D
:108FD000FDA9F93BEA53923DAD35753D2C64A4BD26
:108FE000F0097C3D31B9983DF564D83D0D78A0BDC0
:108FF0002ECE3ABDADB7563E4339453ECFD640BDE5
:109000000AA7363D8895A6BE6F68393E7F15A73CF6
:10901000B2D1E4BB64160ABE8A1244BDDA98B83DE8
:10902000DCBE8F3D1E46F1BD39CA1CBD9E52F2BD4D
:109030000B3F62BE5A1194BDAAD800BD36F88F3DD1
:1090400061690E3D9989523DB453AB3E3444143EA0
:109050005BD038BE96B3D33CE5D6753DBF52113ECA
:109060005263323D6001B23DDEDE49BE6E2F993D56
:10907000D2001FBD2D731C3DE756B5BC5A5001BD33
:1090800017E105BC3038133DE94DA6BDBBA333BB8A
:10909000ACEA803D6EE16FBD370A093ED47E6FBDFC
:1090A00000BB4BBD7478043DB91F1D3E6A01C1BDB4
:1090B0004E9B71BE3FF4D23DBDA136BEADF6B0BEF3
:1090C00076CD1B3D2F6BDF3EAD997B3E514E9ABB5B
:1090D00074FA8EBCB600ABBB2D1CC0BCF75CA23DC5
:1090E0004B55F6BC51040CBD9E371EBFEC2AB1BED9
:1090F0001F01A93ED39C993D0202D3BDD092673E89
:10910000EBBBACBD990C22BD2240A23CA0706E3DD1
:109110008E7A74BD26A937BD9543CF3D92FF01BE1F
:10912000F5C2A0BE57D39D3DAD0E003FBABEFB3E7B
:1091300034099C3E848C4DBD1B82A8BA17FC45396E
:10914000B958D83DD62189BDCE4FD03DE2A6F5BE57
:109150008FBE3B3D6DFCA13E5AC486BDD14CA3BC25
:1091600000880C3EE2EF3DBD8AA5813DB4AA143DC6
:109170001745DDBC7BF318BE2E4110BED504813DE2
:1091800035FDB13C49A0AC3CF97C143EB1AEA83CE5
:109190009D3E593D7E8E45BC386CC2BC92175CBD6D
:1091A0006DD6ED3CCDA9CA3CD943DE3C4B4EF93CD3
:1091B00048E60B3F37884D3FF5F0883E2B5396BD70
:1091C00080D59F3CFA0A5B3E2C4650BD25CE623CC2
:1091D0000A61DD3DB251A5BD87DAF6BD4794E5BD14
:1091E00075D7863D6D1F043E7D270D3EB39314BD9C
:1091F0005871D0BE4DAE34BE8FB7D03DC0ECB4BDBB
:10920000A592503DE35F78BB8EA2D23D85FD813CA7
:10921000F67589BDF470A23ECD59F6BDE217193E30
:10922000E00037BECA9170BD2C85933D9DA92B3DB2
:109230007AB98EBD38560C3E10C3A23DC18C7A3D22
:10924000F928B5BE48060C3E562C4BBECEDF313E4B
:10925000A143B3BDB492933C43154BBD92F3D13DB2
:10926000671F2A3D679B77BAB0ECE43CC292813C11
:109270007E4621BD449E10BB5FD9F13DA14FDE3E2D
:109280005D25B43EE73182BD7E1523BD06F8943CD2
:10929000C53DA23D8A25403D2311B23D18BC033D8A
:1092A000172451BE0C58C73C8BF9A93EE90ACC3DA6
:1092B000849E3CBE9D60273ECD7250BEA4A1FE3D63
:1092C0009EE259BDDED1F0BD38813DBCFBB063BC30
:1092D000F0D7AC3DECF1193DD64F49BCB11B9B3CDE
:1092E00047F7863E47658DBB43DC1EBDB09CDFBDA6
:1092F00074ACF83C49BF953C5D1D203D947CA8BCF6
:109300006B46373C47BE0BBE112284BDCB3F8A3E25
:10931000A146F9BD76ED933D0EE6B33DD54A48BD75
:10932000AE8C9D3CD514EF3BA036CCBD9636EFBB42
:10933000B930543D4E8D3B3C21543B3DFA8D15BD1B
:1093400033A679BEF7CBD33DEF6799BE89619CBD4B
:10935000F1EEBEBD0A0F40BDA3B7ADBB84C56BBC6B
:10936000C05EB03DB93F8E3C2DF131BDC6F153BD5D
:1093700092B02E3E693E92BE362E093DEF82A13D4F
:109380000395313D0950E4BD762752BD3B7597BD2D
:109390002E6114BD2A42FEBCA8EF2CBC8BD0C03C71
:1093A000544C633B17EB9BBE0F8C6A3DD3ACC8BEDD
:1093B000CD966FBD82A197BD03F4EEBCBD6491BC98
:1093C0008169B6BD54070E3E1F67B63CBFD9CDBC00
:1093D000B8B6773D6929F73CFA2FD9BDE06A1CBEC3
:1093E000610A5ABD6A8EF6BCC0BCE33CF5EA1D3E7C
:1093F0009767C7BDFCE442B86334503D0A6BD2BCEA
:10940000BCBE0E3CD9E411BDAADE54BE7B7E0FBEAD
:10941000B1E402BF2C99FEBD01E9A1BBA04D05BD81
:10942000A67C12BD30A922BDCD7DA73D22425F3E64
:10943000AA01FBBCF8679E3C4279B4BE7AD9403E93
:10944000DC343ABE0458A6BD5E726BBE8647823ECF
:1094500077FB053EE02E85BD6E19E63C8E13AC3CD5
:109460003F173FBDD28C0DBC3BDF29BDB037443E1A
:1094700049BC5BBEC5D2263EBD68E8BD8126B0BEF4
:1094800006E1A0BC17E2863D6AE10D3D498527BD96
:10949000CF42093CF38CBEBD1FA757BD0F992B3D92
:1094A00097270CBE84EB0FBD657C29BD836CC03D46
:1094B0003550C23DBE501BBE8297903DD28FD53CE9
:1094C000D126C03C98B63ABDD3F958BDB5211E3D52
:1094D00029AC2E3D7C810EBE35558F3DA578C5BD8E
:1094E0007E2DD0BE1445043D40514ABD97A2A1BD7A
:1094F000B145053D5BBE09BE6B903EBE3EF22D3DC3
:10950000FA78013E2A6B4FBE20F718BECC2485BCEA
:109510003D0B053E22E39E3E94F12D3D092EA03DDC
:109520003D1B98BCE8EE433D215897BDEEC1E9BC18
:1095300031891CBD966B213DC57110BE1DE0C7BDB4
:10954000BA463FBED39DB9BED23179BAB087E83CA6
:10955000CA14FFBCD68BB83DBB4CBFBD2547CEBDA2
:109560004AF6FA3D069D223EE0B580BE29AE39BEE0
:109570004AF92C3D30F3203D240A823D1A36AA3D9B
:109580001F61FE3C73374B3C6369543DFEEDCEBC1E
:10959000704D863B1A4F3DBD9959B2BE44683CBEE2
:1095A0001E690FBE150745BEC7ABA6BEF10630BD8E
:1095B00096698FBD060E84BDD45B7D3B6D746CBE19
:1095C00002CE64BECE9BE53D6437473EC209B5BEC0
:1095D00043B46CBE6C41CF3DD417D33C1A5F0D3EF3
:1095E000DFCF653DAF06F3BCEE12C83CDEFEC338EC
:1095F00071161A3C6D9ABE3C96CD7ABCADB5D5BEFF
:1096000008254DBE8FB1B0BE71F722BEF8C580BE31
:10961000D030883DA543933D9376253D1204F13C1F
:109620008162CEBED0EB85BD823AAE3EF83CBB3DFA
:1096300083AF0FBF315A74BE344B813D3ED97C3E5F
:10964000B885903EFE978FBE3DBCABBBE17E64BB50
:10965000A7B6BE3A80922ABDA6F1D8BDB0B5893C66
:109660007AA5033EEF0EA63DAE2F1D3E55F6E8BD92
:10967000B5B6D5BDCBCD42BD91AEA23C7454893DAB
:109680007F24A5BD461CCEBBDDE10E3EB2253C3D90
:10969000B47EBFBDA6E9B23D3BCD90BD2E4700BE16
:1096A000577E0BBD194E6F3E083E113E31C2A5BD1F
:1096B000DE39083C8FE09F3BA75CCF3B5857CE3C40
:1096C0000BB643BDD109593E6074E73D4AC38A3C9D
:1096D000E9872A3C855129BEBFE982BBD6B43E3C0E
:1096E000A6A452BD4281E0BD5BC2273DC2F11A3E35
:1096F000C04EE9BC2E4C33BE48F7043E9606F7BC7C
:109700000702553CE1715EBE9479D73D48E3A3BEA4
:10971000923A1EBD64AB223D7204FCBBCD46583D5F
:10972000FEBF6CBD71D7383DDDAFAA3ECE23FD3DF7
:10973000571F493EDA6683BDC69066BEAF8351BDF2
:1097400029C4CEBC2CEA603C7BBDEDBDA49B583D3A
:109750003428793B6E4213BD68B01CBDA75AD43D76
:10976000D97330BEF52A163EFF6419BED32D9E3E36
:10977000AC3163BDF409F53C0206EB3CDA49A8BD07
:109780009F13313D371B803BF887373DEB442B3F20
:10979000B4578F3EE971723C923A65BEAA6B33BEF4
:1097A00027A256388E2195BCA95A15BC61E7AEBDDB
:1097B0003680443E81A66E3D1B117EBE276418BED6
:1097C00083D684BE2FCD34BE77FE53BE48BB0B3E3E
:1097D00050BA583ED2AF29BEAE4712BD2F640BBC63
:1097E0001660C8BD9132763DF92D8DBB6CBC26BD8F
:1097F0005F77013FFFC09EBE28BE783E88B4C1BDE2
:10980000D0F025BE12449DBD02DC713C9E7EFB3C27
:1098100008AC7BBCB73D0F3F3719FB3D138FFEBE35
:109820007BEE3DBEA60A59BD57D93ABE8895B3BE58
:10983000CE3DB93E2177883E7AB03DBDEFADE73BE6
:1098400047F7D7BC435E08BC4A84863C36C33BBC62
:10985000BF0994BCEB880E3F0E658B3E0C38393E39
:1098600001B1D23E0719DABBC59B663D531B27BD2C
:10987000947E1A3D4ADB383DDECC3A3E43D0263E4C
:109880004CA4833C1183323C61DF033C705A4C3E54
:109890008BAC093CF91A1C3C069BB1BE090AD5BC2D
:1098A00002DF96BC9182753C33CC0C3DFFC30D3D6D
:1098B0007A6D8B3C1FDE93B9BC16883E2FFE953E19
:1098C0003956713E186EA83E8B4F1EBD032E383D93
:1098D000487916BC79BA8ABD371CA7BC5DE50D3E38
:1098E00074A1283B5350323C81BE023C81E4CF3C02
:1098F0002AF0723E2F332FBD6CB3D53D8E7FAFBEA5
:10990000F7E2443B1A85ACBCADF4B43B7CB4B03D4B
:109910009E71E83B9EC1F83CA28985BCE7688A3EFF
:1099200046E9903E1775B43EA30FB33E764B19BD82
:10993000DB55163CFF85E3BB9B0209BC7F8E5B3D7C
:109940009C9B483E07CD9A3D7D0C963E24F79DBDDD
:10995000B0DF883DFF04903ECA5220BEA01FCB3B23
:109960000C49A5BE266F1C3CCDCD073DFFE9413D0E
:109970003698223D7491C0BB7CFA69BB92B7DFBCBC
:10998000C5DCCB3D9E9DE9BD7A3BC13E5080BD3ECE
:10999000891675BDE74BF43C08C273BDB5D2D6BC81
:1099A000DFB222BD3106E03DFA61C83D8C39D83EB8
:1099B00049CE9D3D3232083D704C883EFA7752BE0A
:1099C00073925F3D66F69ABDF2ED4D3E8EBE403D10
:1099D0007E62913D09E8903D60544FBDEC40853D6D
:1099E000DE10B2BD23CDD93D1A6538BE3F2CC63E30
:1099F000DA88673EA3D8B8BD0FFFDABC9B941F3C42
:109A0000A19A05BCA5361ABD2D2B2DBBC8581B3EEF
:109A1000C922FE3E3BDA0C3EC0AABE3E3BB3A23E8C
:109A200086022FBE0C601DBE141DC73BCF8D63BCCC
:109A30006D1CB93C55D822BCEB5EA33D9E59B53B8D
:109A400006E34FBC41F71BBD37090BBFF0927C3ECC
:109A5000A728103EC66846BEE698353EE9DD3F3D84
:109A6000890B8ABA1F740FBD6AEFC4BD331DA23DB6
:109A700041BB9C3E656BE03D6DEA25BEEBCC633E91
:109A800023F9243E08CA873EEEEE09BEF35422BFF6
:109A900013570BBE92C894BD2C22CC3CC6B222BD3B
:109AA000A19FB23BCBFAC7BC9EAF9CBC304D2ABF36
:109AB000D1F19D3D8742A63DC1E34BBED427253E53
:109AC00028D7B4BD9F3DC0BBEE379ABC0A483B3D8A
:109AD00002A0CD3DF4FAEE3DDA03C83BBE310DBE27
:109AE000E218173EF7395E3EF43BCE3DD062DCBB58
:109AF0009EEEB4BE0108B93CAC299BBD5B8B8E3C8D
:109B00004FF4423D9D9EC23C414E67BC59D228BD98
:109B100016C2133E47A7663E5E2B86BEF91F6CBE7B
:109B200029B22D3EAF3E0EBDFFA2A93D4043913D5F
:109B3000B7217E3D3E22DD3D3D28CF3DC2767C3CB7
:109B40002C4522BC383FB63EB47C193E4009C13D8D
:109B50003BC378BECF4E043D262DBF3C98FE59BD79
:109B60005FD333BDF424C43D3C990DBC5DAD013DD4
:109B70008AE9C6BDE571C3BE1F4193BE1B028A3D83
:109B8000CEBB40BE253B193E7463AEBDF526A93D54
:109B9000CCDF753DC3E8A1BBC0DE573E8F000ABDD8
:109BA000BF9982BD2CD210BD5F2EC53EF5D687BDB4
:109BB000099498BECFD8F4BE0E37623E917FC4BEE2
:109BC0009DFC083DC331FE3C60F5163E6F880BBE20
:109BD000F670573D998C44BC4143153F53DBDABDC9
:109BE0005529783E348485BE9343D13D92FDC13CD6
:109BF000C784803DA8EF0BBD6C13A13D3B1D143EF7
:109C000041E87EBE1CB283BDA4E8463D773D863E5A
:109C1000279294BE5855E5BE43316ABEDBCFB23EB3
:109C2000B0CAB2BEF9C310BD89C3243D9620F33D2E
:109C3000542FFCBC3CFC09BDCC45183DF470D43D10
:109C4000A77DC2BDD212D4BEBADDDA3DEAB639BEB6
:109C5000E4EA8D3DB5C0A6BDDA5BA6BDFFBEAA3B5A
:109C60009B899DBD918D0A3E95DE083B54D86BBE05
:109C7000779BE03DA36B493EDE30023E3617C0BD08
:109C8000CC3DA53D247036BED995A73C242286BC88
:109C900075CFFCBCA82E7FBC4BF637BD1C97E33DAF
:109CA000A390C23DBA8BBCBD213541BE144E073EC8
:109CB000598A93BE328F7F3DB9B70A3D0574ADBC5A
:109CC000B7EFFEBA640BEA3DA9CD5C3DFF4A74BD17
:109CD0001B1B8ABD8A00773D71EEA43B2FADC139B5
:109CE000056D34BB6630C23E7605E53DB3A8B2BC17
:109CF000D3C473BCEB0BC639D338BC3CF15E7D3D9D
:109D00002D54C9BCDCAA75BE1E98C1BEEA8039BEFE
:109D1000FA92273E6BF357BEEC7FB23C0FC9973DDA
:109D2000AF531E3D368A5ABD217F8A3D648E263C44
:109D300082212EBD63E4B0BDA76511BEE1FEF03DFA
:109D4000F8C85D3E931A153ED1F372BE1FBAD1BD5D
:109D5000E99F813CE379EC3C46FA65BD3E13E63B66
:109D6000C9F4C73C43825B3DCDC6DBBEC7DA9F3E2C
:109D7000F4D6073F9BFA8F3D66AD6EBE6A9F26BC48
:109D80006D65603D6623C43C0DB401BE4414F1BC56
:109D9000282EC73CEA63583E3453F4BD255E833E0B
:109DA0002B118B3DCA06DA3DFC7EE5BA2C9458BED9
:109DB000CD5A42BD42B2393D24DFB5BC7744CB3CDD
:109DC0001E66BE3DDDF2A03C9873B1BDCA43693D3D
:109DD00024B2D7BEAD60A83D4CD390BCDA6232BE8F
:109DE00065AC7137225E86BD068940BB93FEC9BC57
:109DF000C5BD2C3E41F085BD222996BDAFE8113E80
:109E000014E42A3E7EB8BDBDB7FCB5BD56F205BC14
:109E100070409A3E153B4DBECB401B3D86ABFF3C90
:109E2000DB1F81BD50CFA53D13AE83BD15AB9FBCDD
:109E30000E1FF6BD0ED28CBC3888E4BDD5D94F3D7F
:109E40007894BF3E0A6244BB9ABBE4BC121ED2BCEB
:109E5000C2CC473D05E71BBE6057E03DBC5E373EC8
:109E60002AB796BE6B5ED9BDDE931BBECB8D54BBAD
:109E70002DE6CF3C163515BC8B35E13B50078E3CAB
:109E8000EC2137BD1E1B013DA427C33BFF1B643DD6
:109E9000C83D89BC1439D43D7804803DADFB01BE7A
:109EA0008F836EBDD812963E738115BD1C31863DE1
:109EB000BA3F7E3D255E20BD9FE589BD84808A3DF9
:109EC000222BFA3D497201BE47C3E5BC50DB4FBEB1
:109ED0005578E93CE8CD2EBC7463273EF7A235BE29
:109EE0007EBD8B3DF89DB0BD54A1BD3C2CA9893DE4
:109EF000ACEBB7BBA63CBBBD2D17243D4E33E5BD37
:109F0000C88765BEEE1296BDB9C5B53EBF59BF3D07
:109F10000858A3BDD908053D87A94CBCED6512BE04
:109F200024AC1DBD25723C3E32A3C9BD980C4FBD6B
:109F3000E83297BEF91D87BDE361833CF51A503EB8
:109F4000441052BCE246AB3D56DD10BD9362E5BC09
:109F50000A26313CFC69433DDE8346BD6A2A9ABE2F
:109F6000B92C1DBE83902BBEE16A14BD36C2C43E1F
:109F7000D0AD91BD3E1F20BC165655BC41F6BB3C32
:109F80004569B1BD57B4B43A2FB6D0BD1D73B5BD48
:109F9000E5C9E13D71FFC0BD67D46A3D994FDDBDA4
:109FA0001E7C023DF0EABBBD4E015D3B4EA2B2BC41
:109FB000BBBC1D3DE6632B3DAB887D3D55F13E3C72
:109FC000EFB735BEB3A79E3D7613EEBD803EFFBC16
:109FD000EFE58B3ED9AD31BD86E89D3D3208ADBC85
:109FE000F34B8C3D7F08203E26FC0DBE2A8A26BE00
:109FF000820CE13C0BB34A3E69100BBE9249343DE2
:10A00000374DDDBD0707033EC0EF1BBE1F384F3C79
:10A01000E4694D3BAFE5FABB0B102CBC8BD1B23CD5
:10A020004419B23B310403BE699166BD10088B3DF3
:10A03000EB3E323EA7FB63BC88769C3DAE0EB03D46
:10A040007B77B03D1118B33D012C24BECBEBBB3C5C
:10A050003477823E6033BD3DC15386BD7CE3983D7D
:10A060002622F0BBF9FE1D3D1F6849BD1831A33DF6
:10A070008505AB3CAD340EBC7D15DB3B0F8466BC67
:10A08000DDDF9B3C2D389F3C1D86BFBD963280BDD9
:10A09000A22D123DD93FEF3DDB8BF8BC42179ABD94
:10A0A0005FAA2FBB228CA23CD120B93D051622BE4F
:10A0B00000C164BC0729663E773DC9BCBE759DBD25
:10A0C000EDDC093E252BDE3CF7FE263EDAE059BDED
:10A0D00018487E3DECBA50BC932902BCE00B9DBCF5
:10A0E000092C53BD508DE3BCB394633DBD1845BDF1
:10A0F000694121BDC5EF813D5620073ED30548BCCF
:10A100000A7A7BBD729F0CBD6DAB483BFB12A13D33
:10A11000B038BEBDA7CEBCBD8D1DCB3D89C6073CAA
:10A12000799F86BBAC09393E0A1117BDAD1D463D6E
:10A1300031013DBE0146023E512212BDEF29853C50
:10A14000F4C2BEBCE1262CBDCC5678BC33ABB13DCD
:10A150009F3EB0BDA6B9683CD83FD9BD5EAA803D40
:10A1600071928EBD37B3DA3CA67985BD1FA4A13D9F
:10A17000E52EAA3D0FB9EC3D0D1099BDEC3E74BD26
:10A18000186B533DACCFCD3D9298213E959CF03D50
:10A19000B1415ABED26D67BE6313C0BEC83B123C0C
:10A1A00054CB8D3A68BF063D78F6A9BD9582F7BCC1
:10A1B000BFE29BBC778026BD55E353BEB4585BBE5F
:10A1C000FC5923BCCEB011BDD98CE9BDECF240BB2B
:10A1D000CF4336BDE8CFC3BCC75D673E0D9492BE8A
:10A1E0008A4B68BE2CABFA3D47C884BBA3CF26BDC3
:10A1F0003C15483D688056BE8CB036BE9F584FBE59
:10A2000067AD153D5911D03B6C4F93BC949F07BD72
:10A210002E90833DA80242BDE32205BD534F6DBE83
:10A22000E4B4D43C98A9ACBC82DD42BE10F808BEB0
:10A2300085A8ECBC97A7B7BC5C67993DC1F967BE20
:10A24000C2D242BEF253773E7A38633EA4832DBE1B
:10A25000F95A3EBE751583BCCB17BE3D01383B3E57
:10A26000560499BDCE2679BAEBAF31BB5C59CABC56
:10A27000358A5CBBADE5ECBB6712DB3CF232C93D15
:10A28000F058C73D43FEF4BDF1BCADBD5C0D8DBEC5
:10A29000245285BD11D1983D9387F13C09D85ABD10
:10A2A00074A24ABEFAF80FBD37FC513E9106083D34
:10A2B00094F449BD7CED47BE93D23D3DF3E1583D5A
:10A2C00089510C3EDD3289BBD0F05DBD138AA83CBC
:10A2D000848922BDE3D61E3D2D454FBCCD524ABBDD
:10A2E000A5F358BEF4D3963E3B2EC0BDE24602BE57
:10A2F00075BF3DBE3C3306BD130A3CBCE30959BDE6
:10A3000044376DBDA237B73DD2BF54BC38DDB4BDB4
:10A310001582D33D6233763E7B3036BCAD093F3E7D
:10A32000596439BEF6C98EBD060F27BE4503DA3B18
:10A33000F5789FBC70AF283D036AC1BCB536E6BC5A
:10A34000B076993BA0A3C6BB11CEC1BEE8DB9ABCD8
:10A3500064243A3CFB6347BE81AE01BE9583693BF2
:10A3600062AD31BCBCD7873CBE429A3EEAF9093E99
:10A37000760C88BE0AE906BDA3420DBE15FA8BBD58
:10A38000C57D123D88C4D73D262D42BB6B03D33A11
:10A3900093E69BBC455EAA3BAF86F2BC64E1A0BCE1
:10A3A000EF210C3DDD7C273C8D07F2BD6C9624BE71
:10A3B000206943BE124AC53D20C170BEA309C53CF9
:10A3C0009F9FD4BC4D1515BD7268BCBD561CBB3ECD
:10A3D0009E699F3EA17082BEEC619CBEE633A7BD24
:10A3E000587633BED467793B0146173E3429C03DC9
:10A3F000F0A21DBD112334BCAE871EBC011F823AE2
:10A40000676635BDA7E70E3D458E333B22E033BE80
:10A41000A0B7BC3D29883A3E2CD3B63D3057DE3D2F
:10A42000A4E102BC9422E33C2009AFBDB088EEBD9C
:10A43000EC6D62BE08D6A63CF595BA3D7C13FBBD1B
:10A44000B73D1E3D7F231EBE85B922BE697550BD36
:10A45000FB4FB8BD3ED68C3CE9056DBD4C3FA5BB5E
:10A46000C793C03C428AEE3CD60C48BB2B65ACBCC3
:10A47000B69D973C4183B7BD0F7AC53ED58DD23D81
:10A480003B769D3D1968CB3D9EBFA0BD536220BD6C
:10A49000ED9BEFBDB5E8A5BD65C2A4BC2FDE89BCB0
:10A4A000CBCCC1BCFE988F3E1086163EC6504FBE28
:10A4B0000F8DCEBD13D839BE9242043E432424BD35
:10A4C000EEDD8ABC8869793C3334F43C93B0B73C08
:10A4D0007BBE55BCD95F163F770920BEA696093FC3
:10A4E0001000563EF2130D3C1F05A53C740C9FBD99
:10A4F000E1BC42BDD9246C3C91CCC73CCD0A9A3D0D
:10A50000892376BB3F57AEBB66087A3EA3074EBC95
:10A510008D2D89BD69C39CBD998E293E8F2FDABDD3
:10A520006AD0F33CA094983C951EB2BDD460203B09
:10A53000A37916BDC1303E3CC2023FBEF7BC81BD0F
:10A54000515218BE6DE52B3E8768C23C02E45DBCEB
:10A550001B84103CAB16F93CC18D9EBDBA3937BD8A
:10A56000617627BCE2F7973DF116E4BC4E3F31BE61
:10A570003AE7C1BDE273683E10001A3ED9A60F3E0D
:10A580007E66143ED978E03DFE9215BC6CA54ABEAD
:10A5900045BC22BD2A6BAB3AC49614BC2284143E3F
:10A5A000F553E43E6857F1BE246EA73D4E88913CBA
:10A5B0008291953D332B873C2AEC153DCE100A3D08
:10A5C0002C0561BD2A4518BE3B19A13D02ABD83D03
:10A5D000275039BCE98840BD5FAC1A3E8EBAC3BC77
:10A5E000DD102BBE51094BBE138E423DF6238CBCB1
:10A5F0004C630BBE330940BC9058E2B9B918133D07
:10A60000A07C0E3E293318BE3C70123E41A3423E50
:10A6100001890FBEC35D55BCDC74D9BCD9D15C3D8A
:10A62000D0CE3C3E62C0AC3B9AB388BE9AD7A3BCA6
:10A63000918DA03E3C60983D5713953E7E07493D65
:10A64000621CFABBDE1BCDBD442EFF3AA02586BAA4
:10A650004FD65F3D910294BD61A78C3D847DD73C70
:10A6600015F0A23DDBF3BE3D8990FE3CD648553E39
:10A670006EEA253DF33C11BE5AC7933AB12939BD64
:10A6800038E3863DB765FC3CC4755A3DE7058EBE90
:10A690007E7FC5BD8D67493EFCBD713E99C4C53EF8
:10A6A000CE33013D779C58BE3885923B14DC123D79
:10A6B0000F31FDBB8B708D3DD4A24BBD8471323DFB
:10A6C000BCE6A9BCD42A30BC0B1C2ABE36535BBEE8
:10A6D0009100813EB518BF3DF7203EBE725D4F3DF3
:10A6E000BE9E7A3CFE19573D2C2A443E0C7BA93D68
:10A6F000AF5673BE737DDBBDEE13023E8376203E04
:10A700001B91AA3E7AF2343EB5AA67BEA087DEBC92
:10A71000525894BC3CB8993DFB4AFB3CC4CFA13C89
:10A720000895553C924D5C3C59D931BD58CEC2BEBE
:10A73000566D1BBEB7BD013E1C33CE3DADF029BEEC
:10A740005399FFBC27D635BC9FE6113D6364E23DBB
:10A7500028C5C7BDB957BEBD6DE016BEA528B43C1F
:10A7600055D9A0BE55B634BDD8F8163EF2C369BD62
:10A77000F4F1563DE6EE1F3EF227043C9D052E3DCA
:10A78000E654D53AE8B7353D820CA3BCACF7D9BB4B
:10A79000C0187FBE28A57ABE116D6D3E9B0D303D61
:10A7A0007CA098BC547063BDCED1523D0481EABCFC
:10A7B00051E37F3C78A62BBD67B747BDF6E86E3CFA
:10A7C00067CD0ABE050A19BF39C6A5BDEE27253ECD
:10A7D0001B84683EBEF87C3E5E2EF2BD0C3B86BDFF
:10A7E000B868533D05D63CBC0488ABBCD94AA0BB75
:10A7F0003439B13DB01121BEDED247BE1FF18D3DCF
:10A8000075CD6CBE6E4DE13DC6E5D3BCC0A5ABBDFC
:10A8100077BA78BDADF89C3B41631E3C0DD1BE3D7F
:10A82000860006BEB7F4CA3CD27EF8BD5383BB3D5A
:10A83000195769BE72AC8D3D39696CBE33E6B1BC47
:10A8400093F83BBDABBF5ABB45DD6BBDEC67BD3B71
:10A85000EFFBBDBC26AC223B271DE03D371C033E71
:10A86000A10170BEDE9D8ABE0732B73D5A6146BC6B
:10A87000D2F7CFBC01B64E3D1091F7BDF001AE3C12
:10A8800095E7A3BB17D80BBC79FD4D3D1E0367BCF4
:10A89000CD72BD3CDC65003DAAECADBDCEA128BEAD
:10A8A000964922BD9CAEB4BD4141B0BC6EFF3A3C5E
:10A8B0009390A33DB77FB83C27196CBC6031003D35
:10A8C0008EB55D3E6285B4BE0C2257BEC1BF20BBB3
:10A8D000E2D3ACBD8E7CB3BDEE055FBC000F893CFE
:10A8E00008AE0A3D7C33A63D290CD5BD892E233EFA
:10A8F0002201943C9ECE16BB1E5249BC01A855BCF9
:10A90000E66DC9BD78798C3E7C18C2BD1EE43FBDA2
:10A91000102E30BDF747EF3DF652C73D1F6A483D48
:10A92000ECA3A4BD56B7203E53CA17BE285734BE69
:10A93000F640D13DB58D1C3DE9B4183D216EA03DDA
:10A94000758880BCADDD98BD0AE224BD42BA57BD12
:10A9500071902E3D291A9D3E7EA61A3EE10F183EAB
:10A96000B0B442BEA964B8BC489C94BD602A26BC61
:10A97000AC8C4EBCDD5358BDA22C4D3BC7B8B7BC08
:10A980009F21AA3BE80669BE3DB11E3EDCC601BD63
:10A9900081E2BDBD9A419F3D586B29BD90BF9ABDD4
:10A9A000DC1F963C6B592DBDA948DABC353A653D94
:10A9B000365C933DED9B81BB6B8F9F3D3D5BA33D23
:10A9C0004B98063E117C21BB1BEC08BE1D5872BE85
:10A9D000CACFAFBC3A2F5F3C42D61EBDE4E090BC6C
:10A9E000D5215DBC86D0613DE5A920BE7969B3BDA6
:10A9F00053DFECBD9BE9BD3C91F4013E1F3C823D21
:10AA0000DD2E893D6980A93D5C4AA1BC07D1A13DED
:10AA1000390E133DDA33A1BE45D99C3CA1BD4F3D53
:10AA2000DA50EC3D413134BE8DABCE3DA28613BE33
:10AA300097FC6C3EEC5478BCDA99B6BC61DF293DDA
:10AA4000FFA2253C31B6673DCA724CBD36FDAE3E15
:10AA500057D091BD540DF43B31DAB83D5078E73D05
:10AA600035DDF0BCCCA1A73DFB437D3DB9E1FEBC8B
:10AA7000735B573E296ABF3CE4304EBEDCDF5ABDF3
:10AA800092688FBB7ACAFB3D5037253C896E293EC0
:10AA9000789E06BEB6A3473E2D30583C0460143D58
:10AAA00089B1C3BC5026553D7E77D1BB3F9F4DBC7D
:10AAB0005F03D33D0CA307BD19C1633E16534D3A46
:10AAC00013509C3DA5B7013C2F8D7EBD963C8FBC9D
:10AAD0009A0F8BBC9C1F28BCDED7EE3CF38B36BE96
:10AAE0003EE10BBD76799B3C14BC1EBD7BA6F93CB8
:10AAF0009E086D3E06B5493C5C0C893D124C463DB6
:10AB00005C47643D5F84933B7C9337BB665700BDD5
:10AB1000C5683EBCCD107DBEA916A33D1001B43D55
:10AB20004A8D7E3D1132833D1475EBBC7E6B67BD53
:10AB3000805AA2BD366A26BC41E1B4BDA11878BDD9
:10AB4000BD61C33DD7C07BBDB9E181BE732126BACB
:10AB5000E56FCABD435E803E7E6C60BE5CB3273E3F
:10AB6000F2E74B3D0E65CFBCB3EB4F3D31EEBFBBC3
:10AB70009BC7AC3CB75DC6BC1D4FB3BD4737D23D8C
:10AB8000944907BDE8B778BD3660B33D2945993D86
:10AB9000234382BD1A4C903DA9311ABDC89A9FBE6D
:10ABA000248CCCBCD883BB3E2A7FF6BD6E1982BEF6
:10ABB000CE7AD03C4FADD93DF8F21F3E201069BE91
:10ABC0003751353EA828EA3BDDBD5CBC6FC5E2BC11
:10ABD0007EC21E3AA7459C3D0BB641BC93C0F2BE57
:10ABE000D48E6F3E02F0483E9B2F8EBD2AEC8EBC69
:10ABF000AA458BBC54214EBC9CF0DD3B7EC585BD77
:10AC0000D816943DFEED8DBC05749DBD8D97623EBA
:10AC100023B6E4BD0CD202BE57632A3EA0F71CBD8A
:10AC2000AE9D5C3D7DF977BEC57921BD41D801BDA2
:10AC300031ED713DAF69113D89B7563C60BE4B3B6C
:10AC4000B17FF5BE191E313D0A45513EA50C95BD9B
:10AC50001A99623CB71D243D80C02E3D1497F83CE4
:10AC60004DB840BCEC76173E6DD30EBE17B20FBE8A
:10AC700090576B3E028A38BD326BE2BD5EB5303C08
:10AC8000E24428BEA8152B3EE1AB1FBE1199803CC3
:10AC9000DB8D47BDBDBFBB3DE34309BDD919C43CF6
:10ACA0008C8509BDC969793F5B33ABBE05CBBB3C25
:10ACB000D94713BE9E9A433C89908B3D6E4E983C7B
:10ACC00030937E3CB27273BB18D8573DA3CE91BC73
:10ACD000083B93BD8F76C33DBF0E28BF9A42CC3C44
:10ACE000DCD939BF5008873E00609F3E3F09CA3E0D
:10ACF0002F5E6DBD6ACF803DA9F3FABD2F6A3B3D43
:10AD00009A9375BCB8BF863D36B4C33E14F5853EF4
:10AD10000FF09DBE112173BE79D1CBBCF5966F3D6E
:10AD200019C90ABD92D4453C6CCF1BBDCF8AF73DF3
:10AD300043D4C83D212D843C8954CE3C8D61C93D0E
:10AD40005673693E521D843C332B41BE487729BD62
:10AD5000A9150DBE110B5B3B579B773CD4003B3CC8
:10AD60002A418FBD7504063A7A8C26BC8767E33D7D
:10AD70008481933DD37405BEF74A23BEED0BCEBD4F
:10AD8000E47537BD363D163DE39777BD6DE244BDB2
:10AD9000145F663E80538C3E37A35FBD932D91BEFA
:10ADA0009FBC1D3EC9A6043E4080D5BDA43F3A3D90
:10ADB0008F29163C3E7C97BC3CBBF2BC9249943C2C
:10ADC0007F7E42BD9A029EBC2D4A173D999D063D4D
:10ADD0008AE6933EE705A73D2D0016BE7FFF50BED5
:10ADE00046FDDB3E716A023CC6B6C03C626F94BC55
:10ADF0004E4211BDD976783D674477BECE32DABD7A
:10AE000040D1253E352D09BC1C689D3C5B86DBBCD2
:10AE1000A18F45BD192DA53DB465B6BD1A050FBD61
:10AE2000C37F20BDAB86DA3BA5BE033D3AC5B9BCA6
:10AE3000B43ADEBB239E973E8FBB323C5A5B173C35
:10AE4000A20082BE05FFB23ED04B043EF7F68C3D19
:10AE5000771984BC528A423DEC5B6B3D0694EABD97
:10AE6000AFEB58BE37E19E3D15304FBC7C1B073D14
:10AE7000C29D273DA14B9BBD399DF33DFF66E03C44
:10AE800091134E3C7A929ABC8C8D083DD17C043D46
:10AE9000D4F9393C374AF4BB5CB7FE3E5758D8BDAD
:10AEA00076D4B33D890C81BE847AAB3E2C78B73D15
:10AEB000F417A43D4F9D56BD7197B0BD6E3EDF3C6B
:10AEC0006D5440BDC65A56BE6635C1BD8FFBA0BB92
:10AED0007D89583D0B9E7EBD816F79BD2C36A03D8E
:10AEE0007A911DBD69AB983C1E08EDBC078EB63C3F
:10AEF000E195253B53D7A13B7CE3853B0B2D2F3FB1
:10AF00001ADBCFBC7633BA3DB89D50BEE8C7943E3D
:10AF1000DC91FEBC699076BD9510A73D26AE533DF1
:10AF200092EEE93DB7A0D73DC93F44BE759344BEFC
:10AF300067AECA3D206C9F3E1318A3BE2CD719BE26
:10AF400093EF23BEC441EC3CA3F8733B90A951BDE1
:10AF50008102583D45365A3C529ADA3B24A430BD12
:10AF6000D866074003DF64BD822BD43DDAC794BEA8
:10AF70003960403EC4DBF13DE576263D70AEC73C0E
:10AF800015ADA7BD1644AE3D94059E3EC6BEDFBEC0
:10AF90000734F0BEA65DA73C0EAAFD3E55F6A6BE40
:10AFA000F4EDA7BD27960BBEE2D2133C06C3AF3C1F
:10AFB0009B648CBC42BD263D69041BBB4E0982BC10
:10AFC00060F2E5BB7CF3763DAF63F6BD917892BE4F
:10AFD0001596833E3DFBAEBE660F093E32D668BD78
:10AFE00029A681BCBE3E823DB668DE3D3F730DBEE4
:10AFF000E13AC9BC1D81B83D796F55BDE1B1C53C91
:10B00000A4A5DDBB352E3FBECE63383D70DB243DAD
:10B010008954DC3CB18F223C63F3013C0C3307BD07
:10B02000DE3212BC79865D3D9AA7063F1F5123BED2
:10B03000CEC131BE9457653E7014A6BEE0DF073E18
:10B04000B87425BC269CEB3BC9B71E3E8A00063E61
:10B050000B3009BE79E8C23C0B3E403E9C16C83D11
:10B060001DB28A3EBA2A65BC3AC9A9BEC454D5BE2F
:10B070001CA9733E8D5E5C3BF5B6A03A308AA03CBD
:10B08000CA1DB1BD7CE8E93DDDBA683D6EF119BF6E
:10B09000F69E9DBDF5A7C8BBC5A94E3EA5E3BFBEA4
:10B0A000186AC03DE409673DAA509D3DC9D7103ECE
:10B0B00008EE223E84EC33BE9CCA303EA0BB043E68
:10B0C000138B62BDA546D93ED8E7A8BD2EE5DEBEEE
:10B0D000C23510BE225D34BF75C77CBC3C73DCBC7E
:10B0E000D17830BD4CB8E0BDF1040CBE27766B3D85
:10B0F000A26729BF0CC1513D420E40BEC2F0863E40
:10B10000A84379BE4CBC8D3DB613B2BD70BE83BBA7
:10B11000A64F803D28987BBC43DB65BE8A780F3EF6
:10B120009409713EA1DE9EBEB50D423E9CD853BD32
:10B130001EC5EEBD74C2A33D10CED6BE1BB41D3DD0
:10B140001D8CA3BC50CE663DBB58A2BD9818B6BDA1
:10B15000B018F33B50F642BDF136E6BD6890CF3CE7
:10B160002BA0833E358C6ABE5CAE013E7BC9BC3BE6
:10B1700021BD593DE971D13D8F55A1BD5B708ABE9E
:10B1800056A9E53DBF2AB03E79298BBE9BF61F3DEF
:10B19000E4A5B1BB4ADB4D3EAA6286BD82AA15BEBC
:10B1A0005C2848BC12AB8F3CE8B2233C2E11D4BAC9
:10B1B000EB0833BC1C26103C6970493EFB1D21BDC9
:10B1C0009D90383E56D0993D71E362BD7893B9BDEC
:10B1D00027365BBCDB58ED3C8D6549BD74E075BE20
:10B1E000BD49F63BA0E38D3E8B5510BEEA7ACA3CC2
:10B1F000B5E0BC3D435F053E93569EBD92E3F0BC77
:10B20000D1C2A5BEF1D6553D0255033AA200993BE5
:10B210008B43B3BCA2B938BC89F00EBDE266BF3E19
:10B22000D10A22BE7EC36EBDFE9F4B3C703F94BDD3
:10B23000946F9CBDA17AFA3C26B88BBD27311DBD09
:10B24000F327D6BD339E57BD4D837C3DB766603D29
:10B25000C8D91ABC1C58273E0B411CBE4220BE3D1B
:10B2600007AB7BBD9422F8BD54EAD8BB7F7329BDE0
:10B2700086E310BD6C0F4EBDFF2A0E3D0FEDCBBB1C
:10B28000641FE13E0FC4E7BD4322563C336ED53BFD
:10B290005A9E2FBD654EA5BD14EC95BD672C6DBDA6
:10B2A000E4CB733D96E18ABD1291CABCF425423DC0
:10B2B000DD63B73CF604663EF675D93D253B87BD98
:10B2C0005C07913D628C6ABCBD4681BEBB5F323D6E
:10B2D000B494DD3C1DE78ABD0113B7BC8C22CC3D84
:10B2E00085B62ABC64F7503F0EB204BE8E5EBF3DE9
:10B2F0003EFBDC3BE496E6BD2FE4E6BDF11A873C5D
:10B300008FFC4F3D68CD22BDFDCBEDBD1214153D28
:10B31000958A973CAC190D3D1097913E6D4403BD45
:10B3200086D5583E1FC3E5BDFD69193E551026BDA3
:10B33000C531DA3D559441BC5F59A0BD49DB1ABD0A
:10B340006212233C76F9E3BD78BD1C3F51CBE3BDCF
:10B350002E4941BCC9DB06BD99770DBE726CFFBD9D
:10B36000C1C1AA3D11EB9B3DCC27113C76DE8DBDC2
:10B37000D4EF7BBDFC8332BEC8FF793EB71DB23E21
:10B380007F5BC4BDC5B9F93E9FB689BE260F113E8D
:10B390008D5E82BE2EFECA3CD0FE833CFD4CE93D54
:10B3A0005719D3BD2417AC3C7F5EECBC591D88BD3A
:10B3B000B566ADBC734B223E89010EBE3048CF3E10
:10B3C000CBBB173E1A4299BD5D7D57BCADF1073C22
:10B3D00060A80E3E9CE04D3EA05791BEC8D59BBED6
:10B3E000CD560BBC8D08783BC9B75DBD0F52703E82
:10B3F00056A0CA3CD29078BD4B6E9B3C641DB6BA39
:10B40000A44F933CB43635BC080C4ABDA9AC2C3DC6
:10B410003F64D73ECFEB9ABCF3755C3E742F4BBEB6
:10B42000E387E93EB6B13F3E94C26A3C6DC4ADBD10
:10B430008080993DFF736C3E88DDBC3CB7A3B3BEF2
:10B4400057D627BE3DAD18BDBD6B59BDB5539FBD89
:10B4500021967A3EB74F7CBDE32EFC3D471A653DF1
:10B4600062A130BB9B66823D6D7E54BCCCBDDC3C92
:10B4700029B409BDB861903E0D600B3CCE08853EF5
:10B4800047B234BE0DA0E03EEFC8403EC34955BDB3
:10B490008F42063C64F2913D82EE333ECC9D7CBBF4
:10B4A0007EAE86BE957E60BE687D1FBE3048323D52
:10B4B000B183B9BD10C29F3E468856BC5C1C03BD1B
:10B4C000534FBE3B214395BCBA8C3F3CF03BD1BCB3
:10B4D000D5B56CBC3DD3943C2C6308BFBDE8833E1E
:10B4E000928EC5BC87EB08BE14C8CF3E3FB1503E1C
:10B4F000D56AB53DE32F6EBDAF1FFE3D01D68F3D32
:10B50000C3D69EBDBA1080BEC4CE183DC6896EBEDD
:10B5100076EA853C1D9CFD3B7FA4113EE50C573E21
:10B520002F6264BD481B2ABD9FBB8DBB159463BDB4
:10B53000C1A82ABDAAC99CBC9984C4BC822C20BEC7
:10B54000DB0A12BD8DDA803C32DB4FBE49DFD83ECC
:10B550008784963DA584FA3C3909953B4898383D47
:10B560003057EC3D0B7259BEA2E719BE45DE6B3E6B
:10B57000AD3D47BE1B01DDBDDA1597BD67673E3E99
:10B58000BD94C03E1DB66D3DAA5F113CAC7565BD56
:10B590002E275DBC940FD1BC7BF449BD7830A73C0D
:10B5A000568CFCBEB1928C3EE7495B3E7D7A6EBE06
:10B5B000D6239ABE98B6043E59962E3B6B93F9BC9F
:10B5C0009E8A2E3E3C5E4E3E07111CBD65BEA2BE4D
:10B5D000276B0BBE1683BE3D99FEA2BC477D793D0D
:10B5E000F29C573DA38F26BEE198C63CD65DA0BC19
:10B5F0004BB01FBD00528F3C62A40F3D7302083C4C
:10B6000089A503BCBF1ACFBE96BAACBB30E8BE3D1D
:10B6100056381ABE06B7ADBEE0B5133DE1B4263DBF
:10B62000B5F19EBD82D74E3C99D5E23DBF22AE3DDD
:10B6300087B908BEEA7346BBB7D9C6BD9DADE2BDAA
:10B640001083BCBD04D32D3E31B315BD1B51573EF5
:10B650000F74B5BCB014043D35CB09BDCBFB8DBC1C
:10B660008711153DDA17003D575C9F3EE38DA33DE2
:10B67000BF2C55BE4D0F18BECAB18BBE22ADC33D07
:10B68000A0EC8BBDA7FDAA3DD759803D7DFA1E3E9B
:10B69000294A14BD06E428BEF9D73EBD2311073D53
:10B6A0004D752CBEA39804BE85E87B3D8760D7BD51
:10B6B000BD374EBB28CD49BCAD801B3DDE1D183DBE
:10B6C000DA83A8BD8243CB3D53799BBDFD0530BDD8
:10B6D000C2720DBEA593A9BE94264DBE0FDF86BED5
:10B6E00044D51B3E0E322A3B6EFF593C34CA993D6D
:10B6F000364D163EDFFB3A3CE08AB3BEE53B1ABE50
:10B70000BF9A72BDDC1EFABC5DF3E4BD12A9563EC1
:10B710002CA2D7BE58D48C3CB17CCABCDF145A3D95
:10B720000DEEBB3DA32B8BBD76EB753DD21FADBDA2
:10B7300043E7F5BE806C053E2133D83D256D2EBE16
:10B74000123135BE34C8D33D64B47FBD8D9117BD71
:10B750004108903B24822B3E87E3C5BD739CD1BE3C
:10B76000417AA8BC93D5D53DCEE6C53DB78DADBCDD
:10B77000F552203E286280BE72F6333D774FAF3CD3
:10B78000BF8E3CBD8898F43C19C0AA3C3B9D17BCB9
:10B7900084DC4FBCAE40B6BC6AB02F3AA8F4C0BD42
:10B7A000853BCB3D2736E2BE42C11F3DB63D64BA64
:10B7B000AC52A6BCCA0D5C3C427C803D398C6B3DD2
:10B7C000275E8CBE5335FABD2B0CBC3EB62F1D3EFA
:10B7D0005EFFFB3DA73B1CBEA4A654BE3AB5A13DEF
:10B7E000069926BC194A163CF21641BDBAF0ABBC0C
:10B7F000C0B119BD1C43923D16510B3F8EB36EBDB7
:10B8000074CC05BE9222B63D6ACFF5BE32C7193D53
:10B81000B040073DD29EA53DA8D5D13DBDA01DBEDF
:10B8200044C26A3E047591BD2EFDF3BD3FDD873EE7
:10B83000080BA7BDDBD6573C211306BE2C4A84BC9F
:10B840000992973DCB3BCC3C9038853D4D2C3CBD7F
:10B85000E0D225BD7051203D0063973D80A6223F78
:10B86000B7EE98BE7D73FEBDB33BAC3CDFAF1DBFF2
:10B870009FF617BDD287B43DBC69803CD3D90C3C40
:10B88000D76A59BE18E4FF3DC0452B3D1F4F63BE2C
:10B890009223473EA397B53D5AF25F3DDA7AA0BEA8
:10B8A000E5C5AF3CB8D070BDD4E74F3D8FCB28B8CD
:10B8B000F38C1CBD943B74BD795DA33B703B393D5B
:10B8C0002B0AB63FED99743DB17FD73D4073CE3D15
:10B8D000133A23BF48B5083DA08E963D1AB8193DCE
:10B8E000FBDDE13DA14C71BEE4F37E3EC5AE293DDA
:10B8F0005A7675BD237129BD106AE33E3536293D60
:10B900000AEE57BE3ACC3EBE5F1180BD7325E43DC2
:10B91000909E453D12F663BDE89F4ABDFC3C043B4A
:10B920005618773C3D35933F15A093BD43FC9FBD12
:10B93000AD22883D185143BF007C3E3D7A05A93DAC
:10B94000CE9A2ABD5430F43DE3CC58BE2B498B3DF2
:10B950007F9B64BC8FBE3D3E3E58EBBDD111B73ED0
:10B960005C3D20BECA2188BDEF13A33D2B78973DD7
:10B97000C57F37BDB3F2253E6AA598BDCFF05DBD4A
:10B9800095307EBD62B8613C95C9293EE455C3BC83
:10B99000517BCDBEEF2E64BD0B77593E658FCFBD79
:10B9A0004C369EBD640EA7BD5F5ED03C532233BDB6
:10B9B000336931BD2BE4CD3D578984BB6B77283E7D
:10B9C0004D0DAA3DF8C5F73DF328CF3D8E2590BD1E
:10B9D0003677AE3C485190BDF03A6BBC60AC4E3D02
:10B9E0009D2B9D3C2131893C3FCF3EBDED70BDBEBE
:10B9F000A200E83D4F400DBE8A406ABD90836D3E77
:10BA00009080B13CFF2D27BD564D86BB20FE213DC9
:10BA10008C069EBDAC5FC7BD8EFD843D6B6A3D3D0F
:10BA200092A0853B31C9533EB4E4E5BD352F3EBD00
:10BA30009628C93DBAEF67BD42A639BDA6671DBDB0
:10BA40003EF2793D93EC6A3DC92DD6BCDA8E84BDB9
:10BA5000F0908DBE78C32CBED4E48FBEBD1351BD13
:10BA6000C058713E8A2964BD80590FBD77E3CE3C32
:10BA7000044E433D1541ED3C0FFD03BD6137D83DFC
:10BA800039F3443EEF1825BE8B1A64BD685B03BDD5
:10BA90006B84293EFC2782BD13EC083D0ACE833C13
:10BAA000E891853DEA504BBDFE4C0F3D39ECCEBBD5
:10BAB0000BDA5E3C9EB5A23F4BFD97BDED1ECBBDA4
:10BAC000FA4E093DB764513E905DC6BD5B9EDBBC3E
:10BAD000BAA22B3D686BB9BD47C683BDD3518FBD9C
:10BAE000C8F74DBDD15D653E552E91BD7FE039BE95
:10BAF0006DB2C13DCD6B1B3EFC00253EB49A683E45
:10BB0000B77604BD748F153D85C05CBD50CD4EBB6E
:10BB100090386E3DF2A8173D0DF6B33ECBE7443E9C
:10BB2000C4426DBF065CAABC59DF963D5255DA3A55
:10BB3000E6DA99BD90CA433D7EF1CABCC6C0823CDC
:10BB40000FBF1ABE031518BE1B2F053F4FE88CBE52
:10BB500081A4C5BDE5DFA83B52F5D43E6AA65A3E96
:10BB60006B4C473D7A5E3EBD31CDB1BCE04DA83C4B
:10BB700000C629BCC175D73CB4B5C63B6361C23DA4
:10BB8000EA9B033D94384E3D29DE3F3D417A5F3DBF
:10BB90005C49E93D55ED73BA82B2263C031EBDBB3C
:10BBA000E5C666BD3D92BC3DA225ABBD645526BC35
:10BBB000F7CF3ABEB7FC6D3DE34784BE79A5E7BD3C
:10BBC00096EF40BD6D161E3D82F03FBD17324CBB57
:10BBD0009160413CE5B3AC3CAD349ABC7F866BBC14
:10BBE0001E2479BDA2F0523E1819C63DD55DF53D23
:10BBF00087E0A4BB8E2EDD3D4FD4413DED52AEBD5E
:10BC00005809B13CAC2826BEE93CDB3D19DD273D97
:10BC10005DFCBE3C6F703EBD8083A73E830A65BE5F
:10BC20007CB9AABDED4FA2BE3C0FCB3D2F75FDBD2B
:10BC3000AD7689BDE77E6F3D2DE9453D8EAFAF3DC9
:10BC4000145D85BDA5E5CD3D1D6D7FBA3C14973EC5
:10BC50008BB7C93D36ECED3C1A3CFD3D50D29D3DC5
:10BC600025001EB9F075BB3C5F31ABBD4687943DE6
:10BC70005F64A7BDDDE2BD3C5AE9533DA15E863D50
:10BC800039CEB73D6A8A86BCD04C3EBE35A11DBEBA
:10BC900069D2E6BCC4A2333D28C4A0BBB384CA3C6D
:10BCA000BFA0B5BC619F0C3B3DAD873E2467733E92
:10BCB0009B84873EA603DF3DD8010CBD8AD63C3D60
:10BCC0009AB118BD2F7C913D5263873D0581E8BD37
:10BCD0004B5EF63DAD4E3ABC81F06E3D4467F83D9B
:10BCE0009201623EA74528BEBB0DB53D636C92BD77
:10BCF000BFFBDA3DAAC982BCEFDE10BC14FBBC3D21
:10BD00001A5F1A3D39A6333DC9BC87BD727A543DCE
:10BD10002597C1BD9700DA3E89FFA83DBACA53BE38
:10BD2000E777143E31A138BD784140BCE24055BDB3
:10BD3000D00C923BC13E0ABEB5AC4B3D1D09E03D67
:10BD400041EC173E5943873D28D787BEFABB29BE31
:10BD5000FDD79C3DFA0D78BDE7A2543C0FD2213DA2
:10BD6000555FA03DAA1157BBD7FB38BD6DCC35BC84
:10BD700018A38B3E294E0CBDB8D711BEC4BF883D59
:10BD8000FC9366BDA049293D1150A33DB7D0A73D06
:10BD9000AE937CBCDA1B0EBE11C2823DF297903E80
:10BDA000072A29BD62652DBDA219AC3DCB949DBD6E
:10BDB0002EA8333DE118DEBDFACDB83D412C3F3C05
:10BDC000622F953CB0BDCEBC8A70CD3CAFA953BCB0
:10BDD00050F8423C8577AEBD388EAEBC9A998FBB89
:10BDE0009A13403DFC8257BD7F9CA03DEE9291BDD1
:10BDF000FA669A3CF20B113C55D2DABD931CAE3D6B
:10BE0000E95B333E3912E9BDB8BC89BC7857D83DEF
:10BE100026C8DA3D5ED1703D180CA2BD157DC4BDAB
:10BE20003B7F3B3D38DDDEBB6828A13C0D1FACBC31
:10BE30009CC9E83C7EF6BC3C376F23BF9B4E883CD8
:10BE40000603893E3003AE3DC07FAEBD20EE63BD2C
:10BE5000A7C253BCDAB6873DCE88B33D5437FEBD8A
:10BE6000A539313D897B9CBC32353E3CE197CF3CC6
:10BE7000BDEDAE3DB1356E3D6222AC3D3C413CBCBA
:10BE80006C9F1F3E1796643D5C327DBC3EB989BCF9
:10BE90004A97F43A4B1864BD831A803DD35EEE3E58
:10BEA000879795BE74B3813D96F59C3D9B98C5BC24
:10BEB0008BFF52BDBB78823D023A14BD8B1F69BD1A
:10BEC00072689EBC36262ABD981FE9BDBD83B53C6D
:10BED000E7AEB8BD8BE39A3D55381C3E452F1EBEDC
:10BEE0009038A9BD82C119BF7BA6DB3D04E17D3B33
:10BEF000AEE745BCCCF821BE36B6B73DEDBBE7BDDD
:10BF00005C9BDABB115119BEAF48FF3B2CD5B6BBC9
:10BF100056A614BD737136BDCF0337BD503110BD69
:10BF20002CC8953D13D42B3B28F9343D54A6C0BDF5
:10BF30004341E53D116A5CBE2DE9FC39B7F9933DFB
:10BF4000ED2A353E4E260E3D5D990A3DEAE82D3D2F
:10BF5000E5E6233CD1C812BAE120DE3900448EBCAC
:10BF6000078E9C3CF7F7F73DB77814BC744C8ABE3B
:10BF7000E4BAF73DD461903E7A5FCA3D664EAEBDED
:10BF800075B1233DD3109FBCBE5E13BE560E5BBD84
:10BF9000B0692B3E076A893E42718CBCF6FE18BE22
:10BFA0008272E23CC3BDDCBD5D1F703E381985BDA9
:10BFB000F35357BC171A99BCC9AA25BC426273BC7B
:10BFC000467EED3CE87AD2BCF6BAB73E1FA65E3C90
:10BFD0007865BBBDC2B2CF3C11A6683ED173CB3DE4
:10BFE000BF8020BD6F32983C9EC6ACBDF5631FBEBE
:10BFF000AC23B5BD343FB13DA50D803E71283BBD9E
:10C0000040F3D4BD38D8FFBD5623B93DD960F93DC2
:10C010008B909C3C14CB0FBD091B3A3CF59B3F3DDC
:10C020006F4A183D3BB38C3BE3172ABDDC5EA73E4D
:10C03000ED12A83DD721E3BD69984D3B0A3F7B3EF9
:10C0400072F5093EE3F7B43C4543D73CC5855EBD78
:10C050003002C4BD16BA14BEF4D82A3EC622E33D4F
:10C06000F3BF4DBDEEA9F1BCA5C572BD64AA843E67
:10C0700014F0493E6B5DC4BC535F4CBC1920B3BA8D
:10C0800093BC123DB6C9AB3B2018D1BABA79B5BC46
:10C09000F348213F0E1F1CBC2A82B9BEF03CDDBB19
:10C0A000A2676C3EF159AA3C367AA03D99D0993DE1
:10C0B000427813BDCB361CBDFCB400BB2489243EA2
:10C0C00035220E3E0655E7BD3107B2BD85BAB1BD7A
:10C0D000AFB8FD3E5651693E5F04D13D00EC0ABD4C
:10C0E0005CEBD53C66B9C93C433E0ABC2F933ABCD5
:10C0F000663AA1BC1661063EE780833D870708BF0C
:10C100007AE3893DE623F13D7A5085BC221AA6BD2B
:10C11000D9E7A7BD70D1283CA8944EBEFCEF343EB1
:10C120005C29073FAA0D11BEF1D627BEC9C626BE9F
:10C130004C12BB3D39B4D33E5C25013ECAC822BC7B
:10C140008A301DBD4836FB3B5EF3D53C34ED023CE6
:10C15000F5C82DBBEC2636BC5B2B013F9949DE3D73
:10C16000CC27513B40A31A3E7CE3ACBE2E40833D1E
:10C17000FA65853D3C459EBD2E23E9BB4FDED83A8E
:10C180002566593D89C4643C1077263D278BC83D00
:10C19000E012363E7F6DF6BDD965B73D192B58BE0E
:10C1A00081B3AD3A8F4C2ABDE000163D50D5F73C27
:10C1B00043B75EBAD01065BD278E513D9213963EAF
:10C1C000B7F523BEC3D5093D73C9143E8954BABE21
:10C1D000BA376B3B6424C5BCFABB4ABD3D88D83B2B
:10C1E000354B273DA554D53D2876A5BD5E755D3AF6
:10C1F0007BCF613D33AB7C3B6EF8CDBD5CA2FD3D9A
:10C200005695D13D481E76BED485AD3DCB95B2BC8A
:10C2100017A31D3D088389BDDBBCECBC56565F3DB2
:10C220007B1F95BD7A38C5BCD4E4153E5DA2BA3DEE
:10C230005692BABE69F7FEBCE8D4C83CA1D6A4BBEE
:10C24000074F41BD7DDC0CBB9711A8BD0E7E423E61
:10C250002D69DC3D676CD7BDC3AB16BEECF416BED2
:10C2600083169C3E3BB5D23DBC6586BC5E6A0C3DE8
:10C270006A38B9BDC28A903D38BF1CBDF7ABCE3D10
:10C28000299E4B3DFA16893D61DBB73C3814313E9F
:10C2900070E3023E1F63E4BE8E1E8A3CC3120F3D54
:10C2A000B08101BCE784A8BD691135BE1894E43C97
:10C2B000291E8D3EF23EAE3D6FB78B3DA3DC8ABB9F
:10C2C00017D69D3CE272BB3EAB119BBBCC7161BEED
:10C2D0009190EC3CBDE948BDD655B73C5CA8DDBCAF
:10C2E0002259F9BCF68D553E057AB83E71C6263EF8
:10C2F0002767933E2BD9143EDB10A7BE6EB419BD41
:10C30000626E6CBDD131133C40995CBD24F58ABD91
:10C31000A1628EBE762E1C3EC0D6933E04E5CBBCF9
:10C3200019B6343D1037113DCEB47F3EE97925BEB4
:10C33000DE590F3EA729F3BBEA5B473D317C36BD92
:10C340009618163D0D629CBC537C303EFCA1E63E27
:10C3500045CA0FBE279F1E3D0F32E33DEFDE2BBEC9
:10C36000B75A273DCEF8B53DEFF08ABC69BFE03C37
:10C370007DB6ABBC0912213EA1F619BC74CC16BE29
:10C38000892459BE80E20ABD3CE95BBDC2A9213EB9
:10C390003778CE3D58E4973D541D103B9ADE013C62
:10C3A000793700BD1E1C093C2D8F2CBD3B9528BD47
:10C3B000086A323FCB31F53BF2BF19BE63553F3DB2
:10C3C000C7F567BE0DDB92BD90313F3D31A52FBD56
:10C3D000A846CC3B4A6C6DBD0EE52D3E18D1D9BDAB
:10C3E000999BC5BD9C5E74BEC97B523D10547ABDFD
:10C3F0009B501A3E9CFFFC3C2BD049BA810411BDD6
:10C40000AF720F3D2D0F13BD4BCFBEBB48BDB0BCAF
:10C4100094F61DBCA043D0BBCF5B3A3ED99EDEBE96
:10C42000298ABA3D49198FBE19448FBD8E048B3DB0
:10C43000804BB3BDD236C13C4058F3BDAE92383DBF
:10C44000161D9FBD7E65753D895963BDE678E03D4B
:10C45000959DE1BCEDA53B3D363708BCCCA2E83D3F
:10C4600022A193BD399E9E3C97990C3DE9BD27BC06
:10C47000A28DC13C40101ABD9D7AB0BFAFF4DABEA8
:10C48000E8E7DCBEC85C4B3E8BCE77BEECFE18BD49
:10C4900010501B3D64D712BCBBE6AB3D99BEE5BB5B
:10C4A00045C3B6BDCA41333D1B9E1C3DDC62033E05
:10C4B0006040A9BD02F9EBBD7F803BBDB80683BEDD
:10C4C000EF7F413E27D748BC0F38203CF8DF2E3D98
:10C4D0007F8C40BD1FC0193DBDADC6BCC0CBF8BEF2
:10C4E000917F7CBEBFEF1FBEB497003E56DD48BDB6
:10C4F000921D3F3D14E2AB3DF7457EBDD65F23BDA7
:10C500003027B93DEAFB72BEE05FDEBCB099613D09
:10C5100085A9F83DFFD490BDD6F063BE3308773CC3
:10C5200087697ABE33522B3E27DA713D96A40BBD44
:10C530007ABEDB3C60CB10BD4A4D023D330AA6BD3E
:10C540009741593DEBACE53DA55B16BD75A0AB3AF7
:10C5500090B8053EBD1AC73D1BCA63BD8D9BB3BDD8
:10C56000BF4D023D103F3ABE49CD85BE0A8EEE3C1E
:10C570005A279CBD7E122CBD37DC08BEB50DC1BC50
:10C58000C867A1BE79DADF3D5B71BFBDD9AD3FBDE4
:10C590001F3FAFBD733222B95C72BC3B4CCC803DB7
:10C5A000BEAB4F3D4147B0BC75A1CDBC0582EEBDD1
:10C5B000624E053D7A8A143E0C0B8D3D3CE8613B92
:10C5C0009CBC52BDC1868A3CCDD78BBE447281BE15
:10C5D00097B9DF3DD6EFD03CE01D48BEC4C39CBC3C
:10C5E000F3FF93BCE907B3BE47353C3E4F1717BE78
:10C5F000FED403BCF7576EBDEC2CA6BCABB309BC94
:10C600006C9D403DE638513C00943EBE543735BCED
:10C6100025216DBE005C88BDF02B4D3E6A61073E52
:10C62000B7226F3B8D6D1DBCD1C2E1BCFF896DBED1
:10C6300025F0DFBDF00C8A3D71F758BCF54C89BE82
:10C640007D0024BE91F3AABC88F364BEC2278E3E4F
:10C650003496C4BDC8464B3CEC57B6BC7EFB1ABDF5
:10C66000685471BDB13EB6BC3DA7DA3B12D9A6BE37
:10C67000E9F595BDD9F32DBE4819F3BDDBA8043DFE
:10C68000C79D933D2D9F123A5EE96C3DAB1C94BD56
:10C69000FBFFA4BE005A23BD2C0D213E8315BBBD5C
:10C6A000016AC1BE67534C3C46694F3B839AA7BDA4
:10C6B000C6C77E3EC7EF04BEFD45803CB47C0FBDBF
:10C6C000D41287BD5C905ABD6A4791BC94C60B3D9D
:10C6D000CA2445BD9D9F89BD81CC93BE46086CBDD3
:10C6E00020B5EF3C5CCCD73D45A263BD258B0B3D0F
:10C6F00088AFA7BD90B929BF81EF563CD766C13E30
:10C700000766F8BD5FB5D6BEB22CB2BD57214B3D12
:10C71000F60AAF3DB4E71F3E92077A3B115FEF3C4C
:10C720009136C7BCA2AC55BCF1486BBD15EF9FBBA1
:10C7300075CB9F3C667AFC3DAF72DBBD44FCB33DDC
:10C740000DAB883D634A133E0C8FCC3B631B9ABDF7
:10C75000FD7F763D76442FBEBB969ABD0169E93ECA
:10C76000BD00BEBC19511EBFD297A9BDC36C863E89
:10C77000BCF87C387C62FA3D632994BE3A1A12BC3C
:10C780007349133D0B5EA7BB550F5EBB889A133CE4
:10C7900067783C3C92BC863CACBA733DDDE403BE9A
:10C7A000ED79863E2B6B383DA7BBB73DE0783D3D2C
:10C7B00028DC533D16839B3DCFBB85BDFDFB0BBCE9
:10C7C00051C5963ECF0280BD7C94F1BEAA6210BDD9
:10C7D000045A923E4670B0BC2508B3BC79C025BE51
:10C7E0008BA3C23D40BDBA3CC18223BC8471C23B15
:10C7F0008F0284BC28CC2D3BC0F1173D75059E3EB1
:10C80000EABCB0BD3B0C7B3E006E9C3D0C6AD83D43
:10C8100088DFA2BD41F7943D9950423DB92386BDC2
:10C820009EF34E3DDC5D913EE7B456BEB1F682BE4E
:10C83000BE22E2BB756B763E69A3043D5A5835BEF5
:10C840004A7E42BE4DD4ABBDE97B863CF28632BC0B
:10C8500064CB81BCEC32E1BC87A47CBCD41E9C3D83
:10C86000DCBE003F1F31B03BC9BA72BEDB44573D4E
:10C870001B254E3CCB26373DFD8798BC4FB34BBDA7
:10C880002DA155BE842B153D2DCF11BDC5CE03BEA8
:10C8900088B91BBED443EABC3FFF99390BD7FDBA18
:10C8A000D1EE09BE7344A83D68F6D6BD79AD6FBD23
:10C8B00053D3773DD7B03DBC3CB55FBDD41D723D71
:10C8C000EBD3C83D56037E3F34A07C3E00CA35BE44
:10C8D000B48ED43DEFD3C1BD758A70BC25CF70BD79
:10C8E0000C7B0A3D7EA65BBD1DD7383E7C27D9BD9B
:10C8F000F4999DBEB7AC863E7476D1BDAC9E82BE27
:10C9000037D5DFBDBF5B1ABEABB5033F2DE597BD85
:10C910008E0FB13ABED0E4BC9EBB093DDDD09CBCBD
:10C92000131E373BABEC34BB839D473B5A1E69BD9E
:10C930000A92023D7B9786BD21CB54BEA29B64BD6B
:10C94000F992A23CCB53433DE6CE47BC6329583D08
:10C9500031BA8EBD3CB6E63D0FFC29BD374A10BD4D
:10C960004F1C8FBE8CA66CBD927FFABDEBB6BA3E53
:10C97000B7D001BD318C90BC85E5AEBBDACE903D21
:10C9800011192F3CE17F903BFAB911BDC774A33C4C
:10C9900017285CBD4C7DF73C2F2BEC3C351B33BE80
:10C9A000D76891BB3D67693DA984A13D339B5ABCC3
:10C9B0009221633EF9C204BC6954653D8C96273EC2
:10C9C000CF773BBDB0A813BD85A3063CDFFE44BEB8
:10C9D0008846643E483358BD405AFE3C42F4E0BCB1
:10C9E00001B5263DAD60ED3A28191EBD20F36BBCA4
:10C9F000CF100ABEE0F730BD1758F2BDDC9773BD0B
:10CA0000248024BD83939A3C668CC03C03CD43BDF7
:10CA100016C226BDC2D06B3E598A4D3D1979BABCAB
:10CA2000B784103EDFDA6EBDBF0C913EF241933DFC
:10CA300070E835BE9EB317BE6C7DCB3DF242D63C4E
:10CA4000A6D6DDBB0F8B5BBD75EF913CF51DA6BB7C
:10CA5000EDD4BB3A86BD3B3E6C77723DCCCD0CBE6F
:10CA60005AAC8C3DD76C20BD970E06BD49FC4BBC23
:10CA70004FEDF6BC4ED884BDBE60A83E329C0D3D45
:10CA80003730513DB4160ABDBD5D233D318BA33E09
:10CA9000AE7ABA3DE8969EBDAA4023BEA709993D4D
:10CAA0004511A0BB18516D3D5A55FBBD8BB2BCBBA7
:10CAB0003B474F3DE398DB3C16D68B3E65215F3DFF
:10CAC00066042F3D85FEC23D29C9B6BD071AA7BD24
:10CAD000CB20C23BCB97DDBB4BA9B9BC2FE4B53E05
:10CAE0002CB180BE38BDE9BC946B883D3B181BBEA1
:10CAF000A15470BE60642F3DD17A123CDC10C23E5E
:10CB00000842FDBDA2D010BD93789E3DCD40CABC69
:10CB10003BA928BDD73A6B3BCD74253D1446DE3B7F
:10CB200013D62ABE218FAB3D19E428BE79AF74BE5F
:10CB30002DD18F3DEC8574BDCF1D623CA53425BD44
:10CB4000F02D733E1026533E3D84A9BECC1BA7BEDC
:10CB500014C7E5BE0B6373BC397579BD9DF9833E7F
:10CB6000FB7C19BDAA82CA3D183FBE3BC3ED163DF2
:10CB7000DB935B3D971326BDDD9B193C8E97453DAE
:10CB80008C0CBCBD8DCE773D3C6623BD58393BBE79
:10CB900074DC95BE980F363DD3F338BD66F7ADBD56
:10CBA000A68DA2BD8D12BC3DAD7D303EDB8490BE16
:10CBB0007D0DAEBEFB73B5BE31F69CBD912A40BE65
:10CBC000D992893EFCCB72BCD0DE193D09B24BBD77
:10CBD000CACD53BD40DC9CBC366E06BDC441A9BD68
:10CBE00093040F3C2EA891BED279F13CC61989BDA1
:10CBF00034FE68BEAA378EBECE6E47BC9A8A9EBBF4
:10CC000062A62E3DCCA8AE3C9693383C7B5D903D11
:10CC1000BE578BBEC49725BE875195BE20431EBE0E
:10CC20000E5A0BBDD70E1B3ECBB4C73D5D12273D40
:10CC3000189FCDBB0626F63BA8D92EBB5624FFBCB9
:10CC4000EBD156BD45E93B3DA7C378BE106A5C3EBB
:10CC500066013CBE783E60BE4DB481BEB16F843D7E
:10CC60003FC7363C8DDE22BDB429B2BD7FF801BE80
:10CC700060FEBD3D8FF9D2BDC258A0BE633785BEF0
:10CC8000A993893D77F1CFBC2945A13D1666B4BE75
:10CC9000B228C2BCFBF029BC55A387BCF89F8FBB50
:10CCA000EA5534BD789049B98BEBD03C6BB633BEB6
:10CCB00033C0DB3D4B6906BE2CBE88BE07DD8ABE95
:10CCC000A84DF1BA56E00F3C5D428D3D2F6DD23C30
:10CCD0003A3984BED5688D3D62EAC33D6D64D1BEEC
:10CCE00054DE7FBEFAFEF63D58ABDABC8CB1E63DB1
:10CCF0002EA34ABEB85396BDB9BE623D72A748BCCA
:10CD00005E30833C09A9873B5280483CE482053D64
:10CD1000E6812B3EFF8FBE3CBA19DB3DE9D44FBE06
:10CD2000EC16DDBA0F9A12BC245C3B3DBA85843DFB
:10CD300035A4DA3B50554B3E03CE073EE5FA01BE23
:10CD40005E3339BE50500D3ED85A7E3CD474B3BDCC
:10CD50002FC843BD3C83F53B62F8C93CC4E44DBDDC
:10CD60002086283CE865F33C86E29D3C85030D3B2C
:10CD700033F244BC72C300BEC9568BBC8153FA3D2A
:10CD80003EF07ABEF2766C3CFDA1C3BD9F94983B09
:10CD9000B4503EBB9F29703DF259F33D150C2F3E18
:10CDA0004F1E36BE6AA423BE46CF393ED8AF083EDA
:10CDB0007B4D47BE01A3F43BC32B63BD487ECF3DF3
:10CDC00043228DBD7357AFBCE6F9693DDD09E93CEF
:10CDD00026F7923C5EC542BC033379BE98AF803DD6
:10CDE000122E243ED3225FBED6A1A43CCF356BBB0E
:10CDF000DB41563CC9F372BD1EFA6ABC605AE03D85
:10CE00002F8FB13DB9D2F5BD765E9ABC5F29643EE5
:10CE100033B5F93D01EE3EBEB52949BDF712BCBDA3
:10CE200033FF503D7046E0BD575334BBDCA94C3D49
:10CE3000299B8C3D691A6FBA7C34A4BC502BACBEC4
:10CE40004E3F943E81AB2E3DAE2EC8BD8B12BB3BF8
:10CE5000898D293DB412B33DB60850BD6E8C423D5C
:10CE6000C0D1BA3D230698BD1992A6BD4AA7AD3DD3
:10CE7000548FB03E2FBB683D351309BEF27466BEB9
:10CE80008EF4433DA681D03C741F04BE1D7B18BDAB
:10CE90007504043E282FB33DA7E48BBC3A7DAEBC9D
:10CEA00050E092BD12A01EBE3A023C3D81B855BE74
:10CEB000975A1A3D12F4433CF4C0ACBD4BF0413DCF
:10CEC000CEBE853CAFC9853ECFC69BBEB7D84FBE50
:10CED0001A309F3E212F073ECC77FFBD5CF63C3ECB
:10CEE000F18616BE3D2EA13CEF5404BCC597ABBCE9
:10CEF0003DAA22BC30AA1A3E8F5286BC7FBDEE3CB2
:10CF000074D296BDE55932BBD73F0FBE13E7B6BD0D
:10CF10003F9C49BD698232BD22D6BEBD7C140FBD87
:10CF20009E8C32BDBDD0E0BC2B2D353EFDB2813D87
:10CF3000AE1AB5BE84F130BE5C0D30BE9AE202BEC0
:10CF400079C600BD99888B3E1F07AC3D50C3F33DA9
:10CF5000937AB83C9F4CEA3BFD76783B2229DDBCB6
:10CF60009F01B83C6914F63B45ABC8BD1CD771BDE9
:10CF70004BB2A5BD983507BD0DCD91BD21CA65BC8D
:10CF800038F49FBD72B791BDB6C15BBC3D21823EF6
:10CF90007670F43D839B4FBE7B5371BE242059BEF7
:10CFA0009978113C06FD31BD1DFB323E334D253EC7
:10CFB000DAF6503C7BF8A43AA47D58BCE2B7BFBB7C
:10CFC000A43E393C950A9BBB99A2043DC8F4FE3DA2
:10CFD00053AA503D113D9EBD4970E23C58CCA2BDC4
:10CFE000356EEA3C865EAF3B3CA31BBD5D96B03D13
:10CFF0003847543E10643B3DA3867DBE2BA711BE2F
:10D000009D8E78BE4A37243DCC8E5C3D2EF9023E83
:10D010008061103DC8C130BC9D6E563C990D9CBCD2
:10D0200016F103BD3A54293D1B5F0F3C2DA67DBC74
:10D030000A82623ABE9EB23D53DCCBBB0B10C33DAD
:10D04000D2B6B1BCA53C36BD05ADAF3D389F09BDDC
:10D050002082B7BCE3811B3CA112793D5F07B7BDBD
:10D06000E19A2ABE75E58BBEB3EC993C6A847F3D9C
:10D07000B245B73EE31F923D2192463D3C3E00BB88
:10D08000A3578D3B54BEE8BC35C779BC96F4373DF9
:10D09000BF0070BC1B0A57BD9720BD3D4722293EEB
:10D0A000BB90F43C086A93BD158A54BDFFD0873D00
:10D0B000425B683C9EDE053E6AB449BB42E8123ED4
:10D0C0006D5BD03D9948C5BEEDC6C5BE99B3053C64
:10D0D000F4BF673C8704FB3EEA92163D5528303C7E
:10D0E000CA5EBCBCA78B353C3D2E6BBBDAB8BEBC60
:10D0F0008740063CD614B3BC32030DBF548B62BECE
:10D100000AC92DBEEA59243D21D4B0BDE24F9B3D52
:10D11000D60823BD63EFB6BD33C26E3D84E6F1BDD4
:10D1200017D4A8BD843C573E25AE98BC40309E3CE9
:10D13000E92E82BE14231C3EA9DBBD3D2F11373ED4
:10D1400064C16BBD08D545BC71EB37BD20F8953C7B
:10D15000008DEDBB004A423CCDFE18BD7B3E5CBC61
:10D16000976FA33D61DAE5BD3DCAA0BC1C37E4BDA5
:10D17000515F483D7A0163BD0C8C83BD7EEC9B3DC5
:10D1800012CEDE3C15B027BD6777503EAC961E3DF3
:10D19000E117B9BD69C6F5BD27E70CBE5148553D3D
:10D1A000F2C3293DBB1ADC3D251080BC3FDC703B3F
:10D1B0006AD4CF3B063F273DB67B34BC7CC335BD2C
:10D1C0008AAC7F3E53B4D9BD6BC99FBE886108BD90
:10D1D000624722BEA2CB6DBDA5047C3D58BB853CF9
:10D1E00066342E3D611EF43D75E21BBEE817853D99
:10D1F000B935C23DFA9AA1BDABE7C53D6288C73DCE
:10D20000BE0306BD9351DCBCDC4B603D4FF7A5BAB5
:10D210005CFCE2BCDBB0743D2CDB0DBDE30A4A3B99
:10D22000F07E66BDCEF5983F2522ABBE04055EBFFD
:10D230006822603D3C1711BEA0E3EABCD0A584BDC6
:10D24000912EA5BD9EAEF6BC9FCD903EB42FEEBCF8
:10D2500045296DBC82FA62BCA1C5B1BEA7119E3E34
:10D26000E559673E88E9A13DB0859CBDB375B6BE62
:10D27000BC8CC43B00E569BC8CCB693D83FDCBBD58
:10D28000D28D7C3DCFF3DB3CDB74163FEA6F2E3E44
:10D29000F761DBBE843A0CBDC1120CBE5F47E7BC30
:10D2A000E3EB9ABD290CA73D0B6D9F3D6AD77B3EF2
:10D2B0009633E23D9FD925BE3A25323DFC13C0BDD1
:10D2C00090EADC3EF779A53D269E1B3DC0BD22BEFF
:10D2D000E16A66BE05A304BC6CAB1DBDCEB64C3C7A
:10D2E000166F183CDF3C8F3CBE4DDABC704752BE17
:10D2F000CB82263EF66436BEFD9356BEB6551BBEA7
:10D30000A6D848BD0ABD8DBD4121233DECD4F03DDA
:10D31000011806BDC3EA1FBEDEAC9ABD8D5CD7BA4C
:10D32000E94231BD025335BE5C95153E8D0C63BCA0
:10D3300099ACA03EFBB6BFBC3C9BBC3B42113BBD85
:10D34000B9F040BC0B5AF13C43CF34BC329CA73CF3
:10D350006852D2BDA331553D0BC26EBE895414BE76
:10D360001E5509BE1B7BA8BC47B28F3D528085BDB0
:10D3700008EFE4BBD299F53D599B3B3BB5570CBE3A
:10D3800038AB6ABDED291ABEB51EA7BDB3908B3D63
:10D39000D4CE2BBDBDE84D3E824691BCFB144A3C29
:10D3A00080A768BC74FFFEBC5877F1BCAC17233C67
:10D3B000CEC6083DBBD8CE3E82BECC3D20DC7EBE74
:10D3C000489859BE4E573FBE0682BC3B5F5F683CE3
:10D3D000187A9BBD3A083A3DC10BC43DF9BF0BBE5C
:10D3E000CCF89BBE26830EBD0CBD28BE0EABB2BCD6
:10D3F0006F9C24BEA2E07BBD877DA03D4D790C3C97
:10D400009409553D7843B33CDAE0E1BB2209E539A4
:10D4100054A8A8BC16F9863C7A200B3F3E8A0FBE62
:10D4200072D78EBD4A934BBE203A28BEA9A5A73B12
:10D43000C5D2693D49EF3EBD458C15BD83D4F33D52
:10D44000D4A38EBBABA795BEB7CB09BE790138BEBE
:10D45000679DA83DEF10DBBC435E9BBB3383033E5F
:10D46000FBFFB4BC05F8DF3C26533D3CACBDA03C03
:10D470006EA44DBDD75092BCC659753D393E053F8F
:10D4800093C827BEBCDDF8BD5B15AABD594183BE5C
:10D4900043A0A6BCC86BB5BC4EF183BC253ED33CB3
:10D4A000800E3D3E6596893EDF68B5BE27A3ADBEC2
:10D4B000E42BB4BD87800DBD237BA2BDA2DAD3BD12
:10D4C0001C87553E43470A3E505676BCE607203D32
:10D4D0002ABC23BC5FAB113DCB281EBD7C4CF53B69
:10D4E000B20EED3CB65CC4BCA30D093EA2CA24BD7D
:10D4F00038E50C3D6CE4F7BD984EDC3BB78EE53B60
:10D50000869FD63D1D119D3DB84C233E2205DEBCB5
:10D51000E1D48D3C847B08BE09FAA63DF57C9EBB18
:10D52000BBA522BCB8872ABDD7DF5C3D8F4CBBBBF7
:10D530008C1B3EBE0678233DE163ACBCFE4B44BD74
:10D5400058954ABDDD91773B7194E63B84A4DBBDE1
:10D55000E8B74ABD8AE1043D7156E5BD6AF2743D03
:10D56000F6BF31BDF2E8EC3DB89D2A3C7AE99BBD9F
:10D57000B78B4DBD448196BC191A73BCAEB914BDAE
:10D58000D04B733AE7D29CBD18939A3D35970C3C2B
:10D590005663CEBD00E2593DF6EA473D784A593D13
:10D5A00028322A3DB70CCABD52701D3ECD6828BE38
:10D5B000A7CBADBDC5C5F0BC109D193D829C443DB7
:10D5C000DC4083BC203F24BDB4227ABCD131B6BD3F
:10D5D000D04A143DF22AA7BD88D6263E3C21B0BCD5
:10D5E0003DC2C9BD399E093C32350FBC0292243C74
:10D5F000E248E23CF3F4A73DEBA693BD94383EBC71
:10D60000A6396CBD3C42F7BD7564F23BD4958B3DA9
:10D61000EAB62D3E0E12EBBCBB1C083EB998143B7B
:10D620003BC9963CE9BF263E3F26B53DBF43723D10
:10D63000B4709BBDBABF8ABDCA00F8BC93F9BA3BAF
:10D64000B2CE06BD471F853D22B304BDA43305BE3F
:10D65000CA99AB3D33B22E3D8C0DC33B404CA43D2B
:10D660005FA789BBF562AABD10EA4BBDF12E71BC64
:10D6700097ADF0BC9CC2BD3D320388BDC779F43C78
:10D680006294643D7A59C0BD7E10213D1F620CBD7D
:10D690008444F0BD131F0E3E0E1BA33C359F823DFC
:10D6A000697E133E209EF83DC0083DBD21120EBD8F
:10D6B000091385BD9B45453D90B337BDBCE4993DFD
:10D6C000C9FC97BD605E05BE2DB9E4BCC193B3BD76
:10D6D000BFD718BD9465B83D1E99DCBC8D4439BDDB
:10D6E000D717BEBA2324953D690979BB3652E3BBEF
:10D6F00013C96E3D9013823DD1FC02BD471BA4BDF2
:10D70000B6D2ADBD8F0B473E997F50BD49EEA3BD4C
:10D710007D99D93AFBEFC53D87CBBC3C971D4EBDEB
:10D72000220030BE442C5C3BDE77A23C1FC6803D0D
:10D730008038003C920943BE4D839EBB21928ABD36
:10D7400091AD2EBDCC0DB33A3D7AA23C98FCB23BD4
:10D75000168574BE3D95B0BD64C93D3E50C19C3D2B
:10D76000523BD9B92BE59FBD19BCD2BD89F6513DBD
:10D770001B51463CC966AA3D8BEF85BD46020FBDD5
:10D78000FE689E3CB1B310BEEAF7A2BC084126BCBD
:10D79000A24A9C3D0F33E2BB85309CBC4242873D90
:10D7A000614EA53D677D6C3C4690EBBC6FB2583D29
:10D7B0000EC88ABD9276CBBA63C0F8BDB473A03CE4
:10D7C00072B5903C3186973D1F25973C987CFCBDF7
:10D7D000D26F1ABC70C4153D7270CEBC48B88DB9FA
:10D7E000E61B823DEE39C43CB237B63DBAEF08BE07
:10D7F00023CCFA3C60733ABCCD1A0BBD6D47E3BD38
:10D8000016AE793D8DADF0BC8DFA893D5EEB023EE2
:10D810008A8AA43DD739263D9056773D875B4D3D9A
:10D820007F0A313C7B24763D9236D73DDF208B3D0D
:10D83000B48ED5B81EFB11BB439146BDD37A84BCD0
:10D84000F9B828BD52DDBD3CE0F20BBE34027A3C93
:10D850003A6285BD8A5C60BEEBBEA9BD6F3EED3D00
:10D86000A4271F3D48A4BBBD80EE7F3DAFB39CBC49
:10D870001B3CC03C93179EBD83E780BD5BF9673CB2
:10D880004DA190BD35BBA13B4C37A6BD641FB13D3A
:10D8900050A564BD4B3284BD31FFBA3C6C08B63D27
:10D8A00002D8F3BDE3BC1BBD93D28FBD4D2D46BE48
:10D8B00065D2A23D1F4F833D432A0C3D5DFD493E8D
:10D8C000BBF0D838FDB8AD3D7D3BD8BB30D021BED4
:10D8D00052E2573D935F82BDD89A29BDC7BFA1BD13
:10D8E0009D7C693D6EFD683D8FA8CBBD0878C53D28
:10D8F000BB92E8BDD09BEC3DA865EDBC3D95153DC8
:10D900007AC1243DCB4017BE05C8873D2FEF223E8C
:10D91000AF2FFC3CBD1783BD153D76BBAC7B903C67
:10D9200054A46D3DA338B43D17481DBD1C21E9BC6E
:10D930006C18E03DA26087BDD058A2BD3DB3A13DAB
:10D94000324329BE874829BD6E5B6A3D1A4E09BD28
:10D950000692DEBDF1623E3DB4C459BD9750093E0A
:10D960001DDCC23D789DE23CA6AE723D0FA990BD84
:10D97000222906BE2181FE3DFCE5EB3D944035BDEC
:10D98000C0CB6ABEB6F0A0BC2CFAAA3C09F962BCB6
:10D99000138792BC9E7254BD8EAEAEBDCF9162BD58
:10D9A00099058BBD4F661BBD5DD6F43DBBEE0FBE2A
:10D9B0009CDDB03D1EB1363E6EBA33BEC99BE13D23
:10D9C00027CD28BD0CEB18BD70C8CB3C5629173E9F
:10D9D0007601DC3D75D3C2BD45841F3E8F4D843D2D
:10D9E000DDA8BA3D723131BE5DDD3ABE546F3BBE3B
:10D9F00098CAF8BD17519EBD8130BBBDD724B23D3A
:10DA0000994280BD455BCF3D6E6A83BE7F8D62BD0E
:10DA1000B35FD73C3AEE1FBBD6D3E23B4EE70C3D9B
:10DA2000819B8CBD71B047BD610DA9BD86890E3C3F
:10DA3000377B303D2A16AD3D54858DBDD23ABC3D75
:10DA4000D8D439BAD1593E3DBAC6A63DCA290FBE6F
:10DA50002ED3C3BD9443CD3D21E1233D0EE0C9BD8E
:10DA600018AC6FBD27B88FBE934C10BD79802A3D8E
:10DA7000FECA1EBD4D6A75BD1BA4B9BD83C05EBB89
:10DA8000E696B13C78D527BE9DF40B3D19790A3D49
:10DA9000764BEF3D25052DBD43555CBD54A00BBD18
:10DAA00008B46F3D98EBD0BD18767F3C010080BD77
:10DAB000EAA3503EE99A86BE01A4FA3D47A88CBD70
:10DAC0000281B03DF160D43CAE187E3DFCC365BD23
:10DAD00092EFB4BD7C74B1BC9309A4BD7FC9A63DCF
:10DAE00029B381BBDB4A13BEC78BEB3B1485D83C03
:10DAF0003A95EABDCAA56C3C16BF7B3DFB79203E3A
:10DB000061735F3E63C20D3DDCCE8C3D36E41D3E4D
:10DB1000B60C2A3B4986203DFBCF53BB086856BD57
:10DB2000A844A63D3D71B33D3A7C84BE075C80BDF0
:10DB3000EE041DBCFC20BEBCC000D6BD4AADDF3C1F
:10DB4000A6C96B3DFED10FBD54454FBD0D67C4BD89
:10DB5000E1487EBD94CDC8BC91CF20BE603C663EFE
:10DB60006C9C2CBD0F861F3A6151CA3DA4190A3E18
:10DB7000073D253EF17D693E4498583EAB7AB73C5F
:10DB80004DAE423D7D7C7CBCFB00DA3DDCA8C43D53
:10DB9000FA2D86BD09BD0A3D696E72BE8D82F53DC6
:10DBA000072D94BDC14D32BD3A7A13BD91C8923D47
:10DBB000A50907BED540DA3DB0A278BC22CBB93C5E
:10DBC000BBA6E8BC2D91E13DB4F2E9BC3AAD6C3D99
:10DBD000C59D123DC4B9F63D2825123EA2F5943CE0
:10DBE00003A53C3D08F0393D7953663DCB0CDE3D45
:10DBF000B1B6463DA3331BBCCD5C313ECF5C9C3DF2
:10DC00008442BCBD4D29A0BD1A528B3DF1F00F3CA2
:10DC100070D68A3D2587423D5F9E0FBC6712A73DA7
:10DC2000C15000BD6ABED6BD531F723C78A7063EE8
:10DC30007E2B053DE63BB6BC3F953F3CA3DD88BC53
:10DC40004F30DBBDD3605EBD1D0C623DB5120DBE15
:10DC5000284D46BD931A7F3DE035963DA4218A3D6F
:10DC6000B886F6BDE66EDF3D569A8E3D1AC9273E50
:10DC7000FB3782BC7C049B3D58D369BE75CE353ED4
:10DC8000D22543BD75A31CBE7A7C383DF8AE573D06
:10DC90006F9DF73C213E853D1391C13DC11001BDF3
:10DCA0007D498A3852B7F33CE7F2A4BD8CAAE1BCA7
:10DCB00024293FBE0FBEEFBCB15A2ABD2CE2DFBD06
:10DCC000B2F0FA3DADD8DABCDFACBFBDF94DECBC6B
:10DCD000E9A5D3BDCFCD81BC2BC799BD1228133D7B
:10DCE0003A2F4CBE330382BE11889ABC701983BD93
:10DCF000C649DABD758978BD23802B3E88BAB3BD8D
:10DD00003DFA1F3E0908AD3DFB4D023E088E17BD92
:10DD1000513C8ABB876D35BCC4C9853D2411C33DC8
:10DD2000B69F333E997E4F3D6940E93D5610B63D62
:10DD3000B56559BA2F63AD3DBC7F7D3D59D3F4BD68
:10DD4000FD3949BC1D8E68BB5751B1BD159D72BDD3
:10DD5000DC3B903D190C8BBD502131BE205E6D3CEB
:10DD600092BB1B3E32CD05BE788B003DD5165EBC06
:10DD7000DC83503E7801F63A6F05C83D8D54DEBD18
:10DD8000CB1DC8BD1F97C4BD88973C3E04240E3CE4
:10DD90007F5BCE3D7680D63C7D6FE2BD51B00A3EC2
:10DDA000B6AE633DCDC462BD0B4F863EF91EE4BDE9
:10DDB000FEDBE2BD95A71DBE8610B13D2AA108BEBF
:10DDC0009FDF86BE95436A3D72FF68BCC146E03D59
:10DDD0001C1F99BCE92319BE970B813DA2ECC5BD60
:10DDE0002FDE84BD4F950D3D4138D33D019053BD8D
:10DDF000CCB2E4BB1D3661BDCAF83D3EAE02C83DA3
:10DE0000B33B993D09ED703D55533FBEFE34D2BD45
:10DE1000F98AE43D9D4A063ED7A608BD6E2BB63D65
:10DE200022F1DCBB947A593D0D113CBD7F78373C23
:10DE300091948A3D04285C3D6D6606BE281BD1BDC9
:10DE400000F21E3C3C0B52BD5B79DF3DFC2033BE33
:10DE500064CA3B3DE38EEA3C82767F3CEBC86ABDF8
:10DE60000A2006BE1BE6E43B6F2C223D19A2123CA1
:10DE70005E1DE2BB17F0F63B78BFB63C4840C4BC21
:10DE80007B49183ECEB00BBE8468E0BDA7B0C13C54
:10DE9000D32EC0BD6BF7AB3C26B72DBDB8639F3DFD
:10DEA00083111E3E6417453DFA99E93D652B39BE45
:10DEB000C957603D95C49A3C4E80B5BDCA0307BEA4
:10DEC0009D2C06BE6A54923C1359E5BD0DCCD2BDC3
:10DED000888ECB3B619D09BC3796453DDD1593BCD3
:10DEE0006D052B3C05F63F3D006FCBBDE5BF323DD8
:10DEF000B803A13D4F0BEF3C7B07393D5743A1BD14
:10DF0000BC8FCABD4E1945BCD59BF9BD799104BEE5
:10DF1000D6601F3CED97003E668FDCBD0C541F3D64
:10DF2000D9B085BD00515BBDBF94273C45AF9F3D37
:10DF3000C0E2133E8ACFFFBD195105BE569ADE3DA1
:10DF4000F836893C4D26FB3CDAD2083E1BD9BDBCD5
:10DF50007416783DD6E5153E7E70C83D8E0FD3BD54
:10DF60009C6ECD3DD2FA883D67CD4E3DEA7F643D43
:10DF7000728EF0BCBAABA8BD730AD2BCEDF512BE6E
:10DF8000E1C5C03CF8B92CBD894BB7BD38E56F3D44
:10DF90006388783D578DFA3D41D2143DF9D736BD9F
:10DFA000D8102B3D3F50B73B524433BE6AB6343D88
:10DFB00096E0A63D0488EFBDCF95BE3DCC148EBC47
:10DFC00067C0933D02D24BBE27A3013E89A5CD3D3C
:10DFD0000E17843D3B264BBAA8EB81BD9200E1BDF4
:10DFE000B085603DECFFFDBDE2D9203B854FDCBC38
:10DFF000B31480BD448F02BD3ED08C3BBE1F7BBEA0
:10E00000ADC3B53D6691383DF301B63BE91EA1BCF9
:10E010009AF9433B36340D3EA0ED06BED43B32BCEC
:10E020004DF296BC43B520BE6C2835BDD3F7BB3B43
:10E03000FF5561BDD58ACF3D59CCB03C23563D3DFF
:10E04000FF5A203DE16D603D3C877ABD2B549D3DDC
:10E0500086FC8FBD7A9315BE2E8E98BC777C89BCCA
:10E0600030BD5B3D1A6449BDE15DC63CADB9B03D14
:10E070000B3241BC968398BDD55E693E70DEAE3DE5
:10E0800029BF8DBD8620063E6B2136BD4EC504BD21
:10E09000BC8E8BBC365332BE1F16AA3DE1413CBE3E
:10E0A000D57629BD19232DBEFDAB303C0235013C90
:10E0B000F6EDCF3DB6FB9ABD7C49AE3D75DFAC3D7C
:10E0C0002E76FCBD5C468F3DCEDF5E3D57B111BE66
:10E0D000B13E013C77478EBE2CDF313D6691843DD9
:10E0E000DC55F83C4A61E03C4FD4AB3D431CE6BCF8
:10E0F000849889BD2C7EC03DCCE3C53CE1BDC1BD4B
:10E100008B4C283E7B141B3E0D261F3DBCC1D43DCD
:10E1100002B5153DF32160BD39F156BD1C3D86BDEC
:10E12000008E543DA45F003D3304BB3D7C9CB8BDD4
:10E1300070FC923DF6CE6C3D24CAC33D88891CBD5F
:10E14000F23C9F3D47D76A3DA904C2BD1593B83B39
:10E15000F645DEBCF701B3BDB2D782BDBD86A93C92
:10E160007F6C593C8CADE8BD95931DBE1AC4393DFA
:10E170006B01BBBD50488E3DE4592C3D8E63ACBC59
:10E18000E22A8BBD2A84AD3C83B9913D117B95BDBC
:10E19000CCA6043AC9134E3DBE697F3CEE85843D52
:10E1A0007424753B5F73403D3FCE10BD5CFBA83CC3
:10E1B0008C59113D1958E73C34C83D3D1C8AB6BC0A
:10E1C000E91EA9BD1F64603ED906A73C20FBD23DD5
:10E1D000CEB198BDB16FEB3C2D4E653D4AEE15BDFD
:10E1E000B509EB3D5A875C3C8608BB3A3F5CE13C95
:10E1F000465AE53DCC388B3DEEA4373DE4C31D3E89
:10E20000155B69BD2B6A87BEB06E56BD32B310BEBA
:10E2100099B2E7BDF74C433E64F798BD39922FBBE6
:10E22000C5F53BBDD48FED3D40F79C3D9C410BBDFA
:10E230003A3499BDAE1616BE3FB577BD3A40063D9D
:10E24000174A9BBD5514CBBD24581E3D75083B3C59
:10E25000DDE023BB8A9031BBFB4928B9607D8CBDD2
:10E26000666CA73C48FFDF3DDB938D3D663549BDBD
:10E270000C552EBD1A8B97BD3464AA3DE7E306BE4C
:10E28000E05F64BD9ED6843DBF855FBDABC396BDD8
:10E29000BAB483BD67F967BDF9B646BDD6F4203E72
:10E2A0007DD332BC12B58B3D3E36E2BD601E833B52
:10E2B000AD7EB2BCF6EDEFBC407EDE3D652AF4BD1E
:10E2C000636380BCA420B33D0B6FA6BD524F103ECC
:10E2D0003606E83CF30B31BC9ECB653D32BC0E3DAF
:10E2E0004248EC3C11716BBB12EA41BC50798CBDC9
:10E2F000010C12BD365E95BDBDADBFBD3E9C923DCD
:10E3000036881A3D67BA373D21089BBC6E631C3EB8
:10E3100005260EBD18C4EE3805070B3D2455BEBDBD
:10E320004D4F12BD0623ACBD148D973CF762ADBCBA
:10E3300094D5853C9CDC7CBD165BBFBDFEDA973C6A
:10E34000D6206F3D72A918BDDA27F73D2F4C44BB8C
:10E35000945A04BD64D0D63BCEB3C2BD436C9A3D43
:10E3600091A2EF3DC8E6323D31E767BC0DE23D3D8D
:10E37000FEB5493B7844F13DBE8109BEDB2DFA3D37
:10E38000149A583DA5BF0FBE87BC0FBD4756483DE8
:10E39000803E4FBE1356923DE091CFBC746828BDBD
:10E3A0001A370C3EE9CD06BE1C172ABCA34EA3BCEF
:10E3B0005B348B3AC968C03C6BD3203B58618E3BC1
:10E3C000979DDD3DA82D433EACD1B53B7AB57A3D56
:10E3D00046DD0F3E5DAFFF3DD88018BE3C546D3D1D
:10E3E0004141533DD74044BC4611A5BD5AEB043EC4
:10E3F000D3C944BE8421563DFF16973D1E6C79BC9F
:10E40000EB7E833D21AC193D68F836BD3E8DEB3D7A
:10E41000B5F2483EC01474BEC3AB1EBDF58EDA3AE9
:10E42000FFD5FBBDD4F610BCB3DC93BCC544D7BC50
:10E43000D259713DFA6D3A3EAA8B293CA610F83CA0
:10E440001443633D186A19BEF96BDCBA32761CBD01
:10E45000E1E80C3B8757EBBD0568FBBD9A6E013DBB
:10E4600077A2783C67A2833D2A6DFE3D43D8A6BDC6
:10E47000A526113DE38C713D77F5AABE16742DBC1F
:10E480000A47823DA63A77BD80C299BDE52CDBBD27
:10E4900025EE673CBA932A3DE5D801BE2B1C833D8F
:10E4A0000E98F7BBC1EABE3D53CC4B3EDEFC8CBDA3
:10E4B0009CACB03CD0C0DABC8719393E3CF8BF3DBB
:10E4C000992846BD242D9EBDABC053BE4EB6593DC6
:10E4D000F06C833D961477BD6564463E0D12A33DF6
:10E4E00098A1E83D4954353D43698E3D6601DE3DC6
:10E4F000948EAFBC913C313DCAEED8BD4EB18FBDBC
:10E5000023C427BD70F994BD36AE79BDDB0349BD88
:10E510006DAE2F3E4F01AEBD2E6DD9BC628C1DBEBF
:10E520005E9AD43CFA3300BB7BFC2EBEC53B0CBECE
:10E530000272973D79C285BDEBCBBE3D25A5B0BD2E
:10E540005E1DC5BB7BC954BCBF31313D111DC5BB70
:10E55000C217C7BCC9D7D33CD942A33D392ABD3D58
:10E56000FA62823D344D733C590E103EF7C0683D4F
:10E57000892B47BED22D163D741526BE3E1007BD11
:10E58000E3BF09BE71CF40BE6FF5123E03900FBED0
:10E590007B529CBD87DC42BDC271C63BFD85F7BC8A
:10E5A000BE26003E70F6A33D12A150BE953C083D2C
:10E5B0007611EF3DE5C879BC9523C4BD7A718B3CDB
:10E5C0003CDA5DBE03AEEB3C071C363D5171BABC74
:10E5D000819DE63C5DAA81BD046697BD1A9B083DFE
:10E5E000173EC43D1083F03C61E2B9BD6CE70FBE3D
:10E5F0008FC562BDCED0ACBDBDFF1BBDBEE38DBD22
:10E600001027E7BDE595B03C99F9653DEE54303DE6
:10E61000D9600BBE6DCDF13CFF5A303DDDB687BDF4
:10E62000756627BDADD1A5BC1B210A3EF7D5BEBC82
:10E6300078A8523D643BC5BD2E9311BDC7F9A83CD7
:10E6400045A8CF3BA513BF3D717755BDEF28953B3E
:10E65000D798533D3545713D2790BD3DACFD10BE6B
:10E660009355CE3DE8EE65BD941A8ABCFA6EA73D7F
:10E670004A3E11BE1058483D98E8E83C6ADCAFBB02
:10E6800081BA52BDC51538BD05F768BD584370BC89
:10E69000DE3D0ABE6B6EE33C58993FBEC5713CBE81
:10E6A00080C5FDBBD07AD23DB6A386BB57369F3D11
:10E6B000809B13BE4AAE28BC06E606BD48330EBD9D
:10E6C00041DFE4BD0CE7133E36F17EBDF1E0323DA3
:10E6D0005C09323DD0921EBED63D0BBDAB52FDBD96
:10E6E0008B5F6DBEBE7421BD616334BE3E8F4ABD7B
:10E6F00030C79FBD9CBCDC3B4629263D7D6C89BD57
:10E700004ACC7CBD9C98123D77140EBD65778FBCBA
:10E710006D5414BBD3C8223E345943BD7EAD893DF0
:10E72000D1F2C43D19E6503E8707EEBC2FD4873D99
:10E730003998823DAB371CBDA46186BCFDA7373E2E
:10E7400076EA18BE107783BDE69B143CEC819FBD32
:10E75000684A4ABEDBB9A23DF56284BD5D29CB3C67
:10E76000C7E1163EAA9A003D835BF33D3554113D47
:10E77000A120D03C95E5CFBDAC818DBC853A223C33
:10E7800097EA5D3D6CD13ABB3D2A1D3E26B3E9BDFB
:10E790007D569B3D0524EBBDEC3C09BE2D26613D1D
:10E7A0004E57E63DBCB72DBDB796283E060B84BD3F
:10E7B000CC9E4ABEEAE4C33D4FE57B3BE0AB2B3E3B
:10E7C00057A8DCBDE9AAAF3D7B4B313EAD4D2CBD1A
:10E7D000522BCABD606692BDAAE2553C6E79333DAC
:10E7E000DD8D6DBDE64F82BE6C6945BD189318BDC9
:10E7F00012BC803DB1A98BBC36BD9B3C8A12F73B55
:10E800003DBF983DFFF9CB3D57BFD43CF7BA2ABC7A
:10E810003056B7BDFF2B43BD2251DABDC6DE893B62
:10E820009F28BA3D0BCD69BC87691A3EE4BC183DF0
:10E830009F7740BD5139853C641D8DBD6EDB02BEA6
:10E8400046C175BE73D780BC78BA5DBDD40B72BAB1
:10E850003723163C8945B53D2CA2773D469F113D97
:10E860000629CD3D9277253CC1528A3D2785E03D62
:10E87000E2EF263CD1AF9A3D492A6FBDDB36EBBDB6
:10E880008B07EFBD0A9535BE090ABA3DF2742CBD5F
:10E8900043A120BD56DFF5BD11BDAF3DAD56163EBF
:10E8A00050FA8EBC2650B43C3AA297BB3F43813D00
:10E8B00019BAE8BCACF4A93DCF025ABAF3A2263D7E
:10E8C000D4C76E3D6351F4BDFAC32C3BE35B48BD36
:10E8D00031DA733C94952F3D92201CBEAE5AE83D30
:10E8E000C8257EBD78D1B43D7906AD3DA244F03D4A
:10E8F0009A6B883C1DA2DD3C847E56BDB0BA6F3D4C
:10E900004C9DC63DBB468A3CA1BD10BE8CDBBCBB4A
:10E9100066926DBA2C3310BCD289773DC49A963D6D
:10E92000B08C89BD78D0A5BD98FEBB3BD0FE60BD44
:10E93000895A203D1903E33DF577A4BD062486BD21
:10E94000F77204BDC091403D7423B73DD477973D25
:10E95000EE3AEA3DDF770EBEAF2499BDBD03D83D48
:10E96000ED91233CC1B2033E81DEDF3DD88CAE3C4D
:10E970003A858CBC5B84CE3D579D6A3DF8008F3C48
:10E980007FF355BDF36658BD2C50CAB88BEEC83B1B
:10E990000FAEDCBDB5ABE53DB6DE5BBC3AAC0BBE45
:10E9A000DA00493D35F134BD7C0A0DBE0347B33D65
:10E9B000864721BD0697223DF8B1343DDDD08DBD9F
:10E9C00058E04FBD963F37BDEC183DBDBB4B313EC7
:10E9D00088F96C3D67B6813B4DAC7D3DB9FE113D7C
:10E9E000B733FC3D328586BCF698A23D4DA9AC3DBF
:10E9F000A08B133C0B05913DEF0DA7BC324F62BDC0
:10EA0000BD731DBD7A0936BD1EF56FBC8F6743BD52
:10EA10002F4C253D52FFCABD2225C8BD7DB404BD83
:10EA20004EDF41BDFF0E0BBDA43DE3BDEA921EBC0F
:10EA3000B6A3DDBDBFCFA83D09FDA4BCDEFCCCBDA7
:10EA4000A6A9F33D2066463DBB04E43CA078BABDD0
:10EA5000733A9F3D4C2C27BD46F2A53DACD1B63D47
:10EA600073CDA5BD8295943D6DCF91B8F5BB453C66
:10EA700079BFE23D8FA8F73C52B179BEF642A53D81
:10EA8000EFE95E3D7369523DA4FDD13D398FD1BCA4
:10EA90007466123D0B67C4BDB6B1933C9E04563DEF
:10EAA000A0F11F3D8318223C30E8173C69A3103DBC
:10EAB00024CBF2BDCCAE1EBD851A0D3EEB32ADBBF4
:10EAC0000C3D613C81A0CABCB57356BDA344433C18
:10EAD000BF04A63CB939CA3D88B7183EE84E1A3D76
:10EAE000667B23BDF2674F3CA6DAB43C959DE9BD39
:10EAF00041E5D13CD30F89BBBFD0583D0E86FD3DCB
:10EB0000FC60083DAB40DA3D415D673E0F4DDE3DA8
:10EB1000BC29173E70AF8BBCD53941BDC06199BDD2
:10EB2000D752073E005724BC18BE983D582E3B3D97
:10EB30006591C4BC1D97A93D8BADB43DE175FFBD8A
:10EB40005104A0BC1A47C7BC40800DBE62BD3F3C0B
:10EB50002FEB80BD964529BDC286483D49363B3ED8
:10EB6000F509FA3BB20B0CBE9F9750BBC23A02BEEE
:10EB70001CEC1FBD6B268E3DFC49933DBD78DCBC73
:10EB8000E8CC003DC4F7D63D6AD0CABD293E9ABD47
:10EB900000DBBFBD90076ABBD036983C395C41BEF4
:10EBA000B5CB433DFF82FB3D0830233EE91BFF3CD4
:10EBB0007C0781BD2DA2E43BE1CB623B21D740BE67
:10EBC000598C19BE5F30BD3D005B19BED8864ABE68
:10EBD00043EF83BD23FAA0BDB38ACF3DAEE8803DAD
:10EBE000CD9146BD8AA1023E961341BD9F62DDBD17
:10EBF00072C1A33D80A807BDC7A9493CAC08743EBB
:10EC000094D64ABE671899BD6CD5A4BC55C0D7BD73
:10EC10006B5F86BCEF0B35BDC3CB01BD7284F1BD0C
:10EC2000E2E83D3E61A53A3D54363EBC9C29D0BD4C
:10EC3000B96F97BC9A20B0BDEFBB6D3D58D045BCB5
:10EC40004169DABC217671BD0C51EEBC7603FDBC86
:10EC5000737F79BD6FE9DF3B3316903D13C4913D5F
:10EC60000B349B3C296607BE8EECB1BD4E820FBDB6
:10EC7000EDF13ABD169D16BE6CD272BD01CD1DBE22
:10EC80000F2043BBA105193E79D71FBDE0E542BC6B
:10EC9000BA7BE6BD712FDC3D3F0119BEFC51AC3E95
:10ECA000C9A7D93DCACF043EDF39AEBD7A9FFCBCAF
:10ECB0005E942FBE6D2F92BC665F2CBCB8DF18BD72
:10ECC00099C5703DB00FDFBD8610AB3C5307103EB9
:10ECD000FF6D233EA646AD3D1E2747BECE09ABBD08
:10ECE0009E2398BC76DD8FBD63C1D2BD971B143EB9
:10ECF00022F98CBDB0012B3E834F353E8A70A5BDF5
:10ED00003884D63D79C9F13DEBB4FC3D7B9F983CFE
:10ED100060B9873D7BC74B3EA00C19BE3BA9123E94
:10ED20002BA1673EDFCB1EBDA22B0D3EF5E7CCBD70
:10ED30003DBD02BC0520073EB03C37BC958371BE8B
:10ED400048CD9FBCC95EF0BDFDEED33C4A948EBE5B
:10ED500079AD1D3D04CE5BBDA2FC323D2E5A643D13
:10ED60001D9E2EBE5FBF3BBD76A0173ED2EC4CBBB6
:10ED70004E94F3BC4DF5FE3D881D773C60760BBD8F
:10ED8000D409323E31F4A83DF1B2CEBCBE2B34BD25
:10ED90008CEB10BE45BFC33CC2CD553D5EAEA23D1F
:10EDA0002223923D4810303ED40DA9BD51802D3C08
:10EDB00097E2143E6E46AB3D82D20C3E4971BFBD18
:10EDC000E5B035BE5F12E43C45E7A63C97C3FA3C8C
:10EDD000A95D8E3DE221E1BDF80D863DF8D700BE6C
:10EDE00065063EBEB0FF993CCCE9BE3DD77280BD02
:10EDF0003C37213E412AE9BCAAA8A1BD3D0CE33D18
:10EE00003A4B0BBE0909C53D359191BEE6AE6ABDD0
:10EE10000255BA3DE5DF92BDB6E1EDBD48A2B13D78
:10EE20009F83EC3D9FE5E83D8C22C83D621808BEFB
:10EE3000369BFBBDF83C3BBCDB4104BE1FFB953C55
:10EE400013149F3D32F5583DB0AB343D64A3293EC9
:10EE5000107EC83D752FE4BCE21D8F3DF056D13CBD
:10EE60005C5AB0BB192E833C5CCC91BDA505813C9E
:10EE70001D6501BE3DEBDFBD31CC21BDA79D40BD71
:10EE8000741A32BE9204BE3C2A5804BE58B52B3CBC
:10EE9000296A833C1956D5BD8F9013BDEDB4A53DAD
:10EEA000FFE24F3EA893133ED71A623BBD6270BD8E
:10EEB000F45FFEBD27429F3C1C97903B8AEBEABD66
:10EEC000A2857C3DCB568D3DEB789C3EF52FBE3D1B
:10EED0001A542B3EEEB61E3CECD5B9BDFD07803D65
:10EEE00013B20F3E21B622BE5AA48DBECAE3233B05
:10EEF000892F8ABD8228F13D93A3003EE3739ABD1A
:10EF0000D656A4BE132A65BD5238D53D25490E3DBF
:10EF1000A7EA1D3EDAB9043DB30F5ABE4C7F693DE6
:10EF20006E6B0EBE7FBC86BD828E0CBEF0C84B3DA4
:10EF30004EE9383DC7E6C8BDB585D0BD2A3CDA3DAF
:10EF4000FB6FA23D537EA4BDFB8F333E4DE4073CD7
:10EF5000C213ABBEEE7722BDDFA26F3EFA861D3B29
:10EF6000652A92BB2E60173D2DB735BDC78CBEBC40
:10EF700001C2D23DAB64B4BD9AB108BE8C86893D56
:10EF80004750E13DE7FD13BEFEC30DBE2BAFDDBD17
:10EF9000A5E511BD6D3D93BD75CE15BE4DAFCF3C02
:10EFA0002D8CD1BC421A813D063E98BD531E4A3D70
:10EFB0002534683B3207CD3D19A230BE7F358EBD6A
:10EFC0004E8E0D3C40AC2FBB4F80EE3CBA36DFBCC2
:10EFD000DFF04DBD3FB8903D50FE6EBDBDCBECBCEB
:10EFE000ADA445BEA1AC22BEB07B5A3D4DF888BD54
:10EFF000175D0D3EBB09A2BD8270EBBCFA314ABD64
:10F0000068DF03BE8312F0BB8B01DC3DBAD3A2BD27
:10F010001C7B4ABE57B1F43B38E94EBE0063BEBC10
:10F020008450933D3E4EB8BDDBD4BD3D852C793D2B
:10F03000841CA93D481A95BC5486BABD37AE1BBD89
:10F0400017953FBEF7CC183D7D6290BDD2A3A33D7E
:10F05000304F35BE6F081D3E560BE93DB1FC9D3C5F
:10F060007F7B88BD66194EBEADED70BEE618E6BD6D
:10F070004D6B16BE6EB0AA3BEAE3943CEF4BD1BD9C
:10F08000823173BD78805D3CFCAC6C3CDF6AFC3D3A
:10F09000045393BDC7DE8FBCE2EC12BE9AD16D3E25
:10F0A000F07260BD315F9CBDC325C6BC6952073E8E
:10F0B0004992E2BDF1E6D83C4BB340BDAFD73B3EF1
:10F0C000C441D5BB89E9B33D217A82BDABFC0BBD00
:10F0D0004B6955BDD0F4D1BD4933B4BD54B41A3DCC
:10F0E0006A86123DA193F63AB94D3CBD0492403D6B
:10F0F000B8835ABDE9EFA5BD9BDDB3BD382AD1BCAD
:10F100003B9BF2BDA74D10BEE98D03BE70CDF63C12
:10F110000332FABD06D9BEBDDC8A58BC96C9FEBD15
:10F120008D130CBD2DF573BDB7260ABD203E0B3DDA
:10F130003D2F70BDB4B274BD73D3063DB5D44DBD83
:10F1400042AE3C3D9425CDBCE07CD1BD877D003EE8
:10F15000CAF64C3DE3D389BC7D01B5BCFC15D53D59
:10F160009B86FDBD5B5820BE128C193CE8E93BBD77
:10F170009726A03D7EB8FBBDF2D9573D36CF7CBD6A
:10F180005BE7C93CB629A2BDE94CA9BC66298DBD87
:10F19000F1DB663DA0EA753D6DBA2D3DF58E97BD5C
:10F1A000C71D6A3DCF3E293C0C7839BE524F213EE7
:10F1B000A0CC863D1195F7BDF24E30BEB243473C20
:10F1C000804E8DBDDB0187BDCCD062BD58DA0E3ECE
:10F1D000235AC83C0EE4353C44E703BED81AA3BD0D
:10F1E000C937F7BCCE3FA33D40103B3D40D3AEBD39
:10F1F000EE8F153EF12DBEBCBB7158BDF59E32BEE3
:10F20000B2564E3D08F2C53D25A3603D965C44BD17
:10F21000EDC834BEBFE683BD3F2C003D2B2918BD91
:10F220003D1123BDCC9CA4BD45C5843C07C5C6BCCF
:10F23000F7C5BFBD9B7AC03D6E41C0BCFBE51FBD9D
:10F24000054A0BBD047B05BE71A995BD30EE913D0D
:10F2500046A4D3BCCD60E8BD8679CABD9441443D87
:10F26000CA53C43D2A2B33BD21A385BD822EF7BDD1
:10F27000CE4F0E3CE286D0BC77C156BDBF4FDBBD42
:10F280009B8D0CBE2515BF3C27CE07BD5C46EDBD52
:10F29000366C1D3D9277623D91040EBD9FF071BDAD
:10F2A00040B4E9BD332F203D8D37CCBDD98D3B3DDA
:10F2B0004536323DDB48DF3DFE8C5CBC644DE0BD35
:10F2C000796CC03D52F9D6BCA2C725B9A7E3A63DCB
:10F2D0008F1001BB7B41EDBDD85D79BD9A3F79BCF4
:10F2E000305A03BE195DCC3D1F14FB3BAAA5F93D66
:10F2F0006F6AAB3D616A37BD334E9DBD23A082BDB1
:10F30000C18F0BBE9654D33D4EBE2FBE20884D3DBF
:10F310005CC2843D9D2B973D7BE5ECBCC3D3CCBD4B
:10F32000EB230DBB0CD25F3D656272BCBA80CB3C57
:10F33000B5E95B3DBF251F3DA01DCABD2ACFBBBDA2
:10F340006DBEE2BBAC340B3EB470DC3D56A8AA3DAA
:10F350002F15B93C3546EEBDB14E8CBE699CB4BD8F
:10F3600003CF9E3D159C41BED258ED3D3273B1BDD9
:10F370000B397FBCAE682FBE0C6C813B88ECC5BDE1
:10F38000287619BB1730FE3D35F8BEBD845F403C82
:10F39000DCBC0E3E1F826ABD865437BD1C3EA1BD3B
:10F3A0007A9F213EFD5B863A84E5F5BDA86003BDEA
:10F3B0003D84DDBD0E942D3EFF6F95BDC7AF37BEBA
:10F3C000BC25E1BD492E3F3DE7E8FCBD2F2D0D3E9C
:10F3D00004E44DBE85CFFE3D8C33043E5A3440BD1F
:10F3E00034522B3E7C23C5BD3DC12F3DC389C73957
:10F3F000AA95123E9BC894BC9FD30E3D4C8D1DBE5A
:10F400008C5687BDF0BF3BBD0EBD653DE88759BE3C
:10F4100011260EBD4C6DFC3D2292ABBDA7D0ACBCFD
:10F420001E51B9BC56181FBE0A3C89BDFE9FD43A76
:10F43000B2E371BD7745723DE476E73CB838E4BD90
:10F4400015FD1CBED01109BEECBC51BD79236FBDAA
:10F45000940674BD911F18BD8CB3613D4FA8B33D98
:10F46000323494BD2611D1BD2CFDF7BCDC932B3D6D
:10F47000CD47E8BC46AFFABD6C7439BEC07F75BDE0
:10F48000C781A1BC7875C53D486A493E336181BEDC
:10F490001D7FC9BD8F9847BD589F95BDB24EE73DB2
:10F4A0003C11FB3CE5DDC7BDCE5F38BE9036F1BCFC
:10F4B0002B979CBDF178443E006499BDE56A30BC51
:10F4C0006131853D010A88BCF5D6C2BDA1A9F73DD1
:10F4D0001BF89F3D2289063ED8AC4ABE5D6EC2BD78
:10F4E000DCAD863DA7B5D83C10410DBD933A903DAB
:10F4F000BD0EF5BBC3E1943DF20E00BE51E1C7BDA8
:10F50000ED5D0BBE2CB9F2BC1EC9EB3A9F8FB5BCAA
:10F51000DE2928BC94FC80BC0DC0E0BD4A3FBCBDC8
:10F52000976A2EBE2A792BBDCA0099BD471DB03DF2
:10F53000BEF9863DD714903BF8A591BDA87F8CBC41
:10F5400092EB503DF9126A3D96239A3D3BEFA1BDE7
:10F55000649113BD14FBF1BC95BB313DC257A6BDF0
:10F560005F4B98BDD78D7DBD0BC459BDAB2601BD8A
:10F570004FB21E3E363A10BE875E5B3D85E6B93C13
:10F5800075D313BDD123BF3DD85D493DEC335ABB84
:10F590004DCEEC3BA120123EE6774F3DC8E8F13C52
:10F5A000F8582A3E2E69F43D0D2724BEAFBC943C8A
:10F5B000B614453E2D047EBD61DFAE3A0B4B8C3D4B
:10F5C00028CC2E3EF7DB9ABE5C12853D13214F3DC1
:10F5D000FDE414BE2B59C53D8958E23C5BC12D3D6D
:10F5E000BAF7763D7B2ED1BC5767143D27840E3E7B
:10F5F000ABB05ABC906FB9BD424DD5BD01F959BEF3
:10F60000B7FE693DB23489BECE3F2CBD311CAD3D45
:10F610007924043E316B00BDE4B316BD7829263E43
:10F6200005430B3EA1ACD4BC99FD9BBB103A043EF4
:10F63000B700473EF9C77C3D2D609F3CACFB183EB0
:10F64000B0B8883D71510D3B592F41BD3F13B53CBA
:10F65000BCF40CBD8C3FC83C9F8415BDC33E3D3DF2
:10F660003D77D2BCC42D243ECC8E20BD0FB4ACBDA2
:10F670007CA4963DBDA6003D87083DBA68AE503CCF
:10F680002A97753D66A7043EBD9379BC9A8C7E3D52
:10F690003829633D43DD6CBC71DF393DF790EABD2D
:10F6A00075384BBC5F8616BD0F95EC3D2C0C4FBDDD
:10F6B00016D0403CCB11903D731DB93C8ECA03BEA1
:10F6C000875D73BD85CE033D1AC40CBDABEF7FBC17
:10F6D000426CF8BC140555BE705FD03D77A2183E51
:10F6E00025866BBD5BB0BA3D35332ABD4066C63D4D
:10F6F0004E14613C9B1F7CBCF7605DBD6A93E6BC09
:10F70000EDB8CD3C8DEA633D4829503CAFA6C1BD64
:10F71000097E05BC01CE743C2653A8BD127B80BC7B
:10F720002E4E1DBCE88407BE942B4F3ED074283E5D
:10F73000770613BCB4A6323DD6AB07BDB95FE1BDB9
:10F740007CA268BCA4F42BBD062444BD785B52BDEA
:10F75000FBF0B4BD6BB2DABD6A4B113D44A5D23BA0
:10F76000A9D8FABDDC72123E0EE4F23C48D4B63D94
:10F77000D6A0C03DF06FFF3D1229133E18654E3DE7
:10F78000A1B0613C05B5E33C1F517A3CC5754DBD48
:10F79000E6ACE13C331B42BDF4AB863D15B63D3EC5
:10F7A0004F7E8DBC19A5043CCCEDA13C7DEA31BD5A
:10F7B000AA01CF3CB862A63C576034BDA1127B3D84
:10F7C0000F03323D474451BE0637B33D13A0E9BB9A
:10F7D00033454B3E7294673C67083F3E4F73C13DD3
:10F7E00065533F3D698052BB7033973BD56F533EA5
:10F7F0004F9866BD5DDAF2BC2FEA863D57F2823C37
:10F80000ACA66A3CBAA11D3E0DDCF7BC6472353B68
:10F81000704524BE10C05ABD6E63D43CBD8FBD3D43
:10F8200065783239C9C2723E6681AA3DAD304A3D23
:10F830003C739B3D12ABD7BB76A3643D819C083ED5
:10F840005C589C3DADD4813E2868893D62E6153EFA
:10F850006B0216BD26B5BBBD53CF00BECF072D3EF4
:10F860004800D33DF92E86BE143CA13C8B1C173EAC
:10F8700018EA29BD50565A3EBEBBEFBCCB428C3D68
:10F88000A939F9BD04779FBD7693863D71D2623E5A
:10F890000D859FBB825356BC389B083E6A3383BCA0
:10F8A000F5127B3C36CAE8BDF984003E7CFCFDBD08
:10F8B00095447C3EAA2024BD37E7ADBD1C9682BD91
:10F8C0006CBFE53D31CE1D3E9DFE1D3E9B7D9FBC28
:10F8D00070851FBDDBC70F3CB9F5D73DB2C294BDE3
:10F8E0006F56A6BD6EEDCE3CA6D315BD88220BBECD
:10F8F0008B9F46BC07E7893DAA7742BDEF417F3D1C
:10F900008A9D553CC9AE2EBDCC0AC13D0C7AB53D91
:10F9100012B0E7BD5B2CF7BD5F3B09BEBEC1953D94
:10F920009D932FBD1C748FBCEC9001BE4AC1603CFE
:10F93000BD6D8EBD79B2C7BD33C6DBBB7242FFBBA6
:10F94000487DE6BC7C0297BD7889D0BCB59609BEDF
:10F9500097A32FBE14CEBDBD3380213BA8E399BD34
:10F9600029A0CF3DD85F3E3BE89FD0BDE99E01BDB9
:10F97000818349BEE76AD8BD46B4F8BDBBED35BD4D
:10F98000CF6E3BBEB8791CBD4E7508BD14DF4FBEAF
:10F99000E84E753E6B3A5FBEF79C22BEE49E3DBECC
:10F9A00067450FBE632030BC7FE346BBC9658EBE92
:10F9B000CF5FE7BCC0C65A3E9D57DF3DCDAB8FBC85
:10F9C00063F516BE6C1B393E4C387FBE6B43D3BD0E
:10F9D00055CA51BEB9A06ABD78D7493D9C8ADE3D63
:10F9E000F06CEBBD7659993C9DA854BE1F7CA4BD1C
:10F9F000360937BD4CEF43BE225A33BDC48A13BD0E
:10FA0000935954BEA53CA63D0C6EFE3CACD66EBDD3
:10FA10002AEFA53D0031853E35F68FBD1E115FBE34
:10FA2000D89EEEBDF2085FBE8FE1B7BD309BD9BC5A
:10FA30005B8CAFBDD05E91BDF71980BD839D11BEBB
:10FA40009DFC2CBC65FE323E235AF0BC0097BA3DAB
:10FA5000BAD748BDC89AC2BD1131183E32EDC7BDF4
:10FA6000351387BD29F0F03DCA979C3DF5B7273E79
:10FA7000093133BED57366BE9670483D3C1F1CBC31
:10FA8000727B1E3E0D488EBD1A96A53DC946F73DB8
:10FA90005907153E74F585BDDB50A53D8A5B583D81
:10FAA000103463BDA223D3BC86BB293BB928AE3D2D
:10FAB00040345ABEF29DDB3D0113043E0A5503BD9E
:10FAC000925BFABD1C2868BDFE598E3DE2DAD7BDB7
:10FAD0000044A3BC09313BBE001D673DA791EDBDAD
:10FAE00086BBA9BD3FCF2DBE4B26FE3DCC70343C1E
:10FAF00048AD3CBEC270C8BD69C6183EB7DAC8BDC5
:10FB00003B1BD53D831937BE570BF63D2E595D3D46
:10FB1000BDC7133EAE7C7C3D925E3ABE42530A3D69
:10FB20005E04383EEE8BB33D893655BC1AEB203D62
:10FB30000215603BE459363C90580F3CB245DDBDA0
:10FB400026E7E43CED277CBDE329B8BDB87B06BEC3
:10FB5000FCB151BE3158933DAB81F8BDB92A2C3E62
:10FB600048D5F23D4636C1BD6BAA393EB44320BCF0
:10FB7000677D30BE3349053DCC1EF53CA773A8BC5C
:10FB8000A884A6BD7170F73D0A62AA3E32F537BE61
:10FB90006B766C3E1D62DA3D9804EDBDBE0180BD02
:10FBA000E04A613B5791973DB5CAD23D1FC3143D12
:10FBB0007A2C28BC5062CA3C933F103E733FD2BDA2
:10FBC0000E9D953C2DE168BC52B39A3D2D630A3ED3
:10FBD0000B4946BDED6E1EBE9FC6613E32224EBE33
:10FBE000F79D74BE8702B8BD4EE4033C2D528CBD18
:10FBF0009C45043E84BF5A3DC453C7BD9BC0E0BC76
:10FC0000AA023A3D9E4B763D77A101BE4D168A3D34
:10FC1000FE9D813E85FEDCBDC868293D97A3603E00
:10FC2000EC5A5A3DA4FD9BBD5109263D12F2B3BCCE
:10FC3000D4E4D03CD7C7333E0E8C9EBD5182023EE9
:10FC400005B0A93D85D7473D60CF313ED907473D37
:10FC5000B30C2B3DA377513E46D0573E2226E23DC2
:10FC600082FD783C0D2429BE9008633D546EB1BDE1
:10FC7000B63C88BCAB2007BE2C2E31BD3E08FEBC76
:10FC80006D521F3DCE12233E6E23763C231BBC3D9E
:10FC9000B04BC03D5C1802BEDB2364BCF362BB3DCD
:10FCA000CDE8853ED615E7BDC7CCE93DB94D6C3CE6
:10FCB000B2CB9B3D1C9D4BBC86CDFBBD4D4C7FBD4F
:10FCC0008A89F33D8E704EBE77EFFCBCE6370A3E64
:10FCD0007827CD3DA7B936BD2EE8CB3DE0CF113D0D
:10FCE000CAFFE53CBBB7393BEA7B41BED63374BDA6
:10FCF0005FF3183E73C88F3C3D2FBBBC7A66C9BD0D
:10FD0000FFDDC3BD7521FE3CAE2053BD19AC57BC11
:10FD1000A29AD3BD5C01AB3D2FFD8C3DBEDF0F3DF4
:10FD2000D3295BBD3FA59E3CF1002C3DF38330BD44
:10FD3000A7C5BE3D16FA44BD14B7ABBD9E68883C4E
:10FD40004A8DA23D74E1353D266196BDE3F10C3D3F
:10FD5000F163DBBDA02105BEA0D07B3CD2EC0ABE86
:10FD600015B685BDACA5B73B2BD376BD8B7A86BDCA
:10FD700048F0403E67E1F43DD8D60BBD8A57253D9B
:10FD800019E3A7BD57AAF33CB68FFB3D272F243DAF
:10FD900015D4F83DC45162BD59310C3E0509A2BCD1
:10FDA0005DC9D93DB8F521BD3CD8703D5EAE1F3E62
:10FDB0007F2E03BE2A8D59BE8EA0683D52A729BD55
:10FDC0004B0AA5BC9FCD37BE37AEA63D5D01A33D16
:10FDD000D0A75D3D6673B63D9903E63D457422BDEF
:10FDE000BCDD08BCC0618A3D9A6D803C10EA843C51
:10FDF000E15C80BDBFD1D2BC0D085CBDADFC43BD94
:10FE000068E9F93C409E133CDD15B73DFC99D33DB4
:10FE10004605483DBEAB80BA4AEC1F3DD7DA763D79
:10FE20000002883D11444A3CF6692B3DB72F3C3D0A
:10FE3000462C353C994E143E6E9B36BD045729BD69
:10FE40007E3AF4BD4B1FB3BD7CA559BE4EB157BC25
:10FE5000F51A473DF49A173DF7F892BC780DA93C86
:10FE600065AE6ABD35DA52BB70FFC33D0DBA5ABCF0
:10FE7000BECD5A3CE67C8A3D23F3303E61E5F43D3D
:10FE8000E65092BD1DD956BD58BCBE3C75E50ABEB4
:10FE9000A4BE12BE0EA92FBD0F86813D037F03BEF7
:10FEA000CBEFD93DBE5560BD2CCF213DB366D53DCE
:10FEB00079E4EE3D763688BD8A35C5BC55CA823DAB
:10FEC000FEE15BBDBAFB143D1467A73DCC1F89BDA5
:10FED000D1D1D4BDCC75E7BD1488DA3D8DCA30BD13
:10FEE0003C021DBD703571BED65E0C3EB67335BE8C
:10FEF000445958BE8D4B2B3DE3ABE4BCB31B69BEEC
:10FF0000EBD15DBDC63BAA3C8771A93EA0EA163C79
:10FF1000B9BD573ECA7C9C3D983A79BD258FD4BD6A
:10FF2000C55D993C0DA3D83D536D8BBECEE503BE98
:10FF3000A83A24BEC28F7EBDFC6F023D081D803BE7
:10FF4000E7B6AFBC4E62CBBD20547F3E882A03BECD
:10FF50000A5ED93EDABE163D8D61C13D62C895BCD0
:10FF600040F5473E854C9A3E00A9603E25B88C3D41
:10FF700091F969BD4F5DC93DC81DCEBD2A15383DFB
:10FF800013B84F3EFFE1413E3D77CF3D7A1B65BD43
:10FF9000EA69103C9D7F9ABEA5020B3B4AA4F5BBC3
:10FFA000EC7232BEC95DA2BD163BBA3D318C2ABE91
:10FFB000A81FBA3D455EA43E5B4FDC3CED50943C2F
:10FFC000D2F4043E3D00A33D31C77DBE150D44BDB6
:10FFD00020E80CBE3E32F9BC50B2B3BD675503BE3B
:10FFE000BA110BBE814E3ABE39C5763D1B7DB93E76
:10FFF0000CB43CBE0B1F933D2CC8313EED440DBEEE
:020000040803EF
:1000000085F63FBDCA26E13D2BD7BDBC818AFEBC2B
:1000100049D5C53D013C19BDECD20C3E79BB1EBE95
:10002000B27BE3BDA9DCB0BDF0B9EFBDC92B4D3D3E
:1000300098EC9FBDC569403DD0307B3CDD86CABB96
:100040003DE3803E2967823ED05612BE2FDFEC3D55
:10005000787BB4BDE410D43E3F2D35BDDC890B3E2A
:10006000303CA3BEDE46F83D609F45BE3CCD70BE31
:100070005A8181BDE173E7BC5DF7A3BE029058BC15
:10008000A1CD1E3C64778F3D07E4D33E951F0C3D08
:10009000C25BD3BD0A5C87BDBE8E10BED87AEFBDF1
:1000A0002BA76C3D3DD1D23C44F7C33E6A55223E5E
:1000B000876B6EBD77EC543D23B7593DB573733EE6
:1000C000D7E69DBDFAA707BF1812B3BD0C460CBBFF
:1000D000564CE9BC1F33C3BC64FDA1BC163951BEEC
:1000E0009B063A3DE01B273AF76C8EBD73587D3C6A
:1000F000A6B1F73DE9E284BC777EE73C2DC36FBC37
:10010000E0FE7E3D38A98DBC7C4674BDB87954BEF6
:10011000EC3E0C3DBD230EBE9BB3AFBCC2EC73BD29
:1001200060CE0BBD454C0DBDAA997B3D2BD2163E32
:100130009CE19A3D091B923DDCF7B2BD5343C53D9E
:100140003838103D2A8914BDF271CF3D38F611BE02
:100150008703E73DDB3AE73CCCDD9D3CCBDD803CD3
:100160003F9DF9BD43091A3E5F0DB33E4A3E643CD4
:10017000F79B0FBEE3AE03BD940E33BECAC3D53C9E
:10018000DC60353D92DE1DBED316643D6752A23C55
:10019000B65330BD1610A83DDC7C9B3D81A6D9BD71
:1001A000B6B499BD45E692BD1878893D49D049BDA0
:1001B0007EE6263C8A9902BD34CA113EE4D2203E36
:1001C000E3EAA2BD1F4F30BE9B8D6E3D5E5491BDD4
:1001D000DCA6903E3A69F1BD406418BD72DA51BEAA
:1001E000856976BD099D053E4526D13CABCC65BEF3
:1001F00040BB65BD0D65DBBDA7D974BEBB9306BE14
:10020000FDD62E3C3747673EE86312BEE24409BE86
:10021000A4EFF9BDFB092ABD51DA25BE0B0EC13A88
:10022000CADC203E97E439BED6313EBDB60B58BD80
:10023000221AA33A1692DD3D83D6A3BC927426B847
:10024000472D423C9DDF18BDDC0C9F3DC3A9A63D58
:1002500000C1C1BD5FA31BBDC88D0E3E0C4A0DBDC4
:100260001E1F453E23DB3C3E3BDA703EB18911BD8B
:10027000A0F5DFBC24F133BD3D51033D8C818CBD25
:10028000DC161DBED64977BCAB7485BED917FD3DC3
:10029000F8CC173EDC01D63D5BD84BBD95C50BBCF9
:1002A000098F933DC97221BC2ECE36BE9D12823E6F
:1002B00081A78ABEF1C18EBDDAD12E3C082C3D3E0D
:1002C0003041D4BD59825A3E2A0482BDBFBB94BD81
:1002D000DDCAEABD8B057CBCED7BCFBDA290553E4F
:1002E0005CCDE63C4CFA2BBE5FE3A63D5F48933CF9
:1002F0007D2FD1BD428B11BD8462B9BD55651ABE3B
:1003000045B6EBBD60F8FCBD6838A43D75EC3E3EDB
:1003100065E5AE3BBE88823D03F6ECBDAD408B3D4E
:10032000D9AC59BC94C38FBC1F2319BDC6EDD0BD39
:10033000AE77AD3BFB4FB0BD6C832F3DE76BFB3D14
:100340004E25653EA0BA2BBD8373213DBDDFC9BDDF
:100350006610C13D803B1D3EFE9C9DBDBA43FABD6B
:10036000A48458BD34F4173E8F7921BD529F223D9D
:1003700020CDAC3D22B786BD7C12DFBD139307BEF6
:10038000D4B8323D1AF2FBBD3DC366BC7A0AE73DE4
:1003900012D9463C24C1B3BDA69367BC64C7933D44
:1003A000F2B10BBE6054C8BDFFEDEEBD97BF5BBDA3
:1003B000BD7495BD94D89ABB46E4F7BD7BC0E43DBF
:1003C000E6B56E3E05DC86BD5E3D83BD90CB25BEA9
:1003D000A7B041BE6F83263D73E897BD2EDE91BC6A
:1003E0001E2996BC432367BCCF25FB3D65766FBCB9
:1003F000BEC8DA3CBC414BBD5291A83DB980BABDE4
:100400001536EC3D2654083EEC00A5BD0BA8C73CB4
:1004100070CE33BDA3459F3E7CF1C33DBD50CABDE8
:100420005B0B5A3DA695D53DB809053E5B38B23DFC
:10043000E515F93BBD6A4BBEF4C4233C108A943DDC
:100440000AB3053D33271DBD5F644CBDE80263BAA6
:10045000BDA6153EEE27033C4E3BCF3C91702DBE12
:1004600061DC273E508C46BE0DC393BDC8C72A3EF3
:10047000988034BD5A4EF9BCA5CECC3D274792BDDD
:100480009412BABD46E6BDBDDACDB8BD3604D63C41
:100490007530AC3C827C0ABEC03C0C3E4BD278BE70
:1004A000614E5EBC90788BBD6BF9C73DBF41443D4A
:1004B000A463B33C137C893C3FD4E2BBEEFF35BE62
:1004C000F11299BEBE4A4FBD8D542E3D29CC91BE2E
:1004D0008745D0BDCEE14FBC8A0ECF3D1CDFE6BDC7
:1004E000B6D37F3DFC37F53C075D94BD013D1BBD98
:1004F000631CDBBD93B029BDBE3E81BD962A4BBDBA
:100500004DA6FDBDF1823DBEBA2F35BE0F26F5BD0D
:100510007C3429BE0065023DA87B74BB2B2A76BEC5
:10052000E5551B3E2985133D52F5D0BDCCF8D73D8E
:10053000B26F77BD3E699B3DD484B8BC62957F3E67
:10054000EBA0123D5378DFBBFB060F3E339BE73C2D
:10055000F61E733DE38D1D3CE17B9D3D6D1C33BB61
:1005600072932EBEFB8652BDA76E02BEBC65923D45
:10057000FB2D5CBDEC3390BDB13B88BE031A023D40
:10058000D3ADCFBD62E8883D23FFFD3DC2CF1ABD8C
:100590009959793D3CBD673E075DD2BD10C8703D9D
:1005A000C8E5C838550CCC3B805709BD42E4683CCF
:1005B0000567AF3D9562093D84472B3E12C1143E4D
:1005C000A5CF183D8BEB90BE600E513E2A9CD73CC8
:1005D000F77C133E7F9DC73D04D9B03C4F9A86BD42
:1005E0009B0F813E1F864FBD2EDA69BE8BD917BE89
:1005F000C9EFA53DB3AF7DBE47AB9FBEA9751FBE7A
:10060000471C88BD28DA34BD2500133D18007DBE87
:100610002404813C05420B3ED6BA293DA19143BD3D
:100620007395A93B320E833C4AFD96BB4C52383C35
:10063000A976993DF34D963D7918B7BD37D6CB3C99
:100640002F120E3D6C2C53BE35749C3C2B0A853DFD
:10065000514A3A3D3A0C4D3EA65408BE9A8F9C3BF7
:1006600097981D3E1E8919BE4A2684BC9E174E3E91
:10067000EFF8EDBC3FFD063E89FF27BE9624DC3D2A
:100680006639603B819C23BD2E8B23BED1E8843D1F
:100690009D3DAB3DF13E10BECDF689BCB137C73DA7
:1006A0002F41FA3CEFCDE3BDBFB12D3D97E5E63DCF
:1006B000330D1ABC4B93C9BDF6260A3D5F6007385F
:1006C00054C10BBE46D6DD3A7E1FB4BDCA97F43C7A
:1006D000DFF03D3E34EE4EBEDADF0F3E0687143EBD
:1006E0002282383E8CC3C33C384010BD21DDE13C42
:1006F000F8ED8B3CA0262BBDF25FC83B556F843CC8
:100700000105AE3D71F3DA3CED53CA3D7A48C3BDF5
:1007100097FEECBDB97F29BDEB9088BCAC0CB73D12
:10072000666C6D3DBB177CBCC942E4BC75BFA5BD02
:100730003B816E3DAE84723C82AB0DBDC40C253E48
:10074000A09193BDC0C8F23D52CA89BD741DC13D80
:10075000CA9EDE3D9F5966BD16470BBB039FA83D51
:10076000591E77BDEEA5A03D655CDA3DCB65CC3D5D
:100770002894D0BDC00FDF3D77C7E53C3837DDBDDD
:1007800035A4153E6AF6DD3D186245BD01AB673EF6
:100790007FBDCBBD073E9BBD6621BB3D21582E3D95
:1007A000E597F5BD6C92883DD1FC88BD51E38EBDC7
:1007B000C4D1C7BD7AD6963CD11E08BE44FC933D39
:1007C00068F4473D3C8A03BE2B1050BD87D79A3C46
:1007D000F1E63A3D19E3973D450D813D80452B3DBE
:1007E000DB6A423E1D31083D2187423E2268063EBB
:1007F000ACB2233D62EA67BCEFD11B3EDA93DDBDAC
:10080000167D1FBD693812BE952BF33D7933AF3D80
:10081000C0A0F53D2EBFB4BD84CD20BD283A47BE53
:10082000DE7E86BD3665C33D2E20C5BDF99B263DC7
:100830007D82A83D4626A43DBE60C5BC63911DBC1B
:10084000C4C29A3E90D923BE8B09D33D8A30973DCE
:100850007655493E5DBC5F3DDF02F5BD1D4DB03DA7
:10086000756EA9BD4D24F4BDC237A23DA605C6BD17
:100870003571B83CF48136BD5275923C12E154BDDD
:100880005B5885BD6FACB83C30A7353DDAE1B53D6E
:1008900082D049BE03F5733D0AB907BED3D7F33DF5
:1008A00097CD10BEAE0C24BDF7AEFA3D8401703D6D
:1008B00009AD4D3ED34A253EDF6FEB3D18ADC53C3B
:1008C0003273133DBC42CF3DC5082CBD9A24A93DCF
:1008D0009F511BBD98D7AABBE2DF223E013904BD60
:1008E0007354E53A98BF82BE95624C3CCF9FB9BD28
:1008F00017BC27BE289941BDA652CC3D771747BEED
:10090000DE36793C897E2ABEE4E8B7BDAEED38BA62
:10091000226505BD2641233B1AC3A0BD0BDA5E3C10
:100920000B62FBBD8E7250BDB2D3823DA5B7FF3DB9
:10093000C697493DED88B53D5A6ABCBD8C45933D8F
:1009400035C5D73A4350C5BD78435FBD8EA382BD40
:1009500039E2533DC6CF143D86DF463D6D2E743DD2
:1009600051F71CBEC466DABD291319BED7C38D3B2F
:1009700005392FBE19AA54BDA03ED4BD17212DBDE7
:10098000FDCB75BE4C86A7BDFC56143EAAAD26BE57
:10099000D335D0BDAEAAA43C40491B3E104474BD23
:1009A00012AE113DBAF0F6BC6956E43D1082C2BCED
:1009B00012C08DBDBDCB9DBCDA71733DF7DAED3D44
:1009C000D5E825BE265DBDBEC9E2153EF0F446BDA4
:1009D000B9E7D03C6103CFBDD1BD79BBA0EB8D3D64
:1009E0001812113E7BF66D3D2686C03A02C767BDE0
:1009F0005F13523DDB531EBE68F1CBBD113C7BBD86
:100A0000AECDF83D110DE3BB66CD5BBE4DC639BE24
:100A1000D96FBE3D72E0263D5DB871394923ABBD4B
:100A200048DF3FBE636093BD76DEE2BD66E482BD13
:100A300094389F3CB80535BE1E719E3CFCAADABDB9
:100A40003E11BD3DB2DAEDBBD0FD06BB7280ED3D7F
:100A5000DDE3F6BDBB8B833DA2F3773D21570ABE94
:100A6000510EB4BD1101DEBA02673EBBEE3EF8BDC9
:100A70007ED0CFBDF622C73CF4692F3EA8F6E6BD76
:100A8000BDD735BD3FAD14BDD2B160BE80E0973C4F
:100A9000A8DF2E3E58FFE1BD070965BDDCE68D3CB1
:100AA00035F9773D7F2769B96DDDFD3CF09D1B3D34
:100AB000425E26BDD78E1DBEF1871C3D5217FA3C03
:100AC000DD0018BE9D096BBDA83A97BDAF1DAABC3D
:100AD000ACD05BBC4ED95BBE80C0A93D2544883DEF
:100AE000329ADF3D48F60CBCDDD2EDBC8559CDBD58
:100AF00049A33ABCD8E4813BF296A1BCE3C1E0BD76
:100B000052B2003D4695E63CB02F82BD7692A83D9C
:100B100005900BBEA2A3353D8C6FDD3D9E10373E88
:100B200085DFD4BD16181C3DE91AA13DD18E343E97
:100B30005D6E83BDA355BDBDE41123BCDE47033EFE
:100B40004AE383BD48E0A23D6F4CDBBD98CBABBD13
:100B50003F6A893CC79CBD3DAE598C3D5ABF0E3D96
:100B6000A57BD63D0387CA3D8917AE3CC14ADC3C14
:100B70002F7F04BE5356323E70C5A8BDF819FBBB8B
:100B8000666CB03C5B9501BD70B0C83D8F49C7BE77
:100B9000F596663DA12519BEA860133EBE9CBF3DDB
:100BA00019D835BD9A50CD3D7DFE073E3B428DBEE6
:100BB0006B250B3D8021073D60E5683EB982A7BDEE
:100BC000204F00BEC49D5CBEC9AE913DB3D9C0BB31
:100BD000604D24BD41D5C7BD8C76633DDE56883D52
:100BE0004326A2BDF27C293ECA73983C2890403E21
:100BF00075ED17BE6C5AADBDBB1B6ABD0438B53D63
:100C00002EC671BDA1AC7EBD985EAABD8426223BD6
:100C1000F56FF03D11043B3AF9FD173ECE00E7BDFC
:100C2000470EB8BA2D0E46BEA665DB3D1CB0A8BD6A
:100C3000E52518BD2CE33FBB15A8143DC94C993CD4
:100C4000ADD72ABDCE50663C7BBD303DF937533E13
:100C5000960ED1BDD217DA3D8FCC1D3EEE9529BE42
:100C6000EB441F3D654E173CDE27CABC53E8EBBD85
:100C70009620D5BDD2175E3DC960803E9697D8BC00
:100C800011CE85BDDB2FCD3B399B953D314C273DAA
:100C9000C71CCC3DF612AA3D3FC7E0381A8EAE3CC9
:100CA00000D6063DB9B84BBCB1800F3E069879BD61
:100CB000E62CC3BD90049C3BC5FC91BD80A2133EB5
:100CC00055E4273DFFD7F63CEB4057BC6B2A803DEF
:100CD0003C8093BC5D9338BC569A99BE8DEF793CAD
:100CE0009B5BEE3C1885C93D0D996A3CAA0AA9BDDB
:100CF0008AAEC3BADC9D07BDE121B6BC2527A8BCDE
:100D00009365963C362BB0BD5BB25B3D4D424ABC11
:100D1000B5BBA0BE49F65F3D543F73BD325B49BDD4
:100D2000DF8C79BD1EE48F3D05BF2C3E5ED5773C40
:100D30009B171B3E533063BC64690EBE0B05FF3C22
:100D400074EBAE3D8DA0C73D8FE9313D99C09FBD8D
:100D50006B1D0B3ED81C68BD06BABC3D739467BEC4
:100D600097B1DCBDE909DFBB61BD3C3D88828C3DAC
:100D70001C8D9C3D464B13BEA02A4F3E1422B3BD92
:100D800026050A3E7B29DA3D259D093D72B2CA3D02
:100D9000EADA353E900033BEA0FBA93DD234373DA0
:100DA00006406A3DFCB1273C702A133EB7AEEC3DCD
:100DB0008E9FA43DC32DB0BCA91A333E7835F33DB8
:100DC000E10AD93CAC8D1E3D3E5A29BEB4D0F43D5B
:100DD00026FE15BEC02FB43DA3FCA33CEFEF883D1B
:100DE000C68B3F3DB0EFE13BC57F97BC96A22D3E41
:100DF00065A9EBBD5A689DBDFE5BDD3CE6A808BD5C
:100E0000533B573D0392D3BDFF8BAB3CC86849BDF4
:100E1000DF846FBE931D54BD514AACBDDE4F07BE8B
:100E2000ECCF04BE72C89E3A0AD6AF3CF774D63DEA
:100E30006A921C3E12C7AEBD7D78F63D492CB0BD0E
:100E40005C5C03BEA1B5103D451319BD8F23A43DC5
:100E5000C7BA393E1A620B3D32C730BCAE498E3D2F
:100E60006680DABD000615BB1A85B93D5D312C3CA4
:100E7000FA7666BD730C80BC86C788BD2A10D53D46
:100E80001F44083D0337D8BDE83D433ED6CCE63D80
:100E9000A7EB60BD5FAB80BD273A2B3E66952F3E2A
:100EA00013DF42BE22CA80BDAB6CB63D7BB243BDF0
:100EB000D983453E65F5DE3D97C3723D8D0699BDEC
:100EC000F9D8363E8E4CE9BD7BCAF3BD8750803DD4
:100ED0005EF6003C78E44B3DD715C5BA237CD1BC07
:100EE000370EB3BB68C4233DA763863D8A0FF13D2F
:100EF000074B03BC982989BCF6D43B3DC7FBDABD40
:100F0000FA8586BD6988C53BE2D46ABD6F4962BE79
:100F10002CFB043DD7EA823DC8DA9DBCF8E0673D72
:100F200044367DBD81AE1F3C518981BBAB2ABE3D9D
:100F30003EC4BBBC04778BBCD36039BDB7B810BD11
:100F40004E51343C81EC3F3D16EB2FBDC6914C3DDC
:100F50000A9DC73CA8B481BC7C503E3D9FE9843CBF
:100F600008C32C3DDCAC4DBD3426E1BBA55F9EBD66
:100F7000C9E7EFBD254FD1BD180A76BC68E087BD33
:100F8000C52716BECA10E0BD771D393D8DF567BD7A
:100F9000A6EC7FBD4C87BE3CF718E8B7C01E9ABDD3
:100FA0009E9FCB3D71C8FD3C21A404BD24923FBD52
:100FB0006DC2AEBA9A15D8BD03EDBF3B1B0A333CD8
:100FC000E3DE9D3C625AB2BD747885BD9140103E0F
:100FD0009DC0CBBD280FC0BDDCE3493D03625B3D36
:100FE00015132BBD3B08A3BC61FE2F3D90A304BD90
:100FF0006F67A93B1455FFBC9EE8FEBD09158CBE6A
:10100000BFD2263DD6EF4DBDDFC70B3E03BDBBBDF6
:101010003CAE51BDC93E803B900D89BD3B71843DC6
:1010200079FC1E3CC52924BEF4675CBD50A8A43DD4
:10103000A03C7A3D03F2353EDAA1D83C4776E73D45
:10104000139E9E3DA4C11DBE00A0313D3BDAB33DC1
:10105000C4F4D53DB03DDFBD46B2463DE9C04DBC10
:101060009003343DC1CDA0BD18AB1DBEAFEC523DC9
:101070006952DC3D2EC72A3D372C17BC132A19BDF7
:10108000B244FBBDED83683DC49F623B05CB2ABCE7
:10109000262622BE81DCAEBD224F413DEB051ABDA6
:1010A0007E058C3D8C5BD63D6F1DECBDB05A01BEFC
:1010B000469B9E3C329EF4BC7273BE3DDA4CDEBD54
:1010C00057B6E53D7CCA373D6F2FE5BDA5C95A3DF2
:1010D000F2794ABD1C794ABE9448DB3CBE79E7BD33
:1010E0009565093E4526573EEF6C0ABE660D2C3DC0
:1010F000E32BDA3CDDCD9C3D7650C03DBCD22A3E90
:101100006758F73C95CB75BC3579563DF5D74B3DC7
:101110002D3788BD7FF280BE0207823D36F12DBD9E
:1011200054E1293D6F21C33BFA45A2BE977D19BC0E
:101130009238E13CC139583D1A70C23D88402EBEFC
:10114000DB390D3DDA782BBB742BB0BD1A85ED3C35
:10115000F5F5E9BD51CD7CBE761B423E484E9E3D25
:10116000919F0D3DC80F1F3ED2ECDBBDA6FE573C44
:101170005F4033BEB547A73D8BD5BBBDB6B3DC3DA5
:101180005ABF2A3EB5BE413D3658FDBD7D2948397E
:10119000D44D7F3DA113C0BDB5E4973DE05B4E3C0F
:1011A000DBE83D3DAB9ABF3D390EAF3D4DCA23BC98
:1011B0009C9AAE3D928AED3D04C0583DA8D395BCA3
:1011C000F4A6FABD887A94BDFC752BBD3385E4BDC9
:1011D000ACDC5CBDA6BE47BDE6D79BBC4ACA57BDCA
:1011E000D948F9BD457C81BD4D07B6BD0DB7783DE9
:1011F000B0A3143EC0DD34BD5D685F3D1C0DA13D54
:10120000BB89F1BD81298EBDB93CF03DCA4F37BDC8
:10121000917AF3BDD9EB8F3AD43E73BD9132993EAA
:10122000F0158E3DEC1102BE18DEE73DB67463BDCD
:10123000417DB3BAB851E33D1ACBBDBC2E44A43BAB
:10124000665378BDC75D3B3D5814C53DBB1E6E3D22
:101250003A6269BE69F23A3ECB1E943CC014B9BCF6
:10126000424C193E8730EFBC5F2711BEC2FE81BDE4
:1012700026BAB9BDCE172DBE28AA9F3D236B0C3CC4
:101280008BAB023ED08FCB3C0F243DBD8F4AA23D9D
:1012900014FCB73D83ED603D25D717BD1F9A18BEDE
:1012A0007218DABD850A88BDB9C2643CF1BB77BD4E
:1012B0007CAA9FBE17531A3D8C8D5CBD8CE3C4BCC9
:1012C000B4DC83BC7F5F0F3E5F73C13D5EDE8FBDCC
:1012D000365410BD9F90AE3C8B8BF6BDA394D2BD0F
:1012E000C3D9DDBB355FBF3C153586BDBF76DABDE2
:1012F00083AE42BE1A8C213DB9CC13BC38C23ABE73
:10130000190914BE809EBABCDC8C3FBD5C71F0BB79
:1013100067A26DBD2C263D3D9A919ABC0C2C433D95
:101320003790CC3C1F43D43D8630993DE07ED13D83
:10133000D40D32BCE3A3B0BE2F499F3D3D69973C1D
:1013400081B0733E659809BBCE1E1ABE89B5253D96
:1013500058016A3D8903F43D377CF23CC54A6C3D37
:101360008EDB983C8CF46DBD9E0DF03D4D60C7BC8E
:10137000258DB1BD8E4D5C3E272D94BD306708BED6
:10138000303D6ABD9CE958BD987FD43D8B08FBBDBC
:1013900077505EBE5F6D403E4982043E00CE1EBC6B
:1013A000B0F925BE52FC82BD47E0EA3D7D4EFB3CD4
:1013B000BFD8813D8C5F7F3DB7CF1B3D1F2FE1BD67
:1013C000DE68A7BCC51503BEA889363DAD7E25BD28
:1013D000F8E3953DC472FDBC9035C8BD620D26BED4
:1013E00060DE61BEAA77B3BDD7F30C3E01ACAABDE7
:1013F000BB99DF3DA3851EBE424524BCB6E68E3DAB
:10140000E033A93B1889CD3C98E53FBE56FC213E10
:10141000207E763D0D1B613EC9572B3EECD1D43D5D
:10142000BC7A41BEF576283DE21B5C3DD9DA57BD5A
:10143000796EDCBC8C699DBD59CDFB3D6F39ADBD6E
:101440006E6F68BA10EE29BE4C73003EA6B0D13D57
:10145000EB26ECBC10FEC83DED29863C334EE1BDC9
:101460004E4C60BDD9C5163EA31116BED83345BD3E
:101470005ACD35BD0DA1CCBD99FB943D372447BD58
:101480005742EDBD84E527BD951BC5BBB63204BDF3
:10149000A446CF3DF1DB353D23B542BD4F5396BC4D
:1014A000A46FE33D1D1B893CD77D8A3D0BFDC83DE4
:1014B0009BCFE03C0323B9BDFA3B2ABEC8C293BD13
:1014C00014E002BE64271FBEE1C51BBE6EA6A0BC11
:1014D0008B0A1ABE9CF757BD91CE123DB6B0F53DB2
:1014E00026718EBC9DDB9B3D1EFE78BE2695243B5F
:1014F00067A7B2BC505D96BC45CBBABD84B5873DED
:10150000364C36BE8564AABDF18B5FBDF72D303CED
:10151000CCA21E3EBFFAD0BD54D105BE93F58FBDFF
:1015200065482C3D236D903DC5AB1BBE6695C2BC86
:1015300012E5A63D1FC2BE3D1CE545BE6919A33D8F
:101540009CF18CBC135002BEA0B656BE8C778FBDEA
:10155000BB04493EC55573BD34B0F23BDF77F33D64
:101560006C84833C589E40BC31808B3D1608863E7F
:101570005C2161BEAFAB833CBEE81DBDBE6EC93D04
:1015800091CAF2BD9AF015BE5CC71F3EE009F73D57
:10159000CB46C2BDF00277BDB2A2CEBDF0F0B23DE7
:1015A000E30CAE3C5447A6BDF368E6BAD9A484BCAC
:1015B00052E0933E5F1146BC764F5ABE6D7D253E8C
:1015C0006BA992BD1BDE35BD7AEF03BE2E6D5DBEED
:1015D000ECAB1F3D4E1443BDD28622BDC6B4313D97
:1015E0006B43073DE2A64E3EE3A386BDD6D9F5BDCB
:1015F00043CAFD3DBB017DBD344C10BD78BB75BDFC
:1016000007E3F6BDD05D00BE6D4B0BBD2B2E84BD38
:10161000BA2085BB2E70BA3D187957BD5CE3BB3D3F
:10162000FE96A73C63AA67BEA72E3CBB4AF7CCBC7C
:10163000B14D4C3D8DDC0D3EB78CB23D0B5B203D7A
:101640006220EC3C9C15DC3CD9AE003C713804BEF9
:10165000154DD6BCE327333D38697DBD1C66E5BD1D
:1016600021E0583DFCE86EBD5589FFBD58A6AD3D53
:10167000D961FF3A0832773D1F6086BD2B2B2BBE08
:10168000EE2DADBCE22F663DD49C113D9DB96A3D67
:101690001D43A63C308CF9BDF0A3F9BDFB4D063EC1
:1016A000DD59B23DDA8C3CBD1B01F53D2E0F6F3C80
:1016B0004DF905BD0C53F63CD6CC69BDCC6258BE85
:1016C000DE060B3E9B4E72BD4039E7BD5BCCB93D9B
:1016D000FA854E3D58D505BED154DEBDD788A4BD90
:1016E0003DFDB8BDE99C2ABED848203D590ADFBD62
:1016F0003813C1BD668C34BD71AC31BC7B8533BD44
:101700008602AD3D7E2D4F3DF9BE743CE36EA33D98
:101710006B6C9D3D6639943D7558D3BDEE07883B93
:101720004B7664BD9134993DD449CA3C692DD2BDF4
:1017300098A58C3D0C2103BE1B61513D347E1CBE1F
:1017400023AC5B3E30E097BD1D0DB7BD97C3D93DBF
:101750008860B7BDD4C50DBD6B14C93D60D166BDF1
:10176000A44E71BC7ACD11BE6800B83CEDA27B3DA1
:10177000ED9AE63C7F57833B7E436BBD6E3859BD87
:10178000449B4ABD51FB793DABDEC03D8F94B8BD53
:10179000029DC73D91FDE7BD1A4E49BD53A8973D37
:1017A0004600B73D5F458A3DFC973EBCD4F78D3D72
:1017B000BE4E013E9372253D9ECC3DBC481817BDE0
:1017C00061BB14BD181A583D070190BD415C63BC54
:1017D0006F7954BD89E96D3BAC30493D64FF823D72
:1017E000445509BC74319FBD1C31E3BDD355D4BDF4
:1017F000900485BDE733B03C5970193D93F8803CA7
:10180000C2E1E53DDA89ECBDFC1973BC279A48BCFE
:10181000EF1767BDB07F0E3EF7EAAF3D271CB2BCA5
:101820009B25553A7428E6BC60B702BD24A818BDB4
:101830003BDF24BD659D4CBDFF2D1ABD99426CBD9B
:10184000C9E5E6BCEA73013D6E57B2BD61FB44BD1C
:1018500041EE41BD3279FB3DF31DD8BCDA526CBD7F
:10186000B06BA6BD4BC0DA3ACD27813DABE795BD45
:10187000612C02BE810E5CBD912EC5BDAAE1413C2A
:101880007D83AF3DE3C700BEC1622E3EBE0E0DBDDF
:1018900045E1053E4445A7BD852E283C826507BD30
:1018A0004463AA3DAE13DE3A435C0CBDA74CC33C77
:1018B00005E21F3D66AE1B3E3EBA083D01DFCBBDD3
:1018C000FECD823DBD36AC3C066921BEB3C82DBD00
:1018D0003EB307BE1EE5DBBDFB8E1A3D5E90C43DE8
:1018E000F03DCE3DEC578C3B28B4F53DE762C0BDE2
:1018F00061648F3D8A4D633C13D558BE2DDBA53DF9
:10190000E75E8D3CFE0F013ECDF6783C259463BD2D
:101910001B4CF13D03FD033D5B73163DC1764ABE92
:1019200053942A3EA72F7FBD5E209E3D3295453DB4
:101930008148253C3497B33D0C51C3BC29EE543D3E
:101940009A8715BB2E7A10BD23224ABDE5A9BFBDDB
:101950008696AEBC8207DC3CC91EDA3C7E09C03DDF
:101960004092EE3C7A4A2FBAB3EA88BD23CF14BD29
:10197000653DA8BB9E977EBB17D313BE1BE259BC27
:10198000E5E4A6BBDACED5BD047EEDBC0C320E3D3F
:101990007EBA1EBB5C24F53D8BE3C03CE380133E66
:1019A000D96350BDC90D283B5E6D9A3DD8F10FBD7E
:1019B000E4C4973D5EFC94BBD355383E0CD2943DB5
:1019C000AB36CABD03CD8F3B2CB85E3E455448BEF6
:1019D00052FBAD3D3689E3BC0CC8073D3F2B5C3D57
:1019E00079E898BD5CBC593EBB9CA1BDC70F74BDD6
:1019F000976091BC142CC03C91D452BE4411CD3D93
:101A0000DE00ACBC6F091ABE327CFC3C3D49E4BC34
:101A1000AC270DBA76CC0D3C015CFCBBD9E765BCAC
:101A2000E95539BD9B188A3DD9DDB03DB2DD513D48
:101A3000B5A8AB3D98CCA03B82DC87BD3D4522BC20
:101A4000A3335A3D1B048FBD8D719D3BFA9B3BBD5B
:101A5000A811B6BDBA2DE13DBA6AA13D840F61BEA1
:101A60003EEAE13D692AFB3B8ACC04BD74DE733D4E
:101A700059CACB3C9AAB5BBD3D10B93DBFBC483D9C
:101A8000460782BA397E63BDA6F93DBD21DD6D3DB5
:101A9000B87E20BD22CAF63CBA5B0EBEF716A23E47
:101AA0001FA9613D0C8E163DD8A53ABD46F5E83C10
:101AB0001FD3E0BD354238BEE310293D644BCBBC9B
:101AC000BAC76EBE0B42C53CDF9B573D65D30A3C8F
:101AD00005EB3B3EEC001E3E8B2683BD29F68DBDFB
:101AE000FE0618BD4512D43D1806B7BD80A1D8BD6D
:101AF000D8EA24BE30122C3D6AE8A5BDB82B20BE22
:101B000068039D3D19B5DFBBC3EA8E3D3263C1BC9E
:101B1000E10BB1BB49F8A73D6FCCA53DFFEB833D81
:101B2000558B263DB9EFCE3C523DAF3EFC8A8D3DF4
:101B300080B6343D611E893DF0DA1D3D81CDEEBC9D
:101B4000835AC2BC6BA48ABD9AAB1C3D7930BEBD22
:101B50004C631E3EFA17EEBDD6910CBE2BFD853EA2
:101B6000E97D0CBC2229703DE2809ABCE477DF3D20
:101B7000FB63F43B01421BBE9D011A3E7028CBBDA6
:101B80008A37B1BBD4FEFC3CF0CC4B3C4C67B23D39
:101B90004C6BF13CD025153D646F783DCEBC77BDD4
:101BA000629C57BD2ACD0B3D60C5E33B0814BF3C8A
:101BB00055A3F3BC40547B3E6B39DF3DD38B2EBE27
:101BC0006957EABDB954D0BD957E923D6EB3B13C24
:101BD000779A453EEDD3C3BDBB719E3DAB62BCBCA5
:101BE000DCBAAB3DA1876FBCF92067BC616D22BE3A
:101BF000366137BD871D993C995D683D07BAAD3D9B
:101C000081C2A33D05B0E7BC614CA9BE51D900BE5D
:101C1000A361DB3D4E8E333D60D122B96D3E98BE4F
:101C20005A56B9BDCF9DAB3C2A3BC7BD45568FBA6E
:101C3000F71F89BDA07205BE469CDB3D6EA8BD3D69
:101C400093F1213D3631A43DBD30F7BB8E04A6BCD7
:101C500025674B3D09504C3D0308923D52FB2A3D00
:101C600093FB4FBE8A075ABE45B6333D4CBF903DED
:101C7000C83188BD71E0EB3A9C5D6CBEBE6BF7BDB0
:101C80000E15EABD8143A53DDE11133E008F343DA4
:101C900095C2393EBDBCA63D4F61C53DF41F9A3D7E
:101CA0005BBC26BDB4A50BBD1AD97BBB7F6CE83BE2
:101CB00048FB263DBE54E9BCBECD033EE83B56BCC6
:101CC0000789DB3A766328BCD5D3F13CA019843E62
:101CD0002C06B23C75F22EBD876C44BDF444713DB8
:101CE000B15F173E10CF6CBD030DECBDCD339ABD77
:101CF000B133C03C07B4C23DC4D4BBBC42E87E3D56
:101D00009C5D0F3E5DD924BC27A530BE2A1703BDBC
:101D10001F03483EE39E14BE5B9BDFBC4CFF283E86
:101D20000609393DBA89EEBD201F4F3DA1198FBD6F
:101D3000FCF8FEBD36B927BC4BAE133DD06000BEEB
:101D40001C06C4BC26B406BE82C4B7BD725AE2BD2E
:101D50008C25323EFA9E9DBDE381B03DB2970FBE09
:101D600000E820BECF47123ECAA519BE68EA2B3E46
:101D7000FC716DBD61706A3D7B0E323EF2D98D3DC6
:101D800090CC94BDF5C7283E2BC1893D4B8FCA3DF1
:101D900043B6F93C73A9D43C4A2A3FBC8EFB833C32
:101DA000112C71BDB517B13D15B3023E1C6690BD37
:101DB000AD90743D501FBCBD8DC64BBE0DAAE1BD9C
:101DC000E0610ABE099C2CBDC2818EBD7B362DBE52
:101DD0007C05003E582C8A3BB836103EDD42943DCF
:101DE00058CB48BC72684E3DBAC25ABDD9A666BB34
:101DF000A6C39ABD923EB0BDC0FAA0BD019C8F3D66
:101E00008B2D70BD59EBC63DD7015DBCF448E9BDD3
:101E100086F8CFBD7B2994BD09185E3DB1CE07BDC4
:101E2000C309F03BE85170BC0DA2B03CFA0EEBBC0C
:101E300011E4C63A73EA323D58CA20BD184B59BD69
:101E4000AD7356BE1E1120BD868E38BDB729CC3C61
:101E500056B6C4BD4AA1843D4A6C93BDE53461BD0C
:101E600033E3F93D239D31BE0B9A273E2214713D89
:101E7000C5E695BDF27D9FBD51CE343D8A760DBE3F
:101E8000922E4DBD0E7623BE4210F63DBC911C3EF7
:101E9000F0CC993D64A3F63B67F23F3D891C7EBEC2
:101EA0006E04193E19DF593C0793123EE326EF3DBD
:101EB0008C27B23D42227EBE8F7C763C5067753DBA
:101EC0000FEA573EF6AFD23D70124CBD4D70463E04
:101ED00004AE40BE30D8343E51E76D3A5EE0AF3DCF
:101EE000F1DA03BC7B3B973D55382F3C72CCC33DA8
:101EF00080BE18BEF642C3BD914B28BD2D30F9BB44
:101F0000C5FC133E6E973B3BAE10EB3D839D12BE6E
:101F1000FF51013EB49BB43D25D2BA3C61ED993DE1
:101F2000F7920FBCCF74C2BC088605BC3BF6593C87
:101F30009B309BBD473FFA3D8CFF14BD98C1D5BB7C
:101F40000044B1BC7A7C753D5DAF4F3DE078EE3D1D
:101F50005676193DB900083C75F330BDFE38553C46
:101F60002B58AB3CF062913D84D5C43D2DB8D93A95
:101F70006FAE2B3D0D19073EB555B8BB11FE123D96
:101F8000570397BAA35889BD582E673D3F8556BC65
:101F9000116747BE2303113D159BED3DE43D48BC51
:101FA00076EC793D87439D3C14809C3DFAF4343CAB
:101FB000A3B56C3BD4FB88BB514D203DF790153C3D
:101FC0009BF913BD21A9403B056B053ED9DD4C3E75
:101FD00089620F3ED804F3BC8D3DB6BB307262BD42
:101FE00028AEC03BBF0F0FBDBE8404BD5B1ECD3C01
:101FF000E1F2E53CA8B8B33D30F4F83CCD1C8BBD14
:102000005E302CBD2BCE82BB0B68C03CAFF577BDDC
:10201000036B203E5F1F8A3DCB659E3D8EB0EF3C3B
:102020008EF9BBBD85FE6B3C3D078DBD61B705BD1F
:10203000CE8430BDDE739ABDDBCCBB3D1A420CBDF5
:102040008D018D3D8EA6863D6978E53D106ACFBC39
:1020500085DA263D6551953CBAA46EBB7328B4BDA4
:10206000A1905EBDA6F0133EFE13BB3DEB442C3C9D
:102070009BE1BC3C8667993C4A2A97BDAC78CF3C33
:10208000E97A453DF8DE503C51041ABEF18294BD18
:10209000D6CE00BD9494E2BC62C1AB3D8A7A703C5E
:1020A00096FE28BD8EEC44BD2C448BBCFBE196BC57
:1020B000C0A72ABD15B2A9BD9A849D3DDB4EAE3D99
:1020C000EF3DB9BB2329C1BC832193BD67CE21BDA0
:1020D00090646A3CE7C86EBD7416923BBC7DFD3DC2
:1020E0003A231E3EA71E4BBE3E15F43D4E813A3CA0
:1020F000EA34F8BDAD98113C5A2152BE9C23F4BC81
:10210000C42226BD5044BABD6955723D080C4D3CF1
:10211000A1AE393C5694193E3943CF3DD9DFD2BDEB
:102120001F683D3E2FB6143E6F91EB3D0EA487BD58
:10213000C2F2F03DF348D23C978143BDD5DEE9BC05
:10214000516C0E3EB78BD9BDE8C69C3CFB49A53D02
:10215000F878043CB9AB023CF80AF43CE3B061BD4A
:10216000B2DD143D8DCBD63A579617BD52A2F3BBC4
:10217000EE12483C70ED49BED7A646BE588A5F3D78
:10218000C93B33BEFD94DF3D55AC123E06A9033D6D
:10219000CB4D58BC3950B9BDD50E043D87E396BC34
:1021A000A385E73D0B53E43C1FDBD0BC1E021CBDE6
:1021B00037CF213E6707E73D1740E3BD86A5F4BC56
:1021C000E3AF4E3DA603273E5B0E933DEC5D1DBE87
:1021D00074806F3C698F78BD835DE73DCA14673DAD
:1021E000CCC4E1BD96CEA83D4072633DE99280BD6E
:1021F0009639F03CCA68A1BD8A9C8FBE3DDF423C47
:1022000067A7AEBD9CE696BD130184BD2481B53D94
:1022100050F03C3EAB7E243EEECFBF3C6B0A0F3EFF
:102220002254D2BC9C2E80BD9F27B63D815505BE51
:102230004D5CF13DA2ECC6BC2362493EE41963BE8D
:10224000CFFED83DA983BA3D3A6A30BE70FB8D3EC1
:1022500013DFEFBC813EFC3D1B42D9BD331E933DD5
:10226000539B84BD128D2C3ED32C1DBEC0CA4B3D4A
:1022700045FB8BBC4C77BCBD860F0B3EFE3A053D43
:1022800061B6A63DCEDE8BBDCCC72A3EBC2FD1BCED
:10229000FF6DE5BD9D132F3E875435BDC073BC3D1A
:1022A0005355643E9B13293DCD7BF5BDC843413E4C
:1022B00014C2CABC4AB6D9BC221662BCE7DE963D3F
:1022C00074390BBEE2DB39BE5FA22DBD196C8B3DAC
:1022D0002DD3083E2B86053E2E639BBD26AA93BDBB
:1022E000DE9CCCBD4E8B1ABE89E264BDCB50ACBB2C
:1022F000277275BE5B8D473DAB6A1A3D11F7ABBDCA
:10230000C4879A3CB30A46BE8540CC3D5068293EFE
:10231000A8CCEABDADA8C53D43AD56BC51D9CBBC98
:10232000A401843DC29401BEC33AB7BD9E0A873D55
:102330008AF8943D0F9AB1BDAC79E6BD4257A9BD6C
:1023400026A5F7BDAE2FA7BD3BE343BEC7E11EBE2A
:102350003105CD3D350AA23CEE483C3E76451A3E5D
:102360008F44B3BD321CBABCD5D228BC7AA5CB3DB4
:102370000FCA90BE1088863E8CB7D53DE8B4C03CED
:102380008CA03BBD8B7281BD7B690EBEBCD686BE68
:10239000F03C57BE55EABCBB682CB8BC9E7F3CBB2A
:1023A000D1A60ABE5F9C503E963831BEC5C985BDD8
:1023B000FDC86FBD2A0A20BE78CDCA3C00100BBDF7
:1023C000294D9A3DFB080ABD0C35CF3D4AB41BBDD3
:1023D00090E44D3DCA1099BCD731A4BDF2B4843C01
:1023E000F37D47BEA97350BDC7F4A33D5C5CCF3DF0
:1023F0009627AB3DC757A1BDE03E18BDDA801C3E15
:1024000054AE073D65851E3DD9475F3D8199373EF6
:10241000439903BC4C1AF43DA3688DBC785D5E3EC5
:102420006B85FE3C6FBF8FBD3678143E15DB01BE59
:10243000C7B1953DAF134ABDE5175A3B88C3AEBC43
:10244000D96860BE0835553DD01228BD225F553E83
:102450005A83A23C6806953CD853323D3DE58C3CFE
:10246000118236BD09877BBE070FD8BDA12ECABD1C
:10247000D0A5BCBB37CB2F3D0490763E3F15D5BDD4
:10248000FD8838BC72173ABD6E65D93C80262ABDDE
:10249000FEB3D53C2C22FB3C6AF53D3DE7ECC03D4C
:1024A0005895C3BD3FAA97BD156B133E7B2706BE4B
:1024B0005A93283D698A77BE3017D6BD518CECBD42
:1024C000280D32BD84BEA13D8942313E18E0143D45
:1024D000A7D9BA3DEF1108BD48DA28BEF9CC4EBDE8
:1024E00007434E3EB11638BE2B35BF3D52B469BED0
:1024F000ACD942BEFB1CC2BD3E1BA5BDE4409A3E0A
:10250000EBB8FE3DC84470BE9CFB9B3E9FA906BE37
:102510008939A43D49456CBD4EBCC03D2EDE08BE88
:10252000FFC9B0BDA17ED4BDADCB72BE874EBB3D51
:102530001051CA3D347B9B3DBCDEB03D4857573DF2
:10254000E48F683E5D3C94BED81F1CBE49E59DBB30
:1025500046C184BDB889463E6E9C7A3D9AFDA43A38
:1025600091FA893D757AED3E6A07633ED740363D64
:102570006F8C783CD1CD8C3CDBC1233DE08AC73DDC
:10258000CC531A3B0C6349BD51440E3EF3D7E63C95
:1025900017324D3C181217BE9A953B3E2A03773DE1
:1025A000C1F92CBEF7B723BE0BE2003ED4C118BD63
:1025B00004DC68BD851A643ECBB8C2BDAA724D3B2F
:1025C000F031E53D8036FD3D719604BE6C0EC8BE0F
:1025D00056E5003DBA87783E3F3E863CCA73BD3D16
:1025E00058EA223E79B4EBBD1119A13DD5929B3E2C
:1025F000BE25853B804151BD6C971E3E236704BCC0
:1026000077E9B53D3CA2A6BCBBE48F3D7C816D3E25
:1026100037100D3EFCF48A3D106B2ABC98DF8E3DCE
:10262000F12BF13D30EE9A3DDC9D923E3C7911BD9F
:1026300057C4233E88A2263DA843C23B156D32BE37
:10264000D17EB5BD78D3C13D2433DBBD5CE6683EA9
:1026500004F98F3C0E338EBD84B0103EEAF34BBCC0
:102660004C82FABC9DF36CBD678077BEAE8080BDA6
:10267000DF4146BEDD3305BE58F584BD77E175BD4B
:102680000BE6C83CBFB37A3CCB251A3E4AA09EBDA0
:1026900093497F3E726DA63E544984BD67170A3E3A
:1026A0002CD010BEE57B34BDBE829BBCC99125BD3C
:1026B00023C40DBEF390153FE00CD2BCA13D44BE37
:1026C0004EB618BEBD95C73D20F63D3E9593B9BCAC
:1026D000CBE192BEA4913ABEDEA4B73D4ABE263DF0
:1026E000EFB3093EEDF4A73DFCCEB7BD03C8DF3C18
:1026F0002D6E553C79D4A53D013A41BEEE20713D89
:10270000DB9B1ABEFE1094BCAE8EDABDD572A0BDA6
:10271000494708BD358D00BD169C5C3DB06B313E10
:102720008B06BDBD06A1833DA3A1ECBB48B234BC62
:10273000769A773DE055D93DC6621BBE5F93033E56
:10274000C54044BDC1365BBC20662D3B898A773DC0
:10275000785D223DD2E94A3E3C40703DA2D99FBC03
:10276000D81881BD0D4B943D1F36AABD757DC3BCE5
:1027700074062B3DCC33AE3C32ACC23D756C2FBEE3
:10278000839173BDCEE4F6BDF92DACBD0FC9973C66
:10279000BE9BDE3DA35FBE3D0C4794BD1E0414BE30
:1027A00016417F3C9872EBBDD58E35BE6390CA3B17
:1027B000E90C823EA9F5D7BB74F031BE1041A73DAC
:1027C000F03EA53DE87B46BECB3B58BDF1611CBE4B
:1027D000A6140D3E3CCB5B3DEB301CBC19D4D7BDE1
:1027E0000E5A9A3DA23A6E3DA7AEC43D2DA9CFBD6B
:1027F00068EDE0BC9BA92BBE91B082BD1836BEBD72
:102800007D00F53C139401BDFA5981BD1E6C07BED5
:10281000800A523D3FABCA3DD628B3BC92D8263E73
:10282000E37E9D3DDD72843DB0B105BDC2721DBD2C
:10283000840D203D435F70BB2CA609BC13E7083E06
:102840003321D23CB5E3F63B63A399BD4502A63BD9
:102850007CC6CBBDE14965BD7060053D661D5E3B34
:10286000F092DE3DD1F439BE70B8663DCE94FD3CA9
:102870008E64173D6B55543CD667A83D4A851EBDF6
:10288000FA0E7A3EBAAE353D94539EBD48E470BD13
:10289000EA4C85BD27713D3C7C21C63D430D21BEE0
:1028A0002BCAEBBC9A1C203DC81042BDFE23EF3B57
:1028B000115D4BBDF46798BD629C613D7B9B2EBE54
:1028C000CDDB95BDFECF5539D9834E3D170121BDD6
:1028D00065F4EE3DAADA04BE4A5A4E3DDEBDA13C87
:1028E000051261BD5D48C2BD5AE451BD80BA403D8C
:1028F0006D4720BD65DBBE3DF4FD06BDB8A1BEBB86
:1029000041782F3D1C3FCA3DDA361BBD0C12C4BDB9
:10291000DC44B1BDA2E7C43D1F6D013C690A3F3CE8
:10292000DC6CF33CF3447CBDE04E143E4987553CDF
:102930006B967E3D78EED33C9858AF3D74A3A4BC13
:10294000D54F3F3D27E1AD3D56CA83BCD52EB53DA1
:1029500053A81ABD286FA33DB2ED633CD83DD5BD49
:1029600035764DBDDB9988BDB8FAA43CB341C93C6E
:10297000A9BAAEBD909DB8BC053C09BEDAA8B0BCF2
:102980005FC027BB6DAE1BBE51DC013C11A03C3DBE
:102990007D4C323D67B9413C52B9C53CE21FAB3D6D
:1029A00037F3D1BC0FAA4FBDB3FD9D3D33DA953C43
:1029B000AAEC56BDC691D2BDED0FE33DD3824EBD0C
:1029C0004EEB8CBBEBAE1F3E2F5C92BD88733CBCC4
:1029D000800265BD33421CBD9123A23DD75B793C8B
:1029E0004296133C9158EABC03E697BDBB3060BDEC
:1029F000878D4C3D3667833DEEFF2A3CC9195C3B11
:102A00003EBA8BBDE1EC073D791A5D3C51CAC53C2D
:102A10004168A03CFCC4863D83CD613D798EA5BD57
:102A2000D07AAA3BAEACACBD850ED3BC68E5A43D64
:102A3000670A03BCC510813C3A55F5BC8818BEBC7A
:102A40001CAA9C3C6A3B133DE7D4313D9C29063DC2
:102A500002501BBDF107AC3D92F04B3EC989BDBD94
:102A6000AF940CBD948B9FBD0368DC3D1D99C9BC20
:102A70004C1BD7BAC832D13D3D773F3D68B0883C4A
:102A8000CD49AFBDFE19AEBC52E0DCBDD451ADBCEA
:102A90005B84CEBD42F8F4BC9CAA543D03E2D33D16
:102AA00077134ABD78EC0E3DDBD4FDBC513162BDDD
:102AB000D79EFABDD584403C99691FBCBBC9A6BD51
:102AC0007582F53C532DFCBD9E2EAB3D295D46BD68
:102AD000719FAB3D9769053D3DFC08BD60B813BDD6
:102AE000D81CB73C7BE49BBD1FFE763ED7B907BE22
:102AF0006ABD05BEF1022D3D5D1E59BC122D653E1D
:102B0000ABB0B83D63568A3A557E6F3D70FF9E3D2F
:102B100052BEB13D865AAEBD5E234A3D3A693D3D47
:102B2000430900BD2BD2933B390727BE47D1193C3F
:102B3000DB2181BC9032A93CF508D03D8FB266BC48
:102B4000D13518BC37152BBD4B3BC4BDA3E707BC23
:102B5000D4017FBE297CC53DD482ACBD51E578BD92
:102B60003DBCC63DF67365BC9DD971BC06C4B9BDFC
:102B7000CD6BF03D7639C83D001A66BCB7CB3ABD87
:102B8000302D58BBB0CE833DA2E4C8BD7D6EE1BD03
:102B9000C71449BD014E05BDA38FD73D20D0213DAF
:102BA000076B1C3DD5D508BC7ED5F83CE01F17BE91
:102BB000FC0EC63D2E2E103D522E83BD9BBC8EBDFD
:102BC00018F3A73CE1BA3C3EA1500BBE3E96EEBDC9
:102BD000D6FDE63CBED50B3D80BEE23C24384D3EE2
:102BE0007F5A19BDE089B7BD5720A5BD5CF2D6BAA2
:102BF0009C8D2ABDCE18963DCB87033D2905323EDC
:102C0000BEEF09BD3556B63D0F45DCBC9839BB3D1E
:102C1000706C3E3DC6D8BD3C9541223E108803BE37
:102C2000BCDA41BDD39CB03D8D09BE3DC9438FBDCB
:102C3000EA8B223DA0A98D3C3C2A37BC4A4CFCBD06
:102C4000315FC8BDC5DED83DDA3141BE7245AE3C0C
:102C5000B606A43DD84C413C4023BA3D0FBEE33CF0
:102C60000C322EBC15D45B3DC305983DB455D3BC86
:102C700010E7F8BDEC55AB3DE67FB1BDA7E0483DA0
:102C8000AD96A53DF7CB893B04CF2C3EF952363C9F
:102C9000A9B16D3D471DC13D3EE2BCBC25D105BE7D
:102CA000AA3A21BDFED90B3B744C66BD6CD599BCCC
:102CB000B6D787BDA4EF3ABD793F6C3C2C02F3BB7D
:102CC000F68C6ABD19B352BE401E8A3D52458F3DF7
:102CD00078A923BD13C9AB3D02D5823C5C89B9BD3F
:102CE0004B8390BDD50928BE0915EF3C3221B43C79
:102CF0007F91A6BDB246213D7A2F63BE491BBC3DE4
:102D0000C059B23D2077A0BD213024BE7731CABD65
:102D1000E7E7C83EA1DFBB3E08FDB4BC8058E63DF6
:102D200095AF80BEB0EA993DE47F67BD2D780EBEB9
:102D3000937C8A3D027E8FBD2936893C05787CBD17
:102D4000C75FBF3DB215AD3B6A8FBA3CB82B783C2C
:102D5000E47B1C3D70EE2FBC0B5F39BE3CB0CB3D1D
:102D600098123ABE72AD20BD4E69253E51FEAFBDF0
:102D70003C040DBE5DEBDABC39B3CDBDB81F2ABD36
:102D80009E375F3E6B05763C33C15B3CBF96F4BC1F
:102D900059CD11BD98959BBC8D67CB3D778955BDAD
:102DA00024C0D43D2DBC06B95E951FBEFD2E89BD45
:102DB000D53FD9BD9B9365BD3960E53D3BEC9ABDE0
:102DC000B3E603BE25D8A13C19F9433EE344B53C24
:102DD0001384C53D410069BDBDAD873D3DA2FCBD2D
:102DE0005479D93C2C91EDBD84FE813DE8FB8EBD2C
:102DF00080ADB13D832B4ABD897F933C266144BCA5
:102E0000B5DFBCBD6B8E8F3D064037BD8F9B74BE5A
:102E10005E86623EADABBD3CAAA1303DF28F413C27
:102E2000D17E63BD5AF21EBE3220B13C23DFC0BC4E
:102E3000B99007BEB559B0BDC03FC0BDDC99E4BD77
:102E4000ABB619BDD64B0CBE8C809F3CB9AFE93DEB
:102E500072BE7C3DC08E273EEF13023E7B6B8ABC68
:102E60001C72053E18726B3EC04678BCBA160ABE8C
:102E700062068ABD963EC43DB63276BC1B1A003E41
:102E8000F122E63C447B8BBDB72096BC8A61323C84
:102E900037C5283DCB1873BD7BB71E3DB387C6BB76
:102EA000B147C43B1EDB083EED5C43BD81F4A13C51
:102EB0000DD522BE7821983C15EB38BC9B84473E4B
:102EC0007906ACBDDFD7E23C309BF63C7A4C06BEBF
:102ED00060973BBD709538BD16B0013BDB173B3E9C
:102EE00003379F3DA671383D7850783D2DA755BBDF
:102EF0006119F93C65D9E73DD607AB3DCB62663E2B
:102F00007A7D92BD35CD653B06CC163D510AAB3D71
:102F1000FF62DABD0F02B93D136C593D311E1B3EF5
:102F2000B7AD673D6023903DCCF907BD4A589DBCC5
:102F3000EFAA0FBDE9B5D93C0541EB3D69B388BDAA
:102F40000EEF30BE82ACB5BB4E28B1BC4CBB70BDE1
:102F5000764ABB3E7B48C43D2B24D0BBDC797ABC8F
:102F6000E09A49BDB93315BEDCAE143ED4A343BECE
:102F70004CCDDB3D774E053E8731FE3DC85399BDB4
:102F8000AB22FEBD2DE152BE370376BDA64B6CBD14
:102F90007B8D553C07D381BD77E304BC69E69FBDBB
:102FA00064EDE03CB9D03D3D24450D3E1AEEA7BD91
:102FB00064B6B7BD21B6883DC48AEDBD7E250C3E02
:102FC00051F4C7BDC604643E039D2F3CD9CE6B3D72
:102FD000F996EBBBA15E0DBEC1571CBD91AA433C47
:102FE00082038A3DE88940BD1C0295BD06F700BEFC
:102FF0007A67993D52E5623DD9ECE0BD21090D3E6D
:10300000AB6EDC3BE94A553EFDE5FFBDBFC971BD76
:103010008C174EBD1E34903D2D0FAEBDA3F96F3DF4
:10302000FDAFE03DB793F5BD443A293D36A46BBCF6
:1030300080BD393D6604033E4E6E513D5AB94FBDC9
:103040007CEFF6BD5B834A3D7A140F3E01BC00BEA7
:1030500098672EBD1E6998BD5B20A93C334C20BDEE
:1030600087BC6C3CE468DFBDD42464BD44A1093D49
:1030700008ABF03CD92C5ABD22D9B23C6849033D7B
:1030800040C91F3D75C02C3D5188743D3247BA3D43
:10309000CA4CDDBCC908BA3C2EC173BD5B5ED8BC4E
:1030A000BD6FCB3C6F281ABD60A4ABBDA86B183DAB
:1030B000077240BDE468FDBCBBF0E83C3297F33BCF
:1030C000111D293ED294803DACDF8B3B8001FD3D3C
:1030D000CB16E33DF63A3B3E247227BE760F49BD40
:1030E00060AF9FBDE09CEBBD3A63863D82B60ABDF2
:1030F000918612BE08504C3DBFC273BD92344F3E04
:10310000CB941A3B2AEA8ABD0B4F36BEBD3CD3BDD9
:10311000AF22B4BD963D19BE22430FBEAA09B9BD68
:103120007DE4D1BCD8B6C83C41CECDBDF48E47BD00
:103130009688703C411AB4BD4A40D7BC4A3F98BDFE
:103140000B2150BDA8BC53BD48368BBC3B38793DE4
:10315000A8F1C2BD72C8E73CCB040CBB2022DFBD86
:10316000A4ED993B6AF1EFBD6AB290BD1940163EDD
:10317000D4783D3DFFA088BDDF15603C327D73BD36
:10318000A9C1A2BEAE46FEBDE182A3BCD848A9BC7F
:103190008305CCBCA7A49EBDD001663B0BA2283EF4
:1031A000D93A873D14BA913CDB43B8BC8C2E023D22
:1031B0000237453D48D502BE1668FDBD8E4A073C24
:1031C000CAEE1E3C35590B3DB9B495BDB5F7FFBBF2
:1031D000D379F6BD7CC9BEBCF662E23BEFF2473D57
:1031E0004B91A6BDF405C6BCF88222BD5994AF3DF3
:1031F000C65460BB401E39BD23FC0BBC4B1B3BBE01
:103200002C7B3EBD0625843D1DB0CC3BBFDF163D6B
:10321000310CE3BD21AFE83DC33FEB3D609FB93DBD
:103220008E3F94BA2A5440BCC57E083C89916D3CBF
:103230005BF7603E70F2A73D8CCA213D67F820BD68
:103240001165413D15158C3CAFB3F83DE502D7BD86
:10325000312FC53C6DB56BBEFB950E3EBE91423C19
:103260003FAD693CF1EA933DF218563D45346EBDE1
:10327000DDD729BE79A3CABD19E44F3E0D6518BE3E
:10328000208A2A3C8233F6BD997497BDC9BF8D3A16
:1032900084B6BBBC705EDA3DD80EBD3DDC443BBDA0
:1032A000D4C406BE738919BE6C98D4BDA1EAD2BC41
:1032B0005DA7D53B7C110A3E951C0C3D2294DCBADF
:1032C00078F383BD89EDC0BE172DFD3D7C1142BE54
:1032D000BFF142BDF4CB9ABCC793A13D126B24BD94
:1032E000135F67BD62DE8A3D135A823DC83DA63D2D
:1032F000828D9D3CDB35223D28851C3DF8A838BEDB
:10330000E4ADA03D1EA789BDAF2BDCBD01B3A33B3F
:10331000C09D8F3CCB5E0A3DFB50D23BD86E16BEA3
:1033200047C683BC8124093E2B7BCC3DBCC6943C64
:10333000766DBF3CA750F43C303F653D396BCD3CCA
:10334000339ACFBCD3676BBD5FE4583C71BBD43DAF
:10335000C2ED94BD98D99B3D07274E3E2CB1B6BD1A
:10336000432B793DA2B5E23DED7B113E828D2CBE13
:103370009F84A03ED8949BBDDE89F2BD5AC4B2BAE8
:103380000A4CDD3BD9B6A33DC1D23FBC949E82BC62
:10339000FD9794BD5BE9C03C7D79023D92396A3D61
:1033A0005849333DA454113E5F8DA03CA5C6203C36
:1033B000FCA4853DDA6B513DD677C3BCAC4B0ABE4D
:1033C00012B5E13CA8F9C3BDE645E43D7C0E073DDE
:1033D000E51209BE157D04BDAF39DEBDEF85EFBD39
:1033E0007E7917BE6943B33D5355F2BD42B421BE49
:1033F000CC66793D651D50BDF774B73CE9A511BE9B
:103400001EA0CABDEB091E3E6E4BB7BBD701D23B17
:10341000B3554B3D1713BC3DFC59A1BDB62330BD80
:10342000673D043E230F433C812A103EC4252DBE38
:10343000C44678BD0FAD1BBBC2DCA83DF513CD3D26
:103440009064903D91C838BD24BCEDBC9BDA193E18
:10345000015DFBBC50803E3E0117AFBA7A1512BE2B
:10346000778C3E3E17740EBD0ABC383C63E7873D3F
:10347000BB2F8FBDD46037BEAAFA21BD220B3F3DC2
:10348000467F80BC4D8E40BD493A81BDBA2A793D08
:10349000AD7190BC728692BC86E26C3DC055ABBDEE
:1034A0003F5267BDBD2EFA3DC98FE63C5283983D21
:1034B000BD73C83D8DB3C63D7BB1F7BDBFF1AEBD99
:1034C000FA4C2BBD58314D3E3DCF6F3C970B5BBB4B
:1034D00075CF83BB605989BDFFA399BC27C9D03D77
:1034E00010A3403D23401E3E12D81DBE8AA584BDB8
:1034F00066D3413D2518A43D177BADBD86C96DBE81
:10350000A9F54C3C7752CD3CA3CCC8BCC550DEBC21
:10351000E7B564BE1AC22ABD4F70A1BC4A13ACBD48
:10352000EE8CD73CDD8EBEBBB5F428B7F399D3BD86
:10353000DDCCC3BA87277CBDE56A05BE8462A03CAA
:10354000B1232E3C0146833D40FC8F3CF302363DC7
:103550004756943C4DB8D7BCA6BFACBDCB6C8A3D9A
:1035600060AE1BBD139C843D34FFAABD702FA23AF0
:10357000D949A93C879C29BDC9D8093D79753B3CEF
:10358000F4A0993CA4A42DBDBED1833DF8C2F33D67
:10359000FEA6A33D6D0908BD017D043D97B916BD8A
:1035A0007CC284BC0891CEBC7CBC903C9C6C11BCA1
:1035B0003B628F3DA5A4AF3DFC81853DC67F94BD98
:1035C00079E9293D20AC863D80E88CBDF70F4A3E65
:1035D000045D06BE826C923DD380FA3D8FA2B63D5B
:1035E000912B8C3DE12B07BE7DA20F3E536353BC54
:1035F00075BB283DEAA0E53DCC21D9BDA9C52ABEB1
:1036000079D2E93C64F1BF3D381A7CBD274F12BE28
:103610004B61C8BB6AA28A3C89D4FABD9D60FF3B5E
:103620000F0244BCEA468ABE5D9CA4BDAF268B3D1A
:103630006A0A6BBCC2F8813C6237493DAC76CA3C31
:1036400062FB8ABC7C6608BEB2D69DBD33EA083DEB
:10365000005E133E2E1966BD464B5ABE5BB110BDCF
:10366000D75A5EBDC021F83CAD04C8BDDD4B02BDDC
:103670008C69FABA36146FBD28BF1EBE4C31343E79
:10368000E071E6BD2CCCACBD1713DBBCEC3A1ABE26
:1036900093CF16BD351497BD0275103E79473EBCD9
:1036A000237B7E3C50A9F33C8A59A53D34A4883C39
:1036B0004AD0F23DD5CDB7BDFFA30D3D6874D9BD4D
:1036C0004539843D429844BD5CAC36BCDCBD9D3D73
:1036D000D8F4283DD9FE75BD1B88D3BD4E64A13CEE
:1036E000F1BCEABD60E4083EC46DF7BD8B34FABDA1
:1036F000D0309E3A69E4A73D7F6086BD9930C0BC5A
:10370000A13D743D7305B03DB99FEC3D0CAD77BD57
:10371000A719243DA2B899BD2A11AB3CA05C19BCE5
:1037200066E01E3EE651933C5092683E2509CC3D32
:10373000873E993DFB564F3DBE71D63DBF60303D43
:103740007E0D463DE99E9EBD7D4B06BEA7CE9DBC2F
:103750000B08203E46E013BDA2C31FBD661A8EBDF6
:1037600006A247BD3B6F053C745B91BD46ED2F3D06
:10377000BA5113BDF764503C9AAB36BDE20E1B3D07
:10378000FA7B82BD9BB975BDF2B45A3DC55D873DDC
:10379000ED2D513DC3CD043DC2498D3D2DED093D7B
:1037A000E53E6B3D8BD97A3DEA2D943D3774EE3D75
:1037B00000CF373DC384C4BD71BEEC3C80770DBEE5
:1037C0006EE855BEFEDB153EEC482B3D5F07843DA1
:1037D000A71C9B3D511586BC20A8B0BAB12C0DBDCD
:1037E000A4159BBCCEDC4E3DB42C0F3ECD6049BE33
:1037F00054F0803C91B1C8BDF51AA3BCD7A8ED3DEB
:103800004073253D30341B3D62F527BEDC6D81BD24
:103810000D3C343D4C788B3E84B60FBD586610BECF
:10382000A51F9A3DCF9A763DE7F2703CA79C56BC07
:103830005DA24ABDD8A679BE6CD6F6BC9A9EE8BCFD
:10384000F69292BD627D68BBB1E1903CC5EFF73D59
:10385000708DA13D2941C53DA0352BBD12EFFD3C2A
:10386000DDE764BD40E4C43D581E8A3D98078A3DAB
:10387000679E343D1F5DAEBDBBB439BD152000BE93
:103880005FC600BD22DF02BC6944103ED35F6DBD40
:10389000250E803D93D8BFBD3054A73DE1BFA33D69
:1038A00066AAE23C0189153C0F31B1BC2B3CC2BD7C
:1038B00046619FBDD5B1FABB42255C3DC78CEF3C4C
:1038C0001FDC203D815578BAA703033D1CE7D03C9F
:1038D0000CDE9E3DA5C1123EE25E233E80CCEA3A5C
:1038E00094E1F53DF22F223D87A02B3C16261B3D8F
:1038F00018509E3DF02425BCAEAB4DBE060815BE4B
:10390000CD3FD83DFC6404BD8D0E133EF48077BDE1
:1039100035B06E3D55DE09BE89C9183D828E033D26
:10392000652EAE3D880C243E82A9A33DFCED233DCF
:1039300043D7D9BD83B637BC2F3FBA3D0A4D7C3C37
:103940002AE86ABC79F71C3C228612BDDDA78F3DB0
:10395000DDC9213B358757BC2C3464BDAB2D793D87
:103960004FAAAFB97DCC27BDC55AA03B9D9B5ABC81
:10397000CCBC33BD1C14B63DCB1724BE30D3E63CC3
:10398000CE5379BD5D87B7BD32D7E23DF97BBABC76
:1039900074C35CBC5744E0BC37FC123D9B09C33B7D
:1039A0007C2DF83D8AC8DF3D45499ABDE61B8D3C1C
:1039B0004ABDB43DE10923BCDBE30B3D100B903D58
:1039C00095484E3D4F580FBDB7A4283E432D22BC0D
:1039D00034F1E1BC7F880EBE45E1BE3D4587C9BCE0
:1039E0006AA1B0BCBB8FF43D7F21F4BDD152CABDEA
:1039F000DF088A3D262E85BDB16DB5BDBAB1DD3B70
:103A0000A651363D7399C8BC1BD8B03D3EE0D93CA9
:103A1000C51BDB3D325886BE14B399BC1E00B0BD39
:103A20005953A83CE96B8B3D522E5DBD7B1607BEFA
:103A3000034A8C3DB85F073D6B4B6DBCB37CDE3DEC
:103A400087E6413D37139D3DD6D51F3E3758903B05
:103A500017C99ABD80FEF33DEB9A1A3DA92FD2BD3E
:103A6000ADBD983D4BBB2DBEF3EA2FBD4148BEBD59
:103A7000A370553D229604BE7856EE3D2D33A5BD6C
:103A80005EFB00BE9CDD1BBCDB9C91BD2487D43D4E
:103A90004EF696BCAA8443BE6DBB73BDB537B93D27
:103AA00033C0313BD3EA7DBD6C57593D13EAEE3D3F
:103AB000C344263D291A40BDC1E32ABE7817283DDC
:103AC0006E4DA9BD41BCC23DCD3E82BD2384BD3DEE
:103AD0006823AB3D360DD3BD278F78BD32DA14BDD8
:103AE000A6180D3C2E8DAFBD897E30BDE28821BB6E
:103AF0001E24D83C5B75963D61D4973D76E02CBC86
:103B00006A2B1C3D8094523DA30B94BC6FE2ED3DAB
:103B1000A4FC86BAD5189B3C1EF9813D24D5BCBDBA
:103B200087DC68BD2BA2D33D0A6A7FBD5322403C8F
:103B3000EF3E75BC51BCC33C6F47843D746E84BD81
:103B400077B3073E1768ADBC1B23853B8FEA13BED6
:103B500075935ABD43E59D3D6E86333E4B3E7A3D9F
:103B6000AA31F3BC15579B3DDE27CA3DE6592F3ECF
:103B70001A75C5BB8825803DB487D03DB053CC3D78
:103B8000FDB8013E32D631BA7405FBBC082B933C1C
:103B9000D126843DD059BD3D653F613DFBB58DBD0E
:103BA000A517153C1E068F3D7A0EB43CCFBD0E3EC8
:103BB00001ADD03D658DBFBC94C8F03D17C5A23D99
:103BC000C2850D3D6F6BA4BD48607C3C846D023D99
:103BD000CD898B3DE1412DBBBB3A89BD448CA3BD52
:103BE000EF45823D682F763B6DE29A3D4A1AD83CFC
:103BF000A47699BC03784ABC4C9301BE8521063E4D
:103C0000389D733D60CFCB3DBB604FBDF035903DDF
:103C100055B23A3D6BB3BF3DD642173D4BE8343EFB
:103C20004BE4A53DC231B6BCF331BD3DEFB1B63C6E
:103C3000D46B0F3E59C0433E1AF8313DB42682BDC5
:103C4000057E0F3EF5CC203E5BE4C3BDD481C8BBEE
:103C500077D4943D3BF6953DA3ED5BBDF983CF3D15
:103C60007231993D7DDFB33D595A4BBDBFF1E33B06
:103C70008F95FB3D04E6683D4EC8FF3DBFFDE13C2E
:103C8000B24B263B72EEE73C4BCE3CBE6217C13DC9
:103C9000D2C5933D9F6A0F3E49A800BC483A33BE47
:103CA000E330FB3DB1ACDEBC23E6F13D55EB54BD4A
:103CB00050A288BC1351FE3D25C8EB3C3DA5B6BDC6
:103CC000870DA93DB66692BDA7E4C93CCB006FBD88
:103CD0001E8574BCCD292EBEB9ED99BC02765B3D24
:103CE000471BC7BD91F1D5BDCC64DB3D953C9EBC67
:103CF000D10F073D852A0D3EE36F763B18748ABDD0
:103D0000239E55BE87DFC5BD6492E1BD15AA4ABD9D
:103D10003B0D32BEACA7463E174BC63D03BDDA3D58
:103D20003C1237BD6CABA63DC50AAEBD714ECFBCD3
:103D3000A075023E01943CBDA4199FBDF169F5BD7B
:103D40003F5D793C7E2BB93CC811B93DA3F607BE57
:103D500060CBC13C315E46BD37AD283D3E62193E69
:103D60004D9FEB3D96358DBD08B8043ED12610BC65
:103D70004C14483E116C1C3EDF126FBE36C7B93D75
:103D80008921D63D7D907A3D1FD808BDC7F237BE48
:103D90007B4153BDA49E743BF77D9FBDB0D170BEE7
:103DA00027F49D3D1B23693CADCB11BE9782B03CEF
:103DB000198511BD3321063DB6452CBC828FB9BD96
:103DC000B83C2E3CDD26A83D22408CBDD3504ABDD8
:103DD000242A62BC53EB35BD4B0D35BE0FB94ABD2D
:103DE0002259F7BD4D73993C5C469D3C945C09BEDD
:103DF000B62E33BD429E1C3DE98C1ABE5A44183E75
:103E000034F584BD7F7DCFBD0800663BBF42FFBD5A
:103E100079F4FE3C8CBF813EBEC7C3BD6C4D093EEC
:103E2000FB8114BEDD8E32BCC45A133E4344E6BD52
:103E30009E33DBBCB73D573D0C93E73D183F8CBD2F
:103E40000C3AA5BD342F1DBE287E0D3D36A5713C14
:103E500037840BBDD033043E4648033EB377503B16
:103E6000FE6C663D0DB6AF3C6659D7BDAD297A3DB7
:103E7000F2B196BD6880C3BBAA08F9BCDC4E093E0E
:103E8000D37DC93DC8809DBC46B5F63CF5011CBD3F
:103E90005A5F25BDB10FDBBBD261F1BD125039BEF7
:103EA00034ADB8BCF45991BC69793FBDAA6F203ECE
:103EB0004D6D78BEB64723BE0B7D09BE145662BE5B
:103EC0006A27F0BA709CE0BC829E063D68F9A83C67
:103ED0003C8F5E3D4D44093EC11F1ABEB42C153DBA
:103EE00035A5663DAF3DCC3D33292FBDF0C6B8BCEE
:103EF000CE1D2CBD6998013DEA231CBE01AE4BBC12
:103F0000997B64BC90E2DD3CAFF7D83BEEEAD0BCD5
:103F1000C6C57A3DE5DF8B3DA499B7BD2AE592BDC4
:103F200011BA0F3E435AB2BDF203DCBDB297A63DB3
:103F3000B611003C588AD7BC01FDC73CD2DAE3BDBC
:103F4000353C93BD8763323DCBCAAD3CE7C18D3D67
:103F50000A3680BD65A05ABDBEDF3F3D173B80BD20
:103F6000B0EA41BDE556A7BC8A83CA3DA35901BD4D
:103F7000F9CD69BD6AD30ABE23A3AFBCBC84AEBC75
:103F8000F7C4E3BC531B05BD9FD2D7BCC5F3DCBD52
:103F9000AAAE2D3DB5CF9DBD9386B2BD68C90EBBFF
:103FA0001FFDC6BD6D35CBBCCC6E093D8FCE603DCF
:103FB000181E4E3D3722AC3D86BB23BD612211BD8C
:103FC000F06501BEBCEA1BBDA98DBB3C91CFFA3D9B
:103FD0002C9B23BE653C8D3D1A547FBD7714C83A97
:103FE000A2D944BC6D11943CBDA61D3DD0FE48BD78
:103FF000ACA5203D5AB044BDADF3573DDC3B5B3D25
:104000001C34D0BD308830BD61014F3DA116AEBD1E
:10401000991E653D3358123E1CEEBE3C0A1E42BD41
:10402000A4C76BBCBDAED33C1AED193DF8BD0EBDA7
:10403000E393CABCA05FA2BD817F0C3D952B53BD0D
:10404000DE1F04BD5CB7BE3C58C5D0BCFA71973BBF
:10405000EBC054BDF9A58F3DF92FBF3D242BC33DC7
:104060000C1CA1BD7E80AABD0F4C52BCD465CD3CBA
:10407000AC4279BD75968DBD77868BBCAB6AD83C5A
:104080007160D1BD90A707BD036DF43D45A18FBD03
:104090003F2CFABD4DBA683C99CD3CBD67FF0B3E45
:1040A000F38F683C0D0DEDBD979B523DB86BA63D5F
:1040B000C97327BE9129CEBB6F12B33D3B55323D2C
:1040C0005A8B223EF05DB6BD0A36B7BB489863BD39
:1040D0005B9E2B3D89670F3C4A698FBC2450DCBD39
:1040E00033F06FBEDE1A29BE233C9ABC77D00CBEDB
:1040F00025ACEBBDA7DB8E3D940702BD0A46F43D1F
:1041000086A0613D77FF28BE57C81E3E656D153EEF
:104110004F2C93BD8EC7483E786CBFBDD644FDBDC5
:104120002F8D003E38F14A3D39929D3DBC5E35BD34
:1041300044004CBD141DEF3A35D6223D4A99743DDA
:10414000E354BBBC58CC56BC3613D7BD2CCA2BBECF
:10415000687016BE248C053D296759BD8745483EC9
:1041600052B9CABDEBC529BE03E0C6BE1ACF4ABECE
:104170008737C5BEAA22F93D9BA938BCBD536D3D0A
:10418000432F17BACB57A3BC26AB913D537697BDAF
:10419000C1A76CBB68D2B1BDF476C3BDA6AD8D3EE0
:1041A000F23EE53C244AB43DF47BBFBC54AE8DBD29
:1041B00071F09CBD440481BDB250043C5CC9F3BCA9
:1041C0002056433C07BDB5BCF05B803CB1EB4A3E9A
:1041D00088AB1E3EB5ED93BD558CC8BC38958C3D63
:1041E000D37599BC560F523EDAF7B4BD4C1FB7BD1C
:1041F000FD590D3EAEA2B83DDB87BBBD5743373EF0
:10420000621013BE4FAEB2BC1C9542BE23CFC6BDDA
:10421000493FC9BB6B06A23CFF78813C9EED2EBB9B
:10422000CEDD8CBDB5E1003E416B313DBD852EBE7E
:10423000DE72C83CE99137BC2CFACBBDC5611FBE0C
:10424000251D4CBE5770B63BC72CAE3DEA76CFBDA0
:104250000E42113DB0B39CBCF4DAD63D2234623D2F
:10426000F00817BEDD07D3BD49CD453D48B8833BB7
:10427000E160D63C95ADCF3C0D81B63D4011433D4C
:10428000FF06C9BD12D2FABC9CA48B3DC1AEDFBDF6
:10429000229CD5BD5A0F2F3C13821DBA784C07BD06
:1042A000FB8A6A3D4A3A9DBD08390EBE9772193E97
:1042B0000D10273D9F6E103DCB9D4EBCB884093E2E
:1042C0001174FA3D3ACF06BDCDB703BE85021C3D41
:1042D000C984C93C27F7B9BC31A492BD4EA0DDBC4E
:1042E00074DD87BB7700ADBCCCEA333D75E206BD1B
:1042F0009DB6E8BBE5A63DBDC92086BB0B1838BC02
:1043000095E032BD3959A1BDAD606DBE580618BCEF
:10431000F18CCF3C48648C3D949495BD3B35823CF8
:10432000956D16BD1F7788BDB8DA0BBE5C51033E94
:104330004212B6BDBAA1E8BD04296B3C24EF553D3D
:104340007338393DEC6F293D600973BCAABDA43DAB
:104350002AD057BDB42038BEB793A2BD5EC9D83DA0
:10436000120649BD77142FBE922685BB01B74DBCFE
:10437000D098033CD2A713BE76E4823CEB1BE5BC8D
:1043800002663F3BA060F0BC1743E4BD88E7643D94
:10439000D113E9BCA62ED4BD282415BDC313DBBDA3
:1043A00070FFDC3DE1A6DA3D771ED9BDA5FF4B3D90
:1043B0008FF5013D8A7C67BE3C6BD6BD779130BCE2
:1043C000ECA58DBD7993963C7194603D7E6AFA3D73
:1043D000D9210BBE16D1E03C8655603D96093B3D88
:1043E0004E7B6D3DD8ECF6BDF8F9B9BA266307BD32
:1043F000EFFF943D9C07E6BCCD3CEBBCA3EF85BD35
:10440000B5363FBDF9C7723D38F4ED3D72010CBEC3
:10441000ED6F323D49AF813D41F20ABD488B953D7C
:10442000B64AC8BC1F4B39BEA69621BC3B0CEDBC9E
:10443000EFAF573D052CA63D6118B73CDDD3FCBC62
:10444000B968E6BC2C1F85BD4CFC713B79D8293A74
:10445000E6EB7ABB6E5BF5BD6D0F8C3D771E943D30
:1044600084E1B1BC7A11BC3DDA4EA8BD039C29BCE5
:1044700081D94D3DA6944B3DA38D1B3C71B332BDFC
:104480007561EDBC4BEB75BDCD45B8BD0E7DB3BDC3
:104490006E3A353E220011BCA5B08B3DA3BBE5BCF6
:1044A0007CBF1CBD970D4A3D75FBB7BD2F8BE53D0D
:1044B00079C9DEBC24765F3DCD878E3D8D65A8BD74
:1044C000630A153ECFD183BD5B891FBEC221513C1B
:1044D00095225FBD4ED6BDBD2F75BA3DA4078ABDDE
:1044E000F57E333D80A32DBEF5BC0DBEBF9DD53CF2
:1044F000592D033EC944CA3C5F52963D3E87D7BC06
:10450000A4EF673C29931EBE4ED54B3C6464C6BEE7
:104510001DE3643CB319B43D190EABBDCCBA1B3ED0
:104520004C3CA03D5EF312BDBB06ABBC65560F3CD8
:10453000CEC1A83C1E1306BEB64C44BE2F69A43D96
:10454000447757BC429A8BBB168D453E21C1C3BCF4
:1045500018FF133DBC2FDA3D2FBF193E7DB8AFBC0D
:10456000B18DB4BDD4F9143ECB2F80BD86EB933C06
:1045700045EFD73D2B65E6BD07B0B63D014AD6BD38
:104580000991273CF9CFC8BDBA7BF53C6F95343E05
:10459000B30C563E4B710F3ED85FB8BD971AE4BDC1
:1045A000C42683BD9123283C0DBE4EBEC5D22F3DEF
:1045B0001D81583E3D0A253DD6768E3C551F0A3E4C
:1045C0007282CD3DD7207CBE5CE23BBDF7ADBE3DE7
:1045D0004F83933D9149A23D05BF583DA54311BE70
:1045E0003FBDC13D96C411BDBDCCC53D0338A43D02
:1045F000CA8705BE06DF67BD46B6003D8DAF71BEFA
:104600009DFE463DFC1B73BDCDD4E73DA11DCFBB38
:1046100076869D3CA45206BDDF97DA3DD8E4543C33
:10462000F43C8D3D20746EBDF700EEBDABA181BAA8
:10463000F180353EDEF9E23D8CA2143D4BBD8D3D4F
:104640001933E33C8A6D363D113021BE516B043E77
:10465000665CD1BDC2EABB3DAA0C1A3E294170BDC1
:1046600036DD52BDA8A5DA3D9CBDAE3C24659C3D1F
:10467000E49BE8BC6BD6053E25443A3D51B3AC3DC6
:10468000F230043C86A0CFBDC88560BE777A173D66
:104690007339FDBDA2568BBC1B80683DDB1C8C3D75
:1046A00014D633BD5AC34EBC42EB2B3E2719B93D3D
:1046B00087524A3DD0D9FEBD7D36CFBCB7B49ABD36
:1046C00057668EBD7AE9933C22E31A3E0B96C4BE30
:1046D0006D19FA3D757DE7BEFC701E3CE9A43ABD3C
:1046E00056CB913D2F89053E3A9822BEF53E6CBDD2
:1046F00036EACD3D09569F3D005233BD3D9E51BE29
:10470000CD2735BDA913223C5880183EF480503B7C
:104710007C2A2C3BB3ABBB3C6EA4A33DF819ADBDCA
:104720004353833E42230FBD3647243D458D523DC2
:1047300018A7713C2F800B3E781596BC66E7AEBE7D
:1047400073641A3D52294CBC8E6791BD6F653CBDA8
:104750005335F23DD0CA02BD85829BBD7DD5D43D87
:104760008E65093E6CEF84BD07AADB3D07790B3DE2
:10477000E5720CBE0A56E5BC15F2E7BDBD195E3DFB
:10478000233F03BE44F0CCBD7CA5E53DA4E4FFBDC2
:104790004FED06BD6A44623B9645073E3DE84CBD81
:1047A000FB7B613DD43CE4BB1F435ABD102121BDBE
:1047B00051C4113DE15199BDE054CABD91D854BED8
:1047C00094B6CEBD3EBA09BE0522A5BC9979D53DA9
:1047D000C4AE583BBE2683BD9756FB3D6252B7BD63
:1047E0003B9BBDBCFC19633D9AC683BD76A122BE2E
:1047F000D9CC293B781D3DBD7341F63C962E3BBD7F
:10480000A92DD7BD8AB079BE525AB2BDBC1678BDAB
:10481000D1A3DD3DA0AA263D9C7F75BC43A9A3BDC5
:104820006B49D73D4B7E21BEE161FFBD21EFE6BC68
:10483000CD7557BA26C5BBBDD01E773DDF8B21BED7
:104840003F4E883DF655873D0B70BB3DBE7C16BD87
:10485000561422BDFEC00ABE76FE93BD74790ABE10
:10486000676FB93CB95DD2BC3806903CD5C62F3DC8
:10487000C87CFF3D5B4074BE602FD6BDEF0F1ABDF4
:104880003E2EE5BC1D918D3D0FEEB33973D35FBE57
:1048900020AD06BE6003E6BC64B949BD3EBA053E24
:1048A000572C2CBD07212EBDDE81723DD9711C3CD9
:1048B000EBB496BEDC0D263DB672CABD811AD63D5C
:1048C000260800BE6B063FBBD8901CBD6652063C56
:1048D00077741A3E1B80583DC9E4D43CA3EA443D9A
:1048E000942F513D51510C3D4BB7093DE6E4ADBD10
:1048F000BC69C33CBAF2C13B3237553D97B4C73CA3
:10490000E6B86EBCF82A353E3EF6003E6043123EE5
:104910005B2AC13DCDA1EDBCD584EF3C4C1AF03DE6
:10492000CC11343D40E325BD506EB93D009B913C18
:10493000D95103BDC49B0F3DFA29AC3DFE1C053D7A
:1049400080AE5FBC5C6641BDEA8CB3BC28CB52BB79
:1049500053616BBD52524EBEC387A8BC254E2FBDBE
:104960007D8F1BBDF95705BE1BF56FBBB5B76CBD81
:10497000B30A1E3D00EF5FBDAF37263D8ACA023D38
:10498000B11BE5BC969034BE5463C6BD5D7E1EBEB1
:1049900090B398BDDD4D8BBDB11EDBBC17F749BD93
:1049A000A0D77DBD747AE63C06C0413DD27A79BD80
:1049B000956744BECEB098BDC42BE0BD550C55BD27
:1049C0007A70EEBD02C21B3C839CB7BDA64FC0BC33
:1049D00031BBE6BDB0541C3D2B83003E5BE6833DFE
:1049E0001121AC3D020AA4BDE731FBBD0D2AF0BA8E
:1049F00055B06F3D2A9D02BE271102BB30CDAF3DA1
:104A000041A5AB3C194C19BDD38636BE2CB0563DE2
:104A100031E1823D164F203E85B48C3C1D9618BE78
:104A20007E1309BCE0AD8F3D9A0892BD57648CBCE3
:104A3000DF3A5EBD553529BEF3F3C8BD07BBDEBD09
:104A4000CD88A5BD3AE8723B342A443D700F6FBE55
:104A50000350C43C906C2D3E2B7E0B3CE01FD33D9D
:104A6000020ACDBCEDF20D3EF84CC73DBF5EC4BDA1
:104A7000187DB73C683F6B3C7AEE68BD0BA7E6BC7F
:104A80003B96663D890887BDAB33CC3DE2A5B83C7B
:104A900004B5F1BDDD7C9BBD7F7CBEBD0473BE3E15
:104AA00015ADFA3D62B1A33D3009443BD729663DBF
:104AB0008D5299BD11784BBC63ED7F3DBDB0733D08
:104AC0002976713EDF67B73C89834CBEE675483E68
:104AD0002B39D6BCA69B093E8B5D20BE8BB0793DA1
:104AE0004A29A43C8BAF433E9AC734BB1EA5013E66
:104AF00079B01EBD245E27BE48D5D7BC6488A2BD50
:104B0000315F563CED58ADBD670FAEBD1C21B93DC0
:104B1000F2DBA03D34E919BC4F2E0A3D56C5F93DE4
:104B20002B204DBE5D6A383DD596723EC2EC1B3DD2
:104B30000D0FC9BD19898CBBDBCE373D9977EEBD12
:104B400080BF093D51217DBD9F0389BDF8F1833CA4
:104B500045BA613D7C37813C96D2DA3D7A4FEDBC57
:104B6000770F043E6378E7BCFF4A91BD7AC4BE3D2F
:104B7000EC8886BD13D5C43D054CE9BD35EDECBBD5
:104B8000A765E3BD4BD5363D586FBEBD1F20C1BDE7
:104B90001AF58ABC96BCA33C1AAB1A3D48089F3D47
:104BA0006D8AC1BBE907E03DA48BD1BC2F3CA7BEF9
:104BB0009CB27F3DB19381BD57B1DBBCE5B4573D9D
:104BC00030893C3D8A1EF8BC78EA443E0EE30EBDB7
:104BD000FA5126BA9A4697BEBFE4F7BDB8F6AFBC05
:104BE000E5886BBE0D5D42BEF3438ABEBC3B81BE11
:104BF0009C83813E798C5ABDC5D51EBEE6FBA8BC00
:104C00004F99583DF47ECDBDD35087BD16912EBE31
:104C10000264C13C060A6A3E6D3C83BB332961BC19
:104C20001D4FF43DF6FDBDBDAC84FA3D96891ABD1D
:104C30007F1C6D3D90FF55BE9D3118BE905DB33D0C
:104C4000DFE401BD8E6D1C3D873A983E1CD6D9BC71
:104C50004A6CE63BFCDBC83CA548C9BC5DB173BEF1
:104C6000E93D113EE72D8FBD447272BDD6A0C23D15
:104C70005FDEF6BC7A36EC3B2B11143E95DD0DBEA3
:104C80003F4231BCF741B3BCA5EAA5BD6D74683D98
:104C900034AEBA3D37BEA2BE1B836C3DFBB33DBEF6
:104CA0006A6F3CBA7F9F9C3C32F44E3D560B20BE4F
:104CB00041C07CBDBC18EF3CA8ED19BE74386BBB7D
:104CC0005484E9BD126BC6BD5905A8B89E677FBD67
:104CD000962816BEBF4F6EBDFAFDF6BD7E35B03DBF
:104CE000239B51BEB0658FBD06F2C3BD25C3163EE2
:104CF0001A169DBD834C123E32987B3D229BEFBB22
:104D00006BFB7ABDB958E9BD22AAD9BB6621BFBCED
:104D1000DF774ABEA619633D36E4E6BDB1FA9C3C96
:104D2000B0664C3D67BD3D3B1D07343D46CD47BE9B
:104D300003E9503DA83F013A7A8CA1BD8F4794BD4D
:104D4000D23DEEBD848F7CBEC980C9BCBB35E33C7F
:104D50005FEF4BBDB22771BC72E42C3DD9CB90BD47
:104D6000EBBEB33D9A346E3EAE1DBCBB6D12AA3C89
:104D7000FEC4983DE607CF3DEE4B87BD66CB783D40
:104D80007693CBBD4F808C3DD499F8BC4CF1C9BE15
:104D9000C5A28CBD101C323E333188BD1AC369BD1B
:104DA000478ED73D58C4A63D79E8CF3DE36822BE83
:104DB000F96435BEA959663D3E154DBD1FAE1DBDFA
:104DC000539D073BED3728BD3C93533E6AA7F83D02
:104DD000FB901C3CA5BF133CC7B4BD3D781C85BDF2
:104DE000969B84BD900DEDBDEB91C6BDAABC39BDAF
:104DF00060C0923E53E5793CCC95AFBD1251C7BD22
:104E0000FD4A45BD5E7EDFBD0A4935BD27DA8B3CD4
:104E100037F0C03DAAB7E0BD04A99A3DBA32163EAC
:104E2000A3C94FBE871A43BE28174D3E68E703BE8D
:104E30005A0127BD16717C3DBE869A3CA080F9B907
:104E4000E79AF13BAED8463D37EF4EBD5347643E3F
:104E50003274C1BD4867E23C0E7433BD49E63ABEC8
:104E6000692AE2BC0E0DE13DEA6F67BE806F033E2A
:104E7000E8198F3D3D9A09BDB956A43D3834183D17
:104E80005F3B0ABE1A4FE4BDAB370FBDEB6D8FBD64
:104E900090E1833D50D60C3EB3D3D43D09AE383DAE
:104EA000EDF65FBD87DCB23BC4B03E3E078AA13D54
:104EB000D7991FBE5B2F8ABDE9061DBD59CA83BDA8
:104EC0008625E1BD05B1A0BD82DC63BDE6E4933C6F
:104ED0000973F23D36EE51BE5C5822BE62841C3C22
:104EE000A68DBF3B79D1323DEAFCF63C7EC3E03B68
:104EF000E13C8A3C60CA32BEC4C77FBDB1C83DBC7C
:104F000003224C3DA2DCE73DA665003DBDB9ECBBEC
:104F100061F99F3DF0A5ECBD8B640FBD6ECFCDBD9B
:104F2000E701D23D0521693D9E597ABDF9E4B8BD3E
:104F3000F6B6E5BDAE08883D0F53F83DACDD663DE5
:104F40001B9064BD884D653C7D45DEBCC8212F3B70
:104F5000E1E2B5BC1E70CBBD4FCE1FBE95E9883CCB
:104F6000D267F63BC5FDABBC08FB44BE4D14223DE9
:104F7000351AA3BD05CFBFBCE322133EBE89C43D95
:104F80000C1A3FBD95BFAA3DFC92833EA3F5363D6A
:104F900079350E3D53FD253D6CA50ABD71D1F73D18
:104FA000A4CFAF3A5CF0CC3DEC70A43C0978883DCE
:104FB000B0E052BDAD4BB03D8EBFAE3D479984BD14
:104FC000D5CE82BDBA559B3D58FB343EBDEF563E13
:104FD0005CAC43BE02C7C0BCDC91803D8370BB3D6E
:104FE000CDB098B7B7E5483D5652B2BD49600BBD4C
:104FF00049A59D3DCBF0B23DD285B03D029F103D0D
:1050000063A9CEBD2982A33D176DD9BC9EFBA2BB6F
:105010004C4D833DFEA951BDF79BB13CDC9C8C3DC2
:10502000E0BD33BD5F5F65B9570E9C3DE713873D1B
:105030002C2AB33DFB0E8FBD8EB3D8BDA64BDABC78
:10504000C847AABCCDA00D3E12A5E73C082C15BD53
:1050500002935F3DEAB57A3E7CE1CB3DB8D592BC88
:10506000E7BAE7BD067664BEC19387BDE4A1963C6E
:1050700017827CBD68108D3D9F6F1ABD6EA077BDF5
:105080003B0CB63D0D67703DA8A8E33C367ACDBC1D
:105090002B32A1BB13777ABD0F87A43C7C446FBC35
:1050A0000A61043E17E036BC9CE5E13D0175D43C45
:1050B0000901593ED91E673C554822BD7A114ABDA7
:1050C000DF49D33D819C03BDE04E8EBC0A05823D85
:1050D0007CF96C3D93094BBD66235E3DC69E113D38
:1050E0008EECF9BCB42D25BEDD33503D80191D3D3D
:1050F0008EC7D73C8AA0533DAB3425BECCCD0D3EE8
:105100007396E2BDDA0044BD9B43FDBDDC62903D79
:10511000598E3A3D00EC183E270DB0BDE6A31DBBED
:105120000F7DA5BD182B203E76351ABEAC8796BDE7
:10513000059FA03C5747AABDBFADA23C5215CE3D2E
:10514000127296BD82F4C8BCE200A93D552301BD90
:1051500053D9553C2A8CD93C42C208BDBE6D103D86
:1051600068403BBE6F004CBEAC31B6BC2850503ED0
:1051700029A6413EBEE3663EDE906ABB2A32CBBD25
:105180004EDAFEBDB6B1F73D042EEA3D30E7743E7F
:10519000DB6B663EBBF18F3D0AF18CBD07F0C3BDF2
:1051A000F5D2523E17FFCBBC76E290BE76245C3E31
:1051B0009C6C3A3D804B3FBE45DDB03D48AD563E10
:1051C00068856A3E615D1D3E9D9E91BC3BBEFABDF9
:1051D000855A2CBEDADED23DFAC2D2BD6BB9CCBC48
:1051E000A7A0F03CFDE7E23DDDC7C73D6ACADB3D55
:1051F0005B13333E999A443B4BACB0BDD75AE13D6B
:10520000DDD5123ECFD89B3D6465AC3D23A6FD3C69
:10521000393FB0BDDA753EBD096CC33D5E64903D5B
:10522000548D173ED16DDABCED1148BD355E3E3E62
:105230008B3B303E1146DE3EE68F843DD32D823ED1
:10524000599F923CDB84743B3F43A3BD35BDEE3D8B
:10525000C675373BADA8483EBAD582BDF5853E3E02
:10526000BE53BB3DFCA6CABC57EDD43B71B0963CC7
:105270001EE8A13C69A9C73C602F75BD413B553D67
:105280002A38F53D7E0C52BD0A41AEBC8145613ED7
:10529000ACCA1D3D8E51073C7A00BD3D2FEF1DBEAF
:1052A0008D7C63BCC30026BD0CE3D7BD2004FC3D50
:1052B00000E2983DB7513CBD7FF1883D514BA7BD01
:1052C000ABFD313EBE6A823E16A0C73DBCF351BD68
:1052D000F2CA22BEA9FC3D3E012D3EBE99918FBC73
:1052E00089C88F3D14F9343C3589B93D9A7B1B3D03
:1052F000860B96BD6239373D7E12CA3D7C64323DD5
:105300005697973DF55DF3BD8A0D2E3D541D65BE44
:10531000B417853C7EC68A3D7F7D28BD78B488BDA4
:105320005F8B593DD4E225BD311914BEBBBD6D3D27
:105330005C13FF3DD0B68D3C800B19BED44DFE39B9
:10534000B3F601BE1B7B94BDF331FD3D91E5FD3D00
:1053500046DE233B37386E3B2313E3BD09F8963D09
:105360000B0C3DBDDFA21B3E40F8D33C84F0453D15
:10537000114D1DBD85E10F3E0CDC6BBC5A62353C06
:1053800051E491BCB53DEABD8A0AD43D12B96D3DE8
:10539000EFE1073C0644963D40C989BDA73F183D53
:1053A000CE0174BD1EFBAC3DC829CEBD1A873CBDE5
:1053B0002CFC363CEFF9E3B9683848BE496DAE3D88
:1053C00084A1853D84731ABE1E30BC3DE74EC83CA7
:1053D000137189BDE1AF7BBAC26AD5BD15235B3DB0
:1053E000EA0C8B3CBFD5E8BD3B4442BDE70DD2BCC7
:1053F000E8171CBCC9B8B13D7603ECBD5534C5BD3A
:10540000F8D300BCFB19153DCD8A0F3EE6DB5DBE2F
:10541000825CD3BD2BEA8F3EC81AEEBBF117673C06
:10542000626F78BD027107BE09B60D3D3E854A3DEB
:10543000DC3DFC3A9226883D525F383D7402883D3F
:10544000A484B0BC86CD2CBEBB5E9DBD038B75BC59
:10545000EDA7B3BC18990A3E727E8C3D6211E4BD83
:10546000B4240E3D36A722BE2DE918BCE0A8043EA8
:105470009C12F5BD8CA1593D1F18F63C161D6C3DC4
:1054800010B848BD74FAD23DFF8808BD6F13863C42
:105490006320963DD85F823D32C77F3D098D183D20
:1054A0008A780BBD1FB74BBDD815DA3CF652EC3DE0
:1054B00009D0043D87808C3CDC37B63D4386D5BDA2
:1054C000B6AF85BD77DFC8BD9D0221BDEBB12EBE55
:1054D0005BB1083E2A3F9FBE135DCEBCD83B4E3B1E
:1054E000CF0B9DBD49BA0ABE71C0BBBD33258CBD73
:1054F00085D3F2BD4EA17E3D52E0F13CF843123E11
:10550000E8F0413D8A297EBDC0A3213D69D7773CA3
:10551000BC3DD8BDC7295CBAF37DB3BD4922A6BB4B
:1055200028F9E13D88E7FF3DEF0045BE5FFD9E3C69
:1055300015290C3D7C969CBDEA94F1BD13AD02BDCE
:10554000D5E9573E1AF0A6BDFF56B63D2B6C0F3D70
:10555000063613BD6FC02E3CF1AACFBD8E24303D60
:1055600082EDEFBDDBE66FBEA0F227BC6703AC3C6B
:10557000FD1FE03DA72B153D2F03273E3CE8A03C37
:10558000AD3D003D2CA4AB3D89F8003E641C22BD1E
:1055900073FEEB3D85825EBD503B05BE36DCB93DFA
:1055A000F993B53DE97B453EF2583ABEBF3BA33D7A
:1055B0008DF80ABDCFB3A0BCACD5AFBC7FE4033D32
:1055C000A0442B3D06BFA93DDADAED3C71990A3EB5
:1055D000AEEB24BDF2E5903CCAC4883D035DC63DF8
:1055E0002EC916BD4742B93CC8E7D63C361CD23D51
:1055F000D1341BBE5C4FAA3D0E326D3DFE9B143C68
:105600005203A6BD576F453E829A133ED21C33BD4E
:1056100009671A3D227499BC5BD68738B5D5DBBDC6
:1056200083CFE3BD2EF4583DAFC81DBDEEAE2CBDFB
:105630009410813D126CFB3DACB6A43D1CFA20BE1B
:10564000296F77BD46B435BD3C5D9DBD521082BD0E
:10565000EEC9D13C99B4833D0BEEAD3D1AD6353E33
:10566000D172A4BCD43F403E718E04BE87E90CBE0B
:105670007014CDBDF09142BD128AA8BC08140D3D36
:105680007E7806BD37F29ABDA98CB23DAA97843DBB
:105690000464913DF528643DCA72AA3D68C62F3B5B
:1056A000927DD43D1360D9BCDD63183D3DEC2B3EAB
:1056B0003DD13BBD356EBA3D806562BD7995AABDD1
:1056C000D716703EE40BCABCD180103BA79F8BBDA0
:1056D00006B566BDD6763D3D4C03C23D417DDCBC82
:1056E000A3A4EDBC3FFD9CBD35559F3D88A19BBD4E
:1056F00020D6FBBDCAD0BD3BACD2B6BD555A073B88
:1057000087F71BBCD4236DBDBA53773D2AE600BD95
:10571000EE6DAEBDE446A5BDFF5CD2BD6194CDBBD0
:10572000166D3BBD1D90083C9F9E27BD224633BD94
:10573000F862CDBD6D1663BD53E5A2BDCE42D2BDAC
:1057400073FC0CBD1B91253D5160B03C2E0E2BBD52
:105750006526143D6C33B4BDD7FCD1BD423F8ABD34
:105760001D7B423DAD83EF3D387855BC33FE06BD11
:10577000541C0DBDA6682CBDEC2962BD2A26C03C78
:10578000459092BD028261BAB1A4A2BDB4B993BDE5
:10579000D7C9CB3C58FE0F3D0A87ED3B6B957BBDCF
:1057A00019C8813D3E438F3D6B5734BD439451BD75
:1057B0000372303D693F31BCF7D67EBD644E2A3B53
:1057C0007755B43CD7D25DBCF3065E3CD34D5EBB8F
:1057D00068086CBC4CD894BC74429DBD8406693C7E
:1057E0008A4312BE839223BE176329BE23352FBE80
:1057F0005BF5D3BD63474CBB7CCF0B3EE6B6B23CFA
:105800003A44D1BD1B0F283E35A6903E8F69203EFD
:10581000C282253ED5AEA73D986B253E497AD0BDC4
:105820004CEA313EF0E99E3EA4391FBE05CF19BEB9
:10583000405928BE92E894BC67225B3EEEA7B3BEF7
:1058400012B92DBD88387FBEF1871A3DD12C1D3E7F
:105850006C386BBD369C133E919F8F3EB38D2EBE30
:10586000023942BD7D922BBE0955303E1E8B003E53
:1058700021DF0E3E1491ECBD8507943E50590EBDBC
:10588000EE5D4DBE10FE423C9DC45C3E9E99743C54
:10589000A74993BC2F5211BCCBFB8B3D01F7753D43
:1058A0004C2BF73D4129D8BD2D4A033D6373403D44
:1058B0007EF3923D9D0A8EBD80C0C3BDC01A8B3E53
:1058C000375B3B3ED1E7F6BB101689BED5271C3EA1
:1058D000A0FA09BE2B4FB53CDDE83ABD200E8DBEC7
:1058E000C0A2FD3BB501D83D76EA243CC35B893CB0
:1058F0005A8D6ABDB95440BEA18E1D3DA1C0B73DB1
:1059000037922EBC9F1DA23CCF4D52BB23A8F3372C
:105910009364963D1B95F4BB15CE843CE24E61BD6D
:10592000187FB23DE5D71F3DA59808BA49DDBC3CBC
:105930005FE55E3DAA3B35BE37931EBD210F9B3B05
:105940005FEB2ABE1FAF733DA569883DD8AC583DBB
:10595000F65A473C26A48EBCB5D9073DC85A30BE7E
:105960004CFB45BEDD1F0D3D9B33F2BC98A030BD06
:10597000CB3CB8BCDFDFBABCA253423DCE8FB53DB5
:105980007BF2E3BC345D02BDF123DDBCC071053E9A
:10599000C3995B3EE191833BBDF0753E67B70C3E1A
:1059A000B4B03DBD2C6AD73B939D763B799BFDBD42
:1059B000CF21963D9BB70B3E1862CDBD0606AB3D91
:1059C000694F10BD2A3E883C229A68BDEA8926BEEE
:1059D000351085BD9F08F7BAE74D653D33FAC3BD65
:1059E000539E853D4F82A3BDFEC5193CCF0C31BDF2
:1059F0003EBAB73EAD927D3D590ACCBDE6339C3DE3
:105A00002CF8893DA7E48ABD85F0143D327A953D96
:105A10006BF6DCBD4781F5BDAF826DBEFA0D6DBD85
:105A200021B50CBEA22422BE0838D33DE010B43C00
:105A30006C2A16BE730088BE44E482BE5B3EFB3D0A
:105A400014FCC83D216EE2BD2ACB32BE61493B3E0B
:105A5000D30D2E3EA443C93A6B1E93BEE21F8A3D6E
:105A6000954F35BD42FB473C8D0B31BE78974FBDFE
:105A7000940208BD9C94DF3DB63FA5BDE211533EA4
:105A8000F74C173EA6997F3DDD1BC7BD2C7C5E3EC3
:105A9000510B173D8245563EC7C9E2BD3DDEB13DC3
:105AA0004A12513CCC68593DC5D980BE9CB13A3EA2
:105AB0002EC2AB3C8C7D393DDE0F6ABE9EC11B3EC3
:105AC0001E58AF3DC34F443EF4F310BE89E8133E69
:105AD00008C782BCDA348ABE2D2C5A3ED6B9E8BD3E
:105AE0000802803CE8B1BC3D1167EFBCEB4E923E32
:105AF0008594113E3EA8CABDD95D383E3BDF75BED8
:105B0000918702BD6D6422BED65B5E3DA292CFBD81
:105B1000EEB4BABD882F6ABEAF4BBD3E20465D3E97
:105B2000E84A51BEEF8018BEA465383E0A6B463D78
:105B30008AB41BBC8D20EF3C16B4B33D158E12BE4B
:105B4000BCE41ABE9D5ADFBD7B7D153E2E34C9BD17
:105B5000A4D0A33E9F6787BC0A91133ECF7D4B3EE6
:105B60001762C1BD08FA65BEB89E35BEBF7A553E04
:105B7000F56C82BDB007153E859233BDEF125B3CDC
:105B800008E0983DAAC0F93CB89434BEA16F98BE15
:105B900068C457BD5924893DF2BDF0BDE4BB143D36
:105BA0004B680A3E54C62E3EE6AF403EB49F35BE1B
:105BB000A341243E02D3B33DFBC4463E5D02873C75
:105BC000ED8C103EA2CE28BEB04E8ABE314C223C97
:105BD0002B6443BE793089BE96168ABE4A68983EC9
:105BE0005FFD18BE606F41BE9028183E3F9A94BC7E
:105BF0008D323A3EC9D8F9BD31CDEEBDE8E053BE95
:105C00000770C1BB582B813D86F202BD8CC7F93DA0
:105C100008536E3D5D29893D0EB304BE47A0DCBD2F
:105C2000E1B3E5BDC2B1BF3D1B42F1BDA786FA3C61
:105C30006E886BBEAD1572BD9DDA91BEA74DA83DB5
:105C400070CB35BEEB84073C99B614BE7B4C013E4D
:105C5000017DC53DF063F73D3276AE3D3C8025BE0B
:105C60009C6DD3BEDCB9D9BB136B95BEB0B9CD3D2D
:105C70004CFE053D80A5593E117D823DFCF2CDBD17
:105C8000CB52EF3D5F6C47BD8311EEBCCA9C0A3E10
:105C9000BDB4E1BC0AB1323C016E74BEF2A7BEBD18
:105CA000A07B59BEC7909E3D65288CBED10EE33CBB
:105CB00052CFAB3D45101DBE2C1799BDF76A2ABDCA
:105CC000DB77C83DFE8355BD19FEB73D79B291BD66
:105CD0005366963EC491A33D9C4BC13E8A96413E7D
:105CE000EDCBA03C1528813E71D87E3D297E333E08
:105CF0000966393EF03A103DDE07B0BDFC1485BDA3
:105D000097691ABD10C300BC52633ABEEE53663C9D
:105D10002C4B70BE8B48313D29CC813E505734BD51
:105D200080397C3EE6AC953E230FDFBD43CDABBB57
:105D3000BCE7A5BDEFE2443D9CEDB0BCCEE2C2BAEB
:105D4000DB717DBE8CADA6BDD5E0C3BDBA1E413EA4
:105D5000D1A3EA3C0E6A0F3DF96DA33D2BAA09BE03
:105D6000BAD4D03D40651D3DF7A13EBEF205DBBB78
:105D7000224D1ABE432DB13DD60A433DE74E80BDAC
:105D80003FD7DB3DE1C4B8BD86904C3A4BD1FABC5D
:105D90001416A7BDF369813D031228BEAE9730BE2D
:105DA000DB255BBC05DFB0BD9D440F3E0A7B07BD14
:105DB0003820B03E737F633ED4DB2E3E2236B3BD27
:105DC000876058BE87571DBEA4A0C8BDCBF13DBD9E
:105DD0006C18AA3CD3D024BE7DDF643C71861DBE06
:105DE00018710ABE0ABACEBD6BC2163E8030513D54
:105DF00078F1B03CB8B116BEA07CCC3D342A0DBDC4
:105E0000CAE683BE1030943EB68B273EA3F3DDBCBA
:105E10001C3A92BE93E3143ECC3E943CD735873D6A
:105E20007AF0013DAB36483C98D647BD54A24CBCF5
:105E30009B68843C235104BEB3D838BEA61B21BD49
:105E4000C3F3603D7E3118BEE1BD9ABC8314853D2D
:105E500058AB053ECBF934BE0A444A3E869E6C3DA3
:105E600054ABD83CA503C43D7AD826BE1161753C1D
:105E7000B85D4CBE4399B43CDACC16BD40A072BDAF
:105E8000110821BD8E3F36BB5D3D20BE790935BE70
:105E9000FA4797BE8A0AA43DB89833BE5A579DBDAB
:105EA0003D9A83BE03E80CBE2EB57E3B71169CBEA8
:105EB0002CE81DBEEC865C3DA87C623DD90522BE67
:105EC0004232B73CD1E8743E4026EDBD9C23A7BDCD
:105ED000F1A2283E05DC73BEBC50E2BC16E8F1BD61
:105EE00092DB863DCA34923DD1399ABEC924223D07
:105EF000516AA2BB52A9F43D6BE7303E9B3A35BED6
:105F0000E5E6CC3DBAB2573EAFA7E63D0D3B7ABEC3
:105F1000B18113BE780A00BE2593903B09680A3D03
:105F2000707E75BED58CDCBD987BE83CC75C5F3C61
:105F3000DFB32B3C8DCE1A3DD9B637BEDABD99BC46
:105F400061D17ABE3AF24FBDE8AA25BE350B373C87
:105F50000EEE2B3EE42E5CBEE98B513E52ED4C3EE4
:105F60006BBDEC3D475A79BD1C03DFBC80C19F3D32
:105F700074224EBEA65A87BEA09A143EA909FA3CC6
:105F800042975ABE161236BE5AD428BE5AF18B3EDC
:105F900073923E3E16D721BEF0A5AFBDA91A393E79
:105FA000A824113DCAC512BDC3721FBE16EE10BD96
:105FB000230E1F3DD0A034BD016C0FBED26E31BE8A
:105FC000C790C7BDCB8F173E3A0C413ED6746BBE0F
:105FD000B059913C1508ED3D74C2D33C0B4E0E3EBA
:105FE0000B7B543DAD6E013DDC54973DBEFEACBC19
:105FF000310A1FBC1EAC35BEE083D03DF71705BD8E
:1060000071884D3D52371ABEA9CF013E51C4B1BA75
:106010003F662E3E19C9FD3DB7D85E3C592CB9BD2F
:10602000D430323E946F0E3E2D82C73CF5E9FCBD64
:10603000C5BA92BD5ED67B3E121233BE5AB9D2BCEF
:106040003D30353EC6500C3EE0C93C3EA62328BE3E
:10605000873B823EB4DF0A3EA263B13E3FC1543E5D
:106060006145093EB8270A3E2D44FF3D61460F3E7B
:10607000905D833B124E8ABEF7E0A0BDDE8C933D5F
:106080008B21D33D7A50103E918316BCE77ABBBD7D
:10609000A60AEBBB8E6BA43E8EF1ADBC96985DBD9F
:1060A000B250F93D243EA8BDE938CD3EF8588E3DAA
:1060B00076856F3D2070373E34486FBD236289BCC2
:1060C00046FD52BD559502BE2694BC3EEF001C3ED7
:1060D000DC104ABE27D2D33D8C457C3DC3C5043D70
:1060E000872C4ABEA1BF7FBE0EAE843D7BE03C3E06
:1060F000F242343E4A3227BE335AEC3DD741183E75
:10610000D52468BD90895DBC20E7DB3D8E33A43E7D
:106110004399E2BEB3E5613E83348A3D56F414BE32
:106120005641133D0F46403EC191D23D00B79CBD44
:1061300019D4B4BEF87FA03E9C092CBEC930FEBC69
:10614000322A31BE0B3BC63DB4D2EEBD59EF21BE63
:10615000B39F89BDEBCD18BE1FB3D2BDDA954A3DC2
:106160000780343D5594FFBC10E832BD9C214BBDE7
:106170008B93D5BE9886B5BC353A7F3D51B687BE68
:106180006FC4113EF5E0DF3DE456953E181F9C3E7E
:1061900092AE413EF18ECEBD2DD0443C96A4E53D5D
:1061A00040E05CBE62BE84BCB353B23D42372BBDFF
:1061B0002ADA7BBE3B6D0B3E6825DEBDC85E84BD22
:1061C00094BA82BE3EA515BEC623F23D8A676FBD56
:1061D000A3FDAABD6C639A3DCA460ABE587A1C3E0E
:1061E000EB8B9C3ED1BC9B3D89E0D6BD16ED4B3E72
:1061F000B6CBFC3DAB0CD3BD6C60BFBE7251D7BDFE
:106200009628313EDE9F413DA347653D32283BBE87
:10621000F12E0DBEBE47133E8A1B2BBE0397CF3D0A
:10622000B09A68BE7F0E063EB858893E6E1D7DBD91
:106230001BBB47BD309D10BEF1610CBD7670933B1A
:106240000895E4BDDE5D3F3E2287EB3D5D8DFE3D62
:10625000FE7E5C3E04827EBEE3D2F73D295557BEEA
:106260009F6E8F3D3D449E3E3721793B2C79963B76
:1062700032930EBE422CB73C692236BEF4962F3EB6
:10628000175DC2BE993E90BE5BEB5FBE11A8F7BC26
:10629000069702BE9854C6BC3F2F4B3E625121BEAA
:1062A0004D41EE3D5C54C23C80A3A1BDA8C1DE3C83
:1062B000F8519D3B448A92BDBDAA8F3DCCD61BBDF3
:1062C000F86D813E1556383D492594BDDA5843BED8
:1062D000BB92B13C8B107C3CBE31FEBDE4F7AC3DC3
:1062E0003EA632BEFF2EB93C7498773C0B5DA93DAB
:1062F000D3208E3EBDE7083CD1378A3EE9A8B93DA0
:106300005C6262BE1EB281BCEF1551BE8D667E3CE2
:10631000C0B7D8BDEA9487BD010AAA3D49D4E33D80
:10632000713430BE67873CBE3B8F4F3D4ED27E3DC1
:106330000FD0683E4889FD3D1CA7A13DA2D618BEDE
:10634000670E79BBA5F4A33E651C36BE714D913E28
:10635000DB06503BE55997BA205692BDBCE21C3E85
:10636000F8F3CDBDF0252CBE3214F2BDB57947BE91
:10637000765B72BE97038B3DB77529BEDFB016BE44
:10638000D19B46BE464719BE2DE11DBE7C51893DBD
:1063900051C0E9BD9F3F12BE53FFA5BC5522C8BDE9
:1063A0004BCD803E3F4A83BE415C403DCFDF393E0E
:1063B000A535703D950E92BC3AFFA9BE3C4079BE12
:1063C0000663ADBA61E040BD0C4D403D45467BBD26
:1063D000478D8C3EC52FA63D6729893D32E5E0BD3E
:1063E000B7BD4B3D77B506BD2ACE3F3EBC51F83D0B
:1063F00062DE8D3E498106BDAE3FE23D41B62DBD18
:1064000088E0CFBD8648043E0402EA3D1F1E36BE2A
:10641000FA9BB3BE1115B13D0D9118BE6144C93E42
:10642000BF7EDF3DD8A116BDE7D8F5BD8427DFBE0E
:10643000D182F7BDB3CC23BCF39924BEE33213BEA3
:10644000C66E90BEA5D3D23DC1BF53BE9FB08C3E99
:10645000DD40E0BD89F2193E3ACFA93D943C0DBC28
:10646000C3EF4A3E61674EBD8FDE093E58346DBDB5
:106470002E0CE23DB7B0783E7C298EBC9A25B8BD83
:106480003B16C4BD41F969BEF4A3653E9426F93DAF
:1064900071F1AD3DF74DD93EDAD5C7BD280C80BEB0
:1064A0005669EABD96B81CBEA9A1ABBC0B7A19BE51
:1064B000D58DA1BEAB9C89BE11E6C5BD969A973D10
:1064C00081DCC5BDB0726CBE8C72203D563707BCF6
:1064D00081DCB4BCA270A93D728290BD4DFC5A3CD7
:1064E00075E5C53A3CB4A73DE796FEBDBEBC7EBC93
:1064F000A1B651BD6BD3BBBD5821043EBF02613D67
:106500000545CCBC3C85153E10C10A3EF0A186BDB8
:10651000936E65BD66FCBCBD2B1397BC079CA13E6A
:10652000DC1F4ABE5D6A0A3D0A69BA3D3598093DDD
:10653000781BF43DB6A781BEADEF123E7FEE4E3D17
:106540003F6D0DBE0D11733DBA89393E891AF5BDF7
:10655000EEE143BE6A89D4BD59CA6E3E3C2FB0BC41
:10656000D24A243D914496BE4AA52BBD6CC7C0BEFD
:10657000D68027BEE0E5A23E871D3BBE2FA9E5BD24
:106580008AA437BEADFA2FBE650A403EAA9C143ECF
:1065900024E116BD6581AC3C7420313EE366A33C2A
:1065A0008DDCBC3D4EEF84BEE990A13BC275BF3D82
:1065B0008C32F23CFBEB8C3CA428513EA00C0C3EF0
:1065C00093A0BFBD020CE1BD2C2D8EBDD64422BED2
:1065D00052C4ABBDA80BA83DDF66F13D64B9873D51
:1065E000B1C6763EE105333EDF66D13D5A32BBBED1
:1065F0002DCF28BDA305DFBDDB10DBB98D8A80BEA2
:10660000A0E831BE4739133E4B83033E2D8080BC4A
:10661000827E82BD87D3DC3DAA8FED3DD6FBB93D9E
:10662000BD1EA83E705F8D3D3ADBFABD77242BBEC0
:1066300071129BBD3CD56F3BE535C6BD6CDD27BCFB
:1066400053D1343E1078033E229B5DBD3068773DC8
:1066500031B4893D7A9D00BE199C013F28E0D03EAF
:106660003F560BBE89CCA63C76F450BCD50EA2BDDD
:106670006F6E86BEBE1D92BDFD2960BE9B8CC33D64
:10668000CCAC333ED7A0183E336347BE332FB33D67
:1066900051AE983D605CE33DBE6292BD24D1C43DE5
:1066A00082F7D53D77B51FBDA08F41BEDD62D23CDC
:1066B000E0BDA53E7D2D6C3E1BB0CFBD4DEC043E34
:1066C000A130A43C4AED993E2E7564BE61D6033ECE
:1066D0000F62EEBD24E5D03DDCC628BEDC5BC63DC6
:1066E000F87FAD3EDC0FA1BD1DBA723EE9D97D3EFB
:1066F00082E467BD40BF9CBDC13D3EBD0C37453EF9
:1067000078A49D3D80A436BDF1D0D7BD9BBB1C3E77
:10671000FF69223EA6569FBD7A16393E56CB2CBE47
:10672000D47E15BE6792BFBDC7BCAABB7F0DAB3E72
:10673000D837B23DF728B43EE085D7BDE25AA3BCB6
:10674000BAA2133EDCD9B23D8F163A3E90583E3E77
:106750002B599DBEEF19A3BEBE8400BEE37D8A3EC9
:10676000296E8C3CED49E9BC88F8F4BDD6D5AEBBAA
:1067700071C6D63D8749AC3C3CE582BBD262E6BCE3
:1067800050EE043E13F9F13D0DCB19BE89E650BC25
:106790009EF5253E77B750BDBC552ABDCE45DD3DA3
:1067A0004F10E83D072A043BF37CCE3E0ABD10BCE7
:1067B0001CA322BE8A5515BE7971D7BC962633BD5F
:1067C00011F583BE8458D8BD489401BE2DFF2A3EE2
:1067D00058685EBEDC7B85BD77669DBD0F14AC3D01
:1067E00042F05FBB4435B63D9F37C43DA99F113B86
:1067F0000C439DBC6E8FD5BD8672DF3CBC320CBE97
:106800007EE9593E715B30BEDAEF2D3D97674F3C14
:10681000C4D7B4BC260680BE089746BE25B0173F35
:10682000BD5109BE304DD93C5085323DBCDDE23D05
:106830005DDFB53B643D343C1B20CDBD1FD18C3D9D
:106840009491C2BB066DF1BDE7DBEFBD5FE1783B24
:10685000B75253BED2B0B23DDE4C943C88F9DABD9B
:10686000480D66BEC2C6083E6C8C523D2A078DBDDF
:106870009935BCBDD6EEF6BD76DA12BED34D8D3D50
:1068800045F7A8BD9B44C3BDD9E6D33BC653423EA2
:10689000C79120BDE2E5093E6D1E2EBE2338CDBC5A
:1068A000166A1DBE0104B43D3A02AFBED17985BE61
:1068B00047E5373D757C63BDC37F7C3D6871EA3D2C
:1068C00016060D3E155CC13D8E4414BDB41E9F3DA1
:1068D000BABB1F3E5FBA03BEF188D93D0967E9BD67
:1068E000B68D67BEC43F393EF52819BE97A4633EF6
:1068F00046128C3D76212A3D3F63BA3EFD028BBD98
:10690000E2D726BEFFCF10BEDF10383E70A447B9D5
:10691000537737BE04E48EBEB1B1D43CD562903D0E
:1069200032663ABE050CE63D449CF9BDCE3259BDF7
:1069300030D4103EE3BD47BEC5D7223E6A08593E5B
:106940000F00EDBCBB922F3EAD9DC23DEEEB0A3E6B
:10695000298D683E179B7CBE8176D0BDD4AEE7BE44
:10696000921E813DE6AF5FBEB1D56CBE1F2E96BDB7
:106970006BD45ABE3BAD2A3EFBF7573DEA7CF63D51
:10698000B71149BE9A870ABEA83961BE3435ECBD3D
:10699000D9B5723C419682BE5C9F9D3BF588883D8F
:1069A000EB180BBE5D237DBDA7ADEC3D97ACD3BC12
:1069B000BF07303D4C3F9FBCD5F55BBDCAFADF3DFC
:1069C000A6482D3DE11631BE38138BBE8DBA9D3ED3
:1069D00066121ABE3762D83E81F482BE4A9984BEDE
:1069E0005D20B53D95FD393EE574ADBD7BFDE5BD52
:1069F000DA2C86BD3B60B53DFB2F6BBEA9EFFABD1F
:106A0000707EE0BDB6A1FEBB8230243EC1DFC73C34
:106A1000D9D5BEBC15E322BDBFCB393C51D1803C9A
:106A200087298EBC3D98EB3D9DD5033E1FB60E3E9B
:106A3000037F79BE22E7823EF34EA1BE1C6A083E68
:106A40005022743E7E4889BE538D5BBEF17992BD63
:106A50001375443EDB82903DE52E293EDEE9023E81
:106A600082C7F93DE4BF083EAEBF85BE77097BBE55
:106A700007D4633E725C37BD2E39543EF75FC1BD0B
:106A80008689473E9B0791BDD55CCBBCD663823DD2
:106A90007C06D93DB15A083E779F81BDA8F9D23C0A
:106AA000EE498FBE224F833CE7DEE7BD706001BE3A
:106AB000B7307C3DC8A1A8BD701CA3BA05B0213E6B
:106AC0001EF342BE0861C3BC1C8DCABD0F48AD3C5D
:106AD00050DB67BE766E2F3D740254BEC53900BED2
:106AE000EBDFD3BDE17455BDE8E5AFBDF92C843DC6
:106AF0002EE5E8BD34BD363D158BA4BDE472FD3DE9
:106B0000E9A701BE87CE16BD703D17BEFF970C3EAC
:106B1000D0FD94BE471728BEBB0D343E24C9113E9C
:106B2000B7BF733DD87D3EBF510A9A3DC349E43D8E
:106B3000975DDE3C17DBB53D484A61BD6E4A1F3D9F
:106B400022E2213D76536E3D4185813CB1D93A3EEA
:106B5000036A613E32386C3E9E88883C57718EBD18
:106B600009DD373EEE87463E20F24E3C5292E73C2E
:106B7000AAA9DE3D8907ABBD075154BCD06BB63D19
:106B8000F457883E86671DBE3549553E948B613D5E
:106B900056F499BE5735223E61F9DDBBA9CDB43E0E
:106BA00034CFE23CCE716F3C21639B3D7C38883C06
:106BB00039465D3ED382B83E744E88BDAA980DBE5C
:106BC00095D0133EA07EDCBD3EDC88BD5E5D1CBD65
:106BD00026A80A3D2F05E1BDFE9952BC411B86BE89
:106BE000C1F7AA3CCF3665BEB094243D5B7F47BD5C
:106BF000CA3FF93C21441C3DDD3481BD24B1223E15
:106C0000AFA62DBE341BE33E146EAEBD306405BE90
:106C1000A5582CBBEAD830BD10491C3EFF4126BE0A
:106C2000A6C9BCBEB49BC3BDCEF644BE1C2C743BEF
:106C3000AC192ABE91EC1A3EA9548B3D9785813D33
:106C4000D0BF68BDA0142BBE4666E5BB493A11BE55
:106C5000DE6E36BD6AC5A23B1F6160BBB5D4D63DB2
:106C6000BEEEB03DA9F8473E5BE8933DE5DA283E2D
:106C70002FAFCBBD2DA894BEFCC589BD547644BEB4
:106C8000B127773D680466BDBC22B2BB1328AFBDF7
:106C90002F18B73D4EDBAF3E284F00BC43F769BE0F
:106CA0005B5C35BE6F8CA3BC38E1D03D401A08BD9B
:106CB000FE3431BA8D44413ED0D42CBEA90304BE6B
:106CC000F946EEBDF85FFC3DCBF5DE3D19768C3D17
:106CD0003D1E8D3C26B6933D75887BBDD46C96BE1B
:106CE000C523CA3DD7AB323E0AF09ABD873BFCBEF6
:106CF00077AB43BEE6CB13BDD87616BE864E4B3E71
:106D00000B4A383DC2F33E3ED41DF83D9DF8513E3E
:106D10008EA923BC3DA19B3D171EBBBC89B29A3DE9
:106D200005FDA33DBE6D49BDF6EF2F3E314D873DBC
:106D3000327F21BEFD54D23D4273EB3D8838D0BD39
:106D40002BEF7D3E2F3902BDFE64D93DFB7B003E1B
:106D5000FFDB013E438D57BEC6C7E03EFD99ED3CCB
:106D6000B090963D1D6B883D3155073E3041B63D94
:106D7000A0434BBEDCBD303DDFC1193E1BAC173C10
:106D8000628A28BEB08437BE36E7863E955BE8BD92
:106D9000CE9F6BBDA300853CB7B507BEF6E5A03D11
:106DA000B55CEB3D0F1514BC2AB751BE6C2D74BCFD
:106DB00065DAC73D1B8AA23D2FD5FDBC6714C5BD52
:106DC000927777BEF72A473FB906D63BA558A3BDB1
:106DD000DDBE03BEAA75C8BD11C3F9BCA0293B3EE8
:106DE0004575163E78DB53BCBA95703E063D04BD32
:106DF0002A6261BE2DD59FBEC7E60EBCF06F72BD84
:106E000024B362BE333BB7BE28541FBEA0DE17BEFC
:106E1000C14DFC3C8A6C91BD07F72F3EE1FA10BED4
:106E2000CF7232BD9CECF9BB41435ABDEF4A553E8F
:106E3000D185843A6AEAAEBDB02777BEC89ABA3D1A
:106E40008D14963D8C1FC83DD917BEBDA737F1BD27
:106E5000E43F513E9C9C133EE6C3833D4B10B73B41
:106E6000C3C1733EBBCCA9BDB0CCD93D2785F7BD0E
:106E70005AD5613EFD4DCC3CF5B821BD92950E3DF5
:106E8000AAF23F3EA6F2D63BBA0491BDA73F02BE8E
:106E900083BC0FBE6CA8753E17088A3DAB48773D92
:106EA000C9F32CBE47BD9A3EF2440ABE341B9CBDBA
:106EB000B18AE6BCE4B807BE9F6DD13D90FAC43DEF
:106EC000BCA9A3BED791F43A322395BE50C583BD69
:106ED0009C10513EF1364B3D529673BDFC22D3BD02
:106EE0003EFF183E38733EBE5FD1A1BDF085C33D65
:106EF00061CD413E92C654BDD3C6A53D654BF5BCA0
:106F000070C073BE3FD733BD8AC08C3DBC25533D96
:106F10005FE0393EA11D81BE4078203E80E4223CE6
:106F2000D30183BD66B907BEE006D33D530CDE3DF9
:106F30008D330D3EF969BA3DCCD9B93E19A5EC3D6A
:106F400030BC073DE874A33D9A4D513E109E263E4D
:106F5000BC4B4BBEE59084BE9475183EA87674BCBD
:106F60000E59FB3D60CE30BCDE08B6BD7C8DCEBD7B
:106F7000B054BD3BB3273B3EDF6B11BE357EA1BC99
:106F80007CD39BBD72D1AC3E1F71A6BE1B028DBDD2
:106F9000E3D30ABED86F013EC0B72F3E54D4883E1B
:106FA000DB3248BD597316BE9A3374BE89906F3E6A
:106FB000D55847BE50A1CBBD060CD7BDD2C013BE1D
:106FC000978D81BD299A20BE19A1203E6C6903BE10
:106FD00009FB123DB42C013E9B8F643DC7FE8CBC67
:106FE000AA88713D9075D2BCFE481A3E6501A03D4D
:106FF0006C07143EB21EBEBD0F69D33EFE416DBD8F
:1070000022887DBD5DC6E7BDC934593DBACC7A3D05
:107010009D4122BE223EBC3DFE2E063E6B194C3DDC
:107020004365E93C998F0FBE177F203E5AEE1DBE87
:10703000AABA35BECD1314BEFF99EFBC3A81F8BD94
:10704000BAB037BE9C9B2CBE69EFE23DBEC6B9BD4F
:10705000B41C2D3EEB23B3BD1E2A65BD542C5B3EF4
:10706000CF027DBE5CD01A3EFCE597BE145A6C3E42
:107070003BC431BDF15F293E13C93B3E6E039E3DCB
:1070800023FD0DBD9B98B13D8C568DBEE0A2D83D31
:107090007A7E85BD4D2A0C3D606323BE47919DBD20
:1070A0002CB6583EBF2D673E39ECB7BD6B872CBD63
:1070B000155169BDF16EB6BD15C547BE35B6CFBD1C
:1070C0009AF6A0BDADEF123EBBD27F3C427093BE9C
:1070D000E85593BE7CEA37BEB06DF7BD4C21213F29
:1070E0001B4EA5BD13B3FF3DDDB8E53DC5AE533E18
:1070F000F22E5EBE05CE8FBE670D13BE5B683A3EB4
:10710000EED8543E5FE08C3D674B993D4503163DFC
:10711000D82C5D3E1AB607BB728F7D3D71084A3E82
:1071200017ED86BD99B5ACBD409DBD3D5B642CBDE2
:107130003C11883B7245F6BC899F203D1510E3BD8C
:107140001C8C2E3EB197E73E5FCB743E06DFBCBE83
:10715000320CF6BDB3B41B3D06151D3EC8DB743EB4
:107160007E7843BE9DC476BE593A10BE3BC5EA3B0D
:107170005A22E5BD8CFE45BE3799423EB35BAE3D1B
:107180007CA227BEEE0FB53D71D6D1BBEB6065BCCE
:107190005FFA3D3E2C1CF1BDBE9B6DBDD1CA17BE32
:1071A0000AD2863E9C63EB3D233DFABD2A1E9D3CE0
:1071B000BAF20A3E3921D53CE6311E3E285CC83C75
:1071C000C8B964BEA232B93C21B914BE864D7C3E1A
:1071D0000D3233BE24846CBDB7A01FBE9199303DE3
:1071E000DAEF3EBEEA103CBEF0145F3DA8991ABE2D
:1071F000770F78BE819B51BE605DB53D54C34B3C5B
:1072000010E104BE4AC2323ECADA943DDDBD4CBD37
:10721000B60EAB3DF743AEBC202F403EA8C7D6BD4F
:107220000206AD3EB1B2713DE908E83E41A2B03E72
:10723000DBEEF1BDEB6526BCF2C5AB3D6BFBE83D7B
:10724000E22686BEE9D013BDC9B8143DC5E24DBDE6
:10725000F5B4D53DD0D194BDEDFE47BD4A413FBE0A
:107260004EE23FBE4285E03C3AA56CBD6553743D9D
:10727000EF2CFA3D68371EBE362A4B3E42F944BE1B
:10728000C3968E3E67FB0BBEE59D3ABE183BAF3EF4
:10729000FC6CB6BC893FCBBDB137C2BE739AAFBEE2
:1072A00058B87ABC39D49ABD536E85BDFDEF15BE72
:1072B00015CD49BE3CEBDABDA574DEBD18D6B0BD18
:1072C00061FEF8BEA26938BE78EC3D3E1E0A06BDDE
:1072D000016F1BBD4400813C26C45BBD4FFFFE3DDA
:1072E00065DA53BE6FB8853D1024033DF3F7CFBD7B
:1072F0004FED99BE401340BD60C8BFBC5588013AF0
:107300000AE7AFBC5B50DBBDAB27DA3CEA533EBEBD
:1073100040C81ABDDC74C2BD2100543D869DDABD53
:10732000EE0167BEA5A490BE91E8113E651A233E0A
:107330006C53BFBE808D253EE48AED3DB890B83DCC
:10734000E5573EBEE372CFBDAC922C3DC583B53D43
:1073500008B489BD0AE6D1BD2B4F8ABDBB62DEBD34
:1073600013629B3E8E5D2BBE027345BEC92E3B3D14
:107370008BF614BDCAC63FBE42626A3D2DB8D3BD6E
:10738000D90024BC6B4B6BBDDEF519BEC19EE03D40
:1073900046EF9E3D4BC7CABDAF2FB43EE8407B3D94
:1073A000D257DC3D1E681DBE7318E4BD0C1E6C3C3C
:1073B0006D02FA3DF9D236BEC86ACFBD8D680C3E6B
:1073C0003A45523D3B20343EB6AB87BDF381A93DE3
:1073D000336B23BE0E78FE3D1303903D6FE1833E79
:1073E000DB3E3CBD02645C3E3AAFD6BE683AFC3C34
:1073F000F98B853D48D793BB45B2003E74377EBDBF
:1074000048970ABD01004BBB49FC57BE5F0B4DBE00
:107410008000D1BC02F9F13DB26B42BE77F74F3E1E
:107420005256513BDF5E2C3D2C15963D739F573EC7
:10743000A048B2BD3C271A3E1D64923D8788253D79
:10744000DE69A8BE21AE083EBB138ABE5C130D3DAB
:1074500036043C3E4495B2BEC8D55EBE2CF3023E17
:1074600078DBCB3DCAEB21BDF87B213E878083BD15
:10747000F7F930BE93DD643EB51F89BE4BCF80BEA9
:10748000F19DDEBD926B11BE29AE0E3EB7083F3DA9
:10749000C2DF02BEB95B643ECDABD0BDC163ACBC44
:1074A0008EE7CFBB836FD23C3A67933C604ADBBD2B
:1074B000AB59C73D02562EBE6AAF04BEA95A6F3EF5
:1074C000FDA72D3E76A6E03C34718E3E747EBEBE96
:1074D0008C43CD3DF59F113C9B581B3EA6AD8ABD0C
:1074E000EF84983D15882E3E7682D43E2E07163EB8
:1074F000AAA188BE908517BECD29D53DDF603FBCCF
:10750000A26A3CBD7732393D6513AFBB81BC913C6B
:107510000A0AEEBD5FD13EBDDDB8953D8DF4073D55
:10752000DBB3F9BD654FC43CAB5D8B3DDBD1D8BD52
:107530008398A7BDCC8F7BBD5D2D5A3ED90C113FE2
:107540002DBE4EBDE321E63CE64EAC3DCA60D3BB4A
:10755000562171BE85964A3EF2059FBEE8EE56BEA4
:10756000450D1CBD10ADD03D618F03BEBE45D8BCDE
:107570003F9C0ABEBFD7BD3C0673CBBDB3D87BBD15
:10758000AB97FEBD4572C23C3E7F0B3EE88C623C31
:10759000BB83D1BB2B24943D3B0D98BC67FF6F3C54
:1075A000D8FAEA3C9712F03DCEE6643E2AFC063F4C
:1075B000AD73183E421703BEC75216BEA806663DFD
:1075C00011FF97BE312001BEF0A1343DFB742DBCEC
:1075D000C342B7BDC039353E00E90E3EE001FE3D75
:1075E000A1C52E3E438E5EBD5ED04E3DDC180FBE63
:1075F0001AEAE2BD2E24393D3058203D74EDA73DF6
:107600000A482C3E6375D83D71E6BB3D6DEC973E54
:10761000ECFFB43D55CC8CBDFB8596BE08CFC0BDFC
:1076200037889E3D4696263E5C0F1ABE8AB33BBE07
:10763000998979BEC08F163EA8708ABE9630F8BD73
:107640006A0E103E0BD6E13C1E25C5BC1A881CBD37
:10765000F14356BE58BB333C8A1F133D1C9A233E50
:1076600099406DBDF63B373EBFEB4A3D9D86EA3DF6
:10767000A34497BE0449413DE9EEAB3D7FF1033D94
:10768000AB17CB3D890CD9BE006615BDA90E733E64
:10769000891224BE2E6039BCA136403C81F04BBE1D
:1076A00032A658BED497DDBDAF57B2BE932D133D61
:1076B0002E1498BDEDBE38BED685A33E12FCC7BAC7
:1076C0008CE8563D91E0E5BC1BE25CBE6F34F7BC34
:1076D000483A72BD901C483D89923A3D311550BDE3
:1076E00029A150BD7DB25B3EAE43643E25D69CBD14
:1076F0009CF9B2BDFD10CD3D5AC37DBEAC65EC3DDD
:10770000F947EC3DB1CCEBBD4B39803DD5E650BEE1
:10771000911228BD9E5C50BEB7452EBE625B27BE4F
:10772000349EAE3C1C9607BE3FAEE83C1A7B663DDD
:10773000109031BE010EAFBD170436BE9C83B03D24
:1077400047B9DC3D402731BD4554583E6F3E0BBE26
:10775000BFDABDBD9269B93E606D8B3DCCD0603E55
:107760001668C53CF06DE8BD097C753E8CECFD3CAF
:10777000614A833D667A2C3ECCCA0B3E317AE0BD2D
:107780005D7EACBEEE2D093EB88BAF3C5685C53D47
:10779000CD77D43D7D8ACBBDEAFBA23D535A3D3E19
:1077A000AE56A13D47B7FE3D6A8A42BDAACBD0BDC9
:1077B000C0E5CABD7A121D3D7548AE3D61C0A93C09
:1077C000F425C43D9E514CBE4A7B763EB22B9ABEF8
:1077D00011BA0ABEC66BA13C82ACCE3D6C0BF73D24
:1077E000EE80AFBDC2EF38BE405FE3BD9409693E95
:1077F000880CA33D396DE4BD25D0903E19EF283E9D
:10780000F631FCBDA9F24CBDC4497CBC430E54BE4C
:107810003657BCBCA2DF64BE54E7073E02135C3B94
:107820008BEF08BE08450BBE9DB7A33D9A322BBD1A
:10783000BE2D08BE02E4DD3CA004883E08EA9D3D62
:10784000970D1C3EAA56863C2DE8B6BDDA560ABEF8
:107850008E09B63D9104933D9FD30A3B18722EBD0D
:10786000F3418B3E34AC98B9F3495BBDDE17A2BE41
:10787000309A9ABD77E4333B485F1E3D6B439A3D97
:107880007630A63DBF09133D7475863D022B8ABC38
:10789000A1F1E53D79635CBD352288BDD0EA15BE16
:1078A00029D809BEFB8B393E63E50FBE26AF84BEE7
:1078B000232E533E223BC53DBD05AB3E39AA073FB3
:1078C00026C3AB3DF548253EAC9636BE4098143EE7
:1078D0008C38E2BEEB42B03C5DF242BE46FACC3C94
:1078E0006667B1BDAE96E1BDA49E023DD769E5BD18
:1078F0000F75993DEB1CE1BDF831D4BD97105ABB13
:10790000FF6932BCB0181A3EFB83F4BD9C9B87BD57
:107910006F5BB53CB670633DF6E64CBD01B41DBE71
:107920004DB3C23CDEA3FCBE0AF6043D10239A3ED2
:1079300031F4F43C937D903D38BB13BD7124253E5A
:107940001682F53D76117CBD4933AABE7E650BBE1D
:10795000B76FF13DF0D7973C5926093EF4EAD3BC06
:10796000A395A6BDBB2A6D3EAE1DD93A4A3FDEBDEA
:107970007063EE3C3D75C2BDC8E613BD30DF6DBA25
:10798000F51D273E7D4B56BC71F285BCF9DAB8BEB9
:10799000A7CFF73D5E87C7BEA80F8C3E25AA423D04
:1079A000B1AD72BE17DBE5BD6E4041BD2B1C613E23
:1079B000F7AAC13B769D12BD67168B3ED974E1BD17
:1079C00030424D3DEBBA213D7ED1F2BC567360BDD5
:1079D0006916CD3C67A268BD09EE063EEC2678BD6F
:1079E000130E4EBD3E8F0BBE3B2281BC6487763D9D
:1079F0003C83A73D11E7A8BD703C573E343C4D3E4B
:107A00003FD4EBBD507AA2BE12AFE0BEB98892BEA1
:107A10007B68C6BD416A25BE936B1F3E5643A73C9B
:107A2000DEB3A23E99A7103E2CDC183E83AF44BDC6
:107A3000EEDE5F3C2D90953D92D07EBEC9D79CBDB9
:107A40008C5187BE8651633E679AAFBD2BA98C3D92
:107A50001B0969BDAF51163C5E0B853DA78D60BD0E
:107A600022761FBE25854B3D9BD0C33DAFE6D9BCDA
:107A700098E4213E9DB5C43D552ED83E8F0B1EBEC9
:107A8000CB7EE93C42B77BBD5CFB6EBD552D06BE8F
:107A900033B4373D9AF3A53DA152823E1EF7CDBCCB
:107AA000BE7C9E3C51FA353D5675A33D7EBF623E7D
:107AB0007568A23DBA2D31BE65CC1DBDDE05573CB3
:107AC000C3FB6EBD3E8142BDEFD341BEB92DBA3D71
:107AD0000CE627BD73F336BDDD9287BE2D98483E78
:107AE00012A2A8BD7D9C803E0E6C2EBDD3E146BE89
:107AF0005F9A373ED675333EB570F3BD5FBF2EBE7D
:107B0000A5BEC8BDF92F30BD96A786BE704129BE5F
:107B10001AC164BEC98F823C1BAA9B3E4D54CA3C0D
:107B200009F861BDE73F203D812341BEF16381BD7E
:107B30003C402CBE4A8D703E4ED7263D349BCB3DFB
:107B40005F14AC3DCF89673E118EA73D7C3F713EEF
:107B50001C68FDB9BBCFD9BDE9E8C23E84A4E83DAD
:107B6000E73A413E2631E0BDF28A953DCF0E59BE3F
:107B70000AB43A3DC68AD7BD4F5E963B0ACFCD3D8B
:107B8000D25896BD29C7563EA80902BDCE6FA63D64
:107B9000EBD7413E3FC6853D0627D83DCD3BAD3DA9
:107BA00045F75F3D63F3EFBC2B58EEBD56B7413E42
:107BB000B9923FBDEF998CBD3CB35DBE368E973D0B
:107BC000729E3C3ED58FB13D20D6273DCCC7EFBE3F
:107BD000961C0FBD5B33C4BD974DE63D3143D73D89
:107BE000986282BDBE5E25BEDCE9843E4F778B3E47
:107BF000A33EFFBD88A20ABE94CEB83D373D113BDF
:107C0000ACF4113E17A40CBEF820C5BD412212BD34
:107C1000AC93B43D04745A3DA6B18ABDA1AC243ED8
:107C20002FD6E03C4875E83C20E4A3BC6C3C6F3E9A
:107C300020D4A03E56CED6BEF63357BC09C9A53EC9
:107C4000C6D81EBC757B2DBE2D4E96BD6D1E5ABB73
:107C5000F96E973D05137D3E5579B8BDB46456BEA7
:107C6000D7DB17BE642A03BE073A3E3EB8E2D73CD4
:107C7000A401583EF492103D426AA0BD87C41CBEC8
:107C8000A1FAA0BD799143BCF61D793E9A21D9BCD9
:107C9000D48A15BBAF64BEBB250872BE36FC113E4C
:107CA00079AA103EA141CDBEF795773E09C3B7BE74
:107CB000FCC7D23DFA0D403E24BF36BD3C1C4FBE32
:107CC000B30D8BBED20EA63DDDA8AFBCB558F73DB7
:107CD000263E903CC847D23D4B80DA3D008C0B3DA0
:107CE0006DB9583CA4B9733D860B49BD6F37E73D6C
:107CF000B0E0AA3D49F87E3D1AC4893C022B3C3EC7
:107D0000E59548BC2F83AC3C349653BD23C877BD62
:107D1000CF4189BDD53AFBBDF3F0D73CDFB329BED7
:107D20007C1789BE84100B3ECC26043DF8421C3ED5
:107D3000DA6018BDBCEDB83C5230E33C0D0F29BEF3
:107D4000B7622DBE9D2595BD8569AF3DBA614BBC1F
:107D500058F96FBD6727583E52BF3B3E476515BE79
:107D6000939922BCD318E3BD145365BC0C3DC73DA9
:107D700092E6013D9A8EB7BE854992BD5E0F52BD17
:107D800014D2ACBB724CC8BD098D3EBEFFA251BE21
:107D90001A45F8BC4D2AF63DA7A594BC218C23BEFC
:107DA0006B63E4BDD235833DF3A384BDF3504EBE77
:107DB000E78FBB3D1C6D2ABD592BDDBDA4E369BE19
:107DC000B88A92BE10C8E23D5B18933D1A1E8D3CE6
:107DD0005C1AA3BD0E5408BEC8F034BEBEDEEBBDB7
:107DE0008D9A4DBE305860BE64622FBEF644193E77
:107DF0001965E8BE6691A53E9838D7BED1D487BE36
:107E0000C5F8DABCB6D4E03C1C5E26BE846F01BE69
:107E1000DD59FBBC47128D3DD8FF893EEFA25BBE0A
:107E2000B0CB7EBE3AA25B3C91E93D3D186F3EBEB1
:107E3000A4A0BCBD1B0168BDA03BD8BD61E49BBD37
:107E4000F9BF0FBE4D5E0F3D5F14983C970DBA3DD4
:107E500041FF55BEEB04C5BD8563953ED77C9FBDF4
:107E60003E67B3BE867D5DBD07658ABE70B355BDF6
:107E70000871BABCB6DB96BD5533E63DEC05A7BD2F
:107E8000A549E9BDAA4E95BD2AE30D3E62EBBC3D76
:107E90001DEF1ABE991F0FBA7334BB39C6872B3E2C
:107EA0001633E83D50EC563DF4E8513CB316033E22
:107EB00020129FBDFDD8383EE8EBD83D99753C3D7A
:107EC00017EE2FBE2794223DFB077BBC833A123E60
:107ED0000E782B3E2A3FB53D3894A23E0DB3C4BD6B
:107EE0006CF290BD5AFCD03D0ECA023E201AB03C46
:107EF000F326D7BD2A8474BD4F2DE83D436356BD9C
:107F000004F616BEAC4DFCBD0572F4BDD61BAF3EEB
:107F1000B399C13C901EEBBD6BCE043D0D9D463E1A
:107F20009827973D3D97453E1D8D1CBE9577433D57
:107F3000E53F02BE1E02493E634981BE70FA48BE5B
:107F400017CCFF3D42FC24BF1A6ADE3D7564063F34
:107F5000F09A06BEDAF887BD84E4E03D6E8605BE81
:107F6000B70790BEBBE08D3EAE9D00BD90759CBE38
:107F7000BCB5C83D0A46143EC7D5BDBD34B91EBE0A
:107F8000E5D7A83D05792D3E1F1581BD621D4E3DEB
:107F9000CA1C1B3C059B0FBD6F6501BE997D883DCA
:107FA0005B3CD03DCF0934BEEC1F60BE2C72993DC6
:107FB000B83D813D190A0EBED8E7883E5368073D9B
:107FC0005F19443E35552B3E267F33BD6277183E00
:107FD000DC3915BE9D7C77BE17AEF53D137B573E51
:107FE000B59DD93C8C8DCA3C992C30BE9269383EE7
:107FF000589F083E75AFABBCE631993D173E71BD49
:10800000AF029D3DAEE9D33BE77312BE84AF0B3E9A
:1080100079F23D3D81E021BDBF6081BE9DFB623EA6
:10802000095E7ABC43D167BEBFFF8EBEABBD713D5A
:10803000492D443D5A28073E43013ABDA4E960BD9D
:108040000902AC3EC00BB1BD16B1403EF107A5BD63
:10805000640D42BD8B8E8DBE9E17B03CC7CE243DB5
:108060002EB044BD6413183EAAC85E3E9B5303BEA7
:10807000144EF0BD8B594CBE3812543E2E8A82BB32
:10808000EE4A4E3E01DF1E3D4F0BA4BDB186ADBE94
:10809000F0516ABDEF86803E57B6893E6FAE273FEE
:1080A000E85E993D31ADE93C12F6273EC9A9C73DCE
:1080B000E9116C3EA0343EBE44E2843E94D487BDB8
:1080C000FCA847BD5664B63D3DC951BE140414BD5D
:1080D000AEF030BE39E6A2BD761837BE8708B9BD0E
:1080E0002F2D73BC91EDBE3D4CC4343C37521F3E26
:1080F0009811893E13A50D3E893555BD14CC1C3E03
:1081000001DD04BE3F4E873D362F62BE542EC2BEF7
:10811000F34DCE3D662932BDF39D803D49DAA03D49
:1081200093C8BB3E1B2C733ED4769F3EBA8542BD9E
:1081300065C01ABDCDD34EBE1C89BEBCB4061DBEE3
:108140001B46E43CC942743D6B8E1A3D64AADDBCFB
:108150005787B33D51702ABEB5ECE9BD8D0431BDE2
:1081600088EA17BE3D8C3FBD003FB53DCF7382BD51
:108170009F218EBEFCCE8BBE5A88A0BEB57E43BD6D
:10818000E81E853DA27B293EB8EE43BC7B40313ED4
:1081900086D8883EF485413EE49DB03E777DB33D70
:1081A000CD73E03D559517BE0030803DB8C708BE81
:1081B0005D54A83DFFAC17BE0576C8BD4A4D083ECC
:1081C000C14042BE7DE0013E8B301D3EF15DBCBD35
:1081D0007BFE8ABE98FCB2BDB76F8E3E0BD0913E3F
:1081E0009EB35B3E7A4C79BEF2683D3E7B1ED6BDA7
:1081F000E60E113E6357033E13318E3D6FF3663D2D
:10820000408C1F3DA62882BC4EF13B3E05C297BD67
:108210009809063D8AAE92BD832880BD1A20093E8A
:10822000446D29BE7C92F03D9F06873D35A329BD54
:1082300068D82E3ED75C5EBE60DB5A3ECD06013E5E
:10824000C380923EDFF8253D4C8AA43D680D47BEB1
:1082500003250BBE62EC203E92ED963ED196843B08
:10826000F714B0BDEBE5A9BDD4B6C7BD3511153EB9
:10827000267CC23E078DBD3D9B90923E78C282BC5B
:10828000AF8D0BBE8438913BA5A848BD508DF1BD84
:10829000B6804E3D423A5FBEBEB74CBCFA07CFBD7A
:1082A0003435DF3DD0CA54BDEB0EBCBDCAED9B3B9F
:1082B000B5FD1DBEFCF370BDA73023BA84C95FBEF7
:1082C000F3E6993C2740C4BD363C8BBDABD5F2BD2F
:1082D00042EA0EBE527B443D9DD81CBED8BD84BC34
:1082E0009B4E2EBB3C07E2BD17F0903E6A85813E57
:1082F0005E9BB03D21E8003DF22A6A3D1BAF253E62
:108300000439E43D9804373E2DB9BCBDF694B3BDA5
:10831000BD98723D173FF43C2A343EBE4C67BFBC4B
:1083200043C8D5BD22F383BDCD70883DA910063D5D
:108330008B69B83E4B88263F4979553D36F7B93EA3
:1083400089481EBDB42937BDDE61A83D60C0D33D5C
:10835000ECA8D93E2023173E1EC2853C39B1D83D3A
:10836000AA5EC33C83E011BD98FB423D369A8DBEA8
:108370006DB321BE530EE6BDAA9F69BDE248133E10
:108380003CC18A3E4C79FDBD37168B3DD37E39BE4C
:1083900023A7A33D326B3C3DDFE9BDBDF929B53CC8
:1083A000907DFF3D0E4F403D60A755BE9F23C2BE4E
:1083B0003D9C6CBCC96B3B3E2F29073DA29D583D9F
:1083C0008AE6273E89858A3E6F09C33E853F043D84
:1083D0007E0037BD94CF283DA25314BDF36FC2BDBC
:1083E00069250C3DC6035FBE77C1143E9F5D5EBD2F
:1083F000706A1C3EBC73F33D0F45533DA27A87BDA6
:108400004E5DD7BDB34B0BBDF2985CBDAF7DEC3D6F
:1084100075CA43BE4DC9D4BE6FEA10BD99ACCABE81
:108420001585C2BD151EAF3DC611883DDA7EA9BDBA
:1084300037DA6D3E643C393D89FECA3E6D4D3EBB28
:108440003D3FE23DD6760FBECF3BDA3C8E98A3BDD2
:108450003A182D3BF6432C3EFC4656BCBB6D103EF5
:1084600030D5AC3D352C363D0CC2A53D4247133BC3
:10847000D3083F3EF3CBDA3C8BF19B3DD16137BE55
:1084800086BA883C0A4939BE74020F3EB11D253EAA
:1084900042579D3D2E1C28BEB2F3DEBD8CBD9A3DD9
:1084A00021B9AABEF60F653D2F2675BE48BA99BE02
:1084B00016667E3ED50FAE3B5F788B3B2B98953D85
:1084C0007A9D313D0FFBCDBDC0ABD43D60906B3D7F
:1084D00067CD5A3E946F64BDD013953DBB215B3D83
:1084E0000A6D553E92F418BE895161BE883EA53D85
:1084F0002CFB1F3C0BEC9A3DECB5C8BE06012BBE15
:1085000097513EBBBFD9F6BD428008BDC9D55FBDFE
:108510006FBC9BBDE204553E8192D1BD1BFD41BEA7
:108520007897523ED3EA31BDD3DF8ABD4918A4BC47
:108530006811FE3DC4544E3EB7DA04BE0573D8BC84
:108540009F7CFA3D25440CBE74DE9FBDF7A081BD23
:1085500029B512BEEC9ADFBC877947BE5D85073E20
:108560001A4916BE8B2D5B3E2AAF3B3C360B993E1B
:108570008F42923B7D222C3EA7B118BE769CA23D35
:1085800078B0983DD815563D0A1904BEB0A76ABE0A
:10859000F4702E3E87FC76BE50849F3D9DE6B9BDAB
:1085A00053AC853C561C26BE7ADF0DBCFEC9093D86
:1085B00071B0F63C24FD403CABC7AE3DB07D8F3D75
:1085C000CE4AE8BE5D2C013EB88E3D3DABA09B3D42
:1085D000E7DB823DD81EB3BDF2D5763EDC3554BD17
:1085E000CC7A1DBD77EA103E1D2F1ABD9E50EBBB05
:1085F000BF6EF6BD298451BEBFA0EA3D01B34A3E1D
:108600007C0D05BD6ADE9BBDD1BE45BDD0F20EBE60
:10861000C334343E3847E03CBC86413E3E8BE1BD2E
:108620005EE2193E9F2ECABDF7535C3D4266093D8E
:10863000713677BD4FEA8A3EF45E343EC762AEBA09
:108640007C76E43EFF80AE3E5455A6BED25F3ABD76
:10865000A6503DBE70AC14BE3748ABBD26379E3D1C
:10866000E339A93EC492B33D268FDCBB6852313E4C
:108670000D57093E734E063E7DF874BEE677B3BDD6
:10868000D007C8BC914D12BE51D306BE0975ED3C52
:1086900012C4553DDA7309BEEF4DD5BD550F0DBD62
:1086A0004D8A6C3D4354363D969E673E3B62FC3C92
:1086B0008C344BBD3A1F4B3EF5B50F3D4E4C143D2F
:1086C000CF53D43DF794A43D0D8593BD5B8A543EB2
:1086D000AAC88D3E83271EBE627BB53E0821A73DFA
:1086E000DDC608BD2A79883C81FEE6BDC4B266BD00
:1086F0005EB21FBE613382BEBAC0FBBBA9E3443E7B
:10870000A68EA8BD6A9E33BD2939613D3FD8F3BD11
:10871000ADBA2F3E3CCFAA3D89699E3C330013BEC3
:10872000417AB1BD51E3983EBD84963C02CFAEBDC7
:10873000658E90BD1A8F803DE5C1D8BDC759A6BDD5
:10874000392E133EB4BBBE3D0BA58DBEA83182BEF3
:10875000E843BC3BB246C63D901635BCDDFD313D1D
:10876000C7BD64BC2D9333BEDA8790BD35D88DBDAF
:10877000B155583E225081BDA4AEF83A6CF20E3E7F
:10878000193BCBBDAD240DBC7389AC3D58DC44BE58
:10879000EFAC953D21ED5C3EC443253E24D924BE7B
:1087A000A504F33CDCD8DD3DCABBDB3D4572283E69
:1087B000C490DE3B74A97E3DAE004B3E27F3213EC4
:1087C000FBCD8C3D2EBC003E23F98D3D2B05FBBD22
:1087D000BD4F153EBB09103E628DA83D274538BCF4
:1087E00008B207BDDAD090BC932BCDBDB46C5CBD94
:1087F0003F398FBE4DF4CF3C4C73013CF0C027BDD8
:10880000136D3B3EC958A93EAD50BABE77EA29BEAA
:108810004BE61C3E7E5F90BCEFE4203EA1B01DBE47
:10882000C357F23D008C653EA3D153BE5FE98BBEBA
:10883000B720523E739083BEE08CEBBCF08804BE40
:108840004CC4BDBDB728D03CDBA6063E849F1F3D6F
:10885000C04D273D7A20F9BDBBCEA03C69AB06BD1B
:10886000703D63BD63FEEEBD1C6641BE7D8F93BE51
:10887000228713BDDE12B83CC193053E7D0BB4BC0C
:10888000E07E153E94DA833DFA67643DD6F8633E98
:108890004B0FA4BE8A1B98BDA4DE1EBE302BCA3D62
:1088A0007F431FBDAF65DC3CA138F7BDEAEE833BDB
:1088B000498117BDA6C49FBDC76C99BDB7BD973D83
:1088C000BCF40D3D249D19BE89E94EBE4CB3D2BD0A
:1088D00031BB253D1B5D643D611DB93D2B0E6F3ED7
:1088E000C08406BDB26F03BE2B7455BC7137F4BE95
:1088F00025A38D3CADF9943D675FEABD8A4653BE22
:10890000B47698BEFBC617BE25AF19BE2AE7E23C77
:1089100051CC40BED04AEB3D3C93C23D4ED55B3E70
:1089200071F803BD7028493E1D10DB3CBEAF4EBC44
:10893000D4A0A83D3001C7BD452F1DBD862983BCED
:10894000A8109FBE9782863E70AABFBB670F103CDF
:1089500032D2963EC5F2BF3E7A28813E6057F53C42
:10896000165C3CBB23EA353DBBC4C53DA184BD3D7F
:10897000DB0CBFBEB6A7AABCC84891BEDA15CF3D76
:10898000CB899ABD841F1A3E41C49F3D5C9228BE8C
:108990001E5B433E78539B3D397EE3BC118A9ABCF3
:1089A000EAD0673E21DC20BE6293D33D4A8F2D3E44
:1089B000F46185BDF9D70ABED704FBBDDDC04B3CD1
:1089C0004ED7CEBD3836D13EC16694BD38B2ABB7B6
:1089D00060B4CF3D32BE8F3D5F87583DE72B58BD19
:1089E0005C89C4BC465589BE1616423E3AFBE83D3A
:1089F00007F03DBC16C43FBEF9F59E3D9C3B02BE50
:108A000064EA0ABE2F8683BD6B091A3DDE16003D5F
:108A10007D0250BD43D0273E01DF723D320C823DC6
:108A200067CAFE3D09F8733E5F81113B558482BDE4
:108A3000B13505BEF87CB9BB01C7563EA35453BD42
:108A4000D0BF83BD3E3BA43D91E8313EDD991F3C44
:108A50007B0B883D39124CBED6DC8F3E13AA8F3E6D
:108A60001163EDBC8DF40C3C957313BED80E553ECE
:108A7000D68B36BEC697FEBBE91D7B3C7F33CC3D13
:108A8000A09CACBD1F7AA53D8DBE10BD22F2903DCD
:108A90002304A93D07FC07BE045056BD6E3226BE16
:108AA00036F4C13D03B330BE51FB0ABD09258DBE6E
:108AB000B3CF5ABE4A46D2BDB319C4BD3CD01A3E4C
:108AC00038FF973E4E3D8EBDB71CAE3EDD351E3E97
:108AD000513F223E88E6DEBDF10C3E3C0A67483E2F
:108AE000A32301BDF256943DC0898BBDC02A2E3C04
:108AF000CFC8B1BDFD87EB3DEA74BA3D9E739DBD05
:108B0000F45006BE92EE293E615FCF3D6896303D3F
:108B1000E4F32D3E03AE4B3E6F5E453DB93B58BE80
:108B200035B6D93BA5799ABD1A96DDBD8628433E58
:108B3000589C993C4F4B4C3C7093813E487F5C3E27
:108B400040FA79BCE5D75ABDF5EFCFBBD08EC2BD98
:108B5000EAA0733D1DC9C03A9105D4BDA8F6243DD5
:108B600011C846BEAD2CF73CA9C0E63D4B08A43D5C
:108B7000B9330D3EA40A6CBDB660413E62415FBE92
:108B8000BD19E1BD2C621BBDF079593E5D63083F04
:108B90003636ECBDEE7FB73C4DA0253E75E2323C4B
:108BA0002568CBBEED2480BEC7F55EBE00572C3EC7
:108BB0004448563EADB5B93DB6F3973C0791483EA3
:108BC000D70C8ABC99FED63DCDBB11BE7577113E40
:108BD000966DB9BD60B69EBD0894653C9809503C41
:108BE0007A27463ECDD555BD90D7263E824100BD61
:108BF0004D858C3E88050D3F5AAE1CBEF36C16BEEB
:108C0000B4C0E2BDE89D333ED45202BE5061FEBC0A
:108C10009F1FEF3DCAE5063DDC52CEBE474117BD62
:108C20003728463E7C3F943E4764263E379ED4BD5F
:108C3000F421A03DB7D2A3BC39D349BCF279FA3CA8
:108C4000974B25BE7D7049BD9DBED63CEABC2C3EEF
:108C50006198B8BD9118453DC52E323E5DB55FBEE9
:108C60006C062B3E30BC7EBE929B0A3EBD55363F05
:108C7000AB6849BE6EC612BEC382A13DA389C83B84
:108C8000AA7984BE14AA20BDB2BBF7BE79208FBDDD
:108C90004AA84A3DDD04D43D4BC755BE06F5C1BDCB
:108CA0008ED51E3D504922BE2491BB3DE4E9A83C2F
:108CB0000A3805BC948D663C32C2173E7163FC3D98
:108CC0008BAEA03EC80A89BE94D44EBCD04CCFBD5A
:108CD0009F6336BECA26C53C31CE52BE5F65943E08
:108CE0006D61B7BC40BE703D57B12EBEA6AE95BDFE
:108CF000DC6A873D3390903E0ECD48BE963B94BED5
:108D0000227A253D2C7F033EA492A0BC471C74BE52
:108D1000419148BDBDAE043E4616433C9FBD183E42
:108D2000F300083E5387513DB66298BC9E0B84BD4C
:108D3000FD41E9BD72C3A83C762041BE212AA93D70
:108D4000C5666A3D756F7EBE4B1F98BEC39E213DB2
:108D5000C1310CBDA36249BD01CB213E7966ED3B1B
:108D6000E541A13EBFB0823D7F791C3E13E497BE32
:108D7000DA953D3E7604E4BDF3EE75BD89A3083E69
:108D8000B9418A3D1C6A26BE15A12FBE327BE53D46
:108D900075EE80BC7B9E983DCA50BEBD603E3BBD1B
:108DA000D146DCBD07FD85BBE43C4ABE62A5743EEE
:108DB0004EF8C9BC723B173EC12909BEF89768BD81
:108DC0005DE53EBCAB250F3E615F0ABE048F55BD1D
:108DD000D386E4BD4BE0423EC62CB2BEB007A3BE74
:108DE000845B09BEF67C0EBE1AF7553D7B31D13C43
:108DF0000C319ABCE8AC463D6FF7FF3D93F2ABBD3A
:108E000057CD9EBD0758C63D31A46E3D930BF4BDB2
:108E100062A83ABE572BE23CCB7DEABDC14078BE8A
:108E20009B3D1CBEADE9933E313FA6BEE51F653EAE
:108E30005C2FA23C00A7A73DD741173E24C2863E27
:108E40004A7124BEDD3E3BBD6ABED0BDB0DBCA3D2B
:108E50009C661BBE60B4003D1CE022BE18F152BEF1
:108E6000BEB6F13DDB57D8BC06883E3EEEEC523D27
:108E7000DE18DCBDFF9181BD4180BB3C2019023E64
:108E8000C6BEF0BD5ADC9CBC511BB23DCEEEF0BC60
:108E9000D16C133E67148C3D47BFB23E092B043D95
:108EA00076262BBE67100C3EFB0F4B3D3A553ABD64
:108EB00079ABA1BEC2CA71BED83BE73DA0F3283C46
:108EC000F11B28BE6F351BBE6542DD3D2970F6BC27
:108ED000767F2CBEE31182BD791CD1BDA47F0B3EF1
:108EE00090181A3E59ABC7BC440DC73D61D2C8BDEE
:108EF000CF180B3CBBEC4BBED39F5ABD1D23EF3D9F
:108F0000538295BE9353153E90ED7CBE198E61BE83
:108F100087A4F6BD6B4D363E33E89DBC981A05BE5E
:108F2000AA936F3EDEBF3DBEF84A783ED910C13EDF
:108F300006F1D5BD5370693ED18DC9BD06E58B3DA7
:108F4000E64A9D3D646995BDFBB904BDF638F1BCA8
:108F50008589153E507F9F3B56CA38BD9FE0433EF2
:108F6000BC3097BD063F8B3D00E3823EBF3887BCD7
:108F70007D9DA63EF69E103D257F4C3E92773C3E61
:108F800061271ABDE9F7C43C7F95B8BDDA6938BDE1
:108F900023F891BEBB34193D195131BC496508BD58
:108FA000B4984DBD1B6BD5BD3032FC3C1DBF2DBEF2
:108FB00088CBC83CAF2EEBBD3AFB1D3E58AFFABC88
:108FC000DF4C52BD81DAD4BD68D199BDA1A82C3D3A
:108FD0001D67CF3D739F743EF24521BE93E006BCF2
:108FE0009E98553EF80A8F3E7EFD7C3ED871C0BCEF
:108FF000B15580BB0E6157BDEFDDBDBDF7066A3EC2
:1090000090708A3EF9CC74BE9BF6DB3D3D80253ED8
:10901000139DCFBC9A05BBBDB8DBE33DF6FE3C3EDD
:10902000660243BD92AA05BE9B39463DBAA2E7BD82
:109030002610A13D32E856BE09FECCBD91E097BC9A
:10904000575A673EC82192BC527703BE50C7E9BC4D
:109050005767A03E6C8C2F3E5B668EBD9FC27ABE6A
:1090600054D6AABDF7D269BDBEFDB7BB2715423D98
:10907000EFB7793E4D7F733DCDB8B13EBEF5043EAE
:1090800005C0F83D72D11F3E0B2799BC1FFF403E23
:109090003E2F1CBD51B8143EF6C801BE8268EC3D9F
:1090A00054FC563E9DC9CF3C314836BE938A1CBD08
:1090B0007676CF3D43CC0B3E1C7396BDE7B9893D18
:1090C000B6CB56BD08F1D6BE7AF5063D5B34383DC9
:1090D000ED7F36BE46C413BEE73914BE49AE0FBCA1
:1090E0003C57D13E09DD59BB8F4B5B3E77EE42BE0C
:1090F000FAF0D5BD221DC4BDF61F58BE3139C3BD1F
:109100007C3ABE3D2DFA9B3DC6ABC83D1ADD07BE7D
:1091100076C8F33DC9915C3D1B5E323E0FDED03D0B
:10912000FC726D3D299418BE71E7423CD75E94BE37
:10913000EA192EBED0FAA43D966D31BEE5C041BEFF
:10914000E15AE3BC96B7E93D7E9CEABD2358203E38
:10915000A553233EA2EDD33D35E050BE5358F13D1B
:10916000BDC9FFBDC6D2E8BD2C814FBD5D68A0BDA5
:109170009BB2BE3C802381BD7FF6233E033ABABD3D
:1091800066D83EBE036149BE2236CB3D5437B93D59
:10919000726DA6BD9341E9BD5F7F733EC54741BD7A
:1091A00038DD4EBDEEEE42BE1A5E223D097DF73B34
:1091B000D5C1BE3D90472F3C7F2CD93DE916303DAF
:1091C000190A733EF57F953E8F73C9BDA57D94BE88
:1091D00075A6C6BC751E51BDA19C7D3E8CB42B3DB1
:1091E0004F3F5ABC2753303E5B5888BDAFB9BF3D97
:1091F0002E0EDCBC9BC2E1BDF92DC5BDE5EAE8BD84
:10920000BDB999BE4943C1BD804460BDBBCDA6BDBB
:109210004A99A73E02F3E93EFA2D273DA3E38A3D92
:10922000866B09BE7C671EBEC460803A0A67253E15
:109230001A264B3D0D08313EE65BA9BE9F59BB3D4A
:10924000224D9BBC1AB2483E6E125DBD1D3B16BE40
:1092500069D63B3ED19D8ABD36EFE33D7A1209BE09
:10926000318C393E54F1263E2978053EE41910BE72
:10927000A5DF7E3EF90344BD73D223BEA58A85BE19
:10928000EBAAE5BDC0B0223ED177B3BE50C3503E7D
:109290009ED9463DA74B383D7F54283EB3EE0BBDCB
:1092A0004BC0E13D8C025E3D56356C3E6093C53C43
:1092B00087293DBED257AE3CCAAB5EBE23A6633EF5
:1092C000C3E4F03D07AA2CBEDBFE68BE378D22BE8C
:1092D0009E6830BE9E10BB3D2BE6CF3D7DBE243E3A
:1092E000330E1E3E2667383EF594F53D1489463E02
:1092F000BA6E6FBD09F5FABDE5CC22BE7F6775BCBD
:10930000FB68E13C8A5A0F3D1270663ED501463B30
:10931000C93D15BE5BCBFABD85DC4B3EC0F0873D39
:109320006D5D403E773123BE65D2A13CE23D5A3CA3
:10933000E40D2FBD3FB8883DDC2BB33DEEF781BD7A
:1093400030221EBEF7EBA63D0F42573E45005B3C68
:10935000BFEC86BE40BC853D6739393E123B453A7D
:109360001B9F84BC6EDD693DA5F591BDF36D4F3D3E
:10937000C4BE863EA8CBB23DAABA8F3D63F9893CF4
:109380002E68823E4F7DE0BCDA3F80BED6F4D13DF0
:10939000C7D914BE8A7C19BEAB7B683E6D012DBE59
:1093A0003F189FBDCAEB053D2AAD883D2937C23D18
:1093B0006033373D384DA5BC1D9F12BDCB75043EB3
:1093C0002EAAEC3D67C7F6BD5F74F6BC83CE9BBD8D
:1093D00016FA3ABC95FFCD3D32AA713EEEBB553D23
:1093E00031FBC4BDFE2F1BBE34A1BB3D5820843CC5
:1093F00089DD543EC8542A3CF438A33D240656BDAA
:10940000FD5D5B3EAC2DEDBD80A8DE3DAD4C55BE97
:109410006038EC3D2DF62ABD89E2463EA82991BC74
:109420007E469BBD1D12383E496EBEBDDE4806BE5F
:1094300014BF28BEC410843D903E24BE38E885BCCD
:1094400095E34CBC974AD83D9EA877BD708EEABD87
:10945000F3014B3E665A7EBC1E8E46BD1A4CC53D7E
:109460004169EABD1C4F053ECA79ACBCAB30203D1A
:10947000767B2DBD47A9D4BD833C7F3E8AB8F13DA4
:10948000BB4B143EDE9FBF3CB1682B3E493A7A3E4F
:10949000865E203C9589743D3D2B293C46932A3EAF
:1094A000C61B603EAEF498BC45BF363D6B95F23DA1
:1094B0000A6E08BD919C0BBE316CF1BD6C2846BD97
:1094C000C919503E1E0FA53D887667BDDDEC78BDFD
:1094D000B654A5BADEA8243E101BE4BCF4034FBD6D
:1094E0003786973DF2E36D3E335F10BEF975573C0A
:1094F0005AE004BE71F03EBD370AA5BCC67D43BD2F
:109500001B99B13D8795413CA81CF03C8FC4F2BD2E
:109510001DD7BD3C54FC89BDAE2191BD7ADBCD3D4C
:1095200022C51BBDF9E62DBDBC5FADBD60B2003EDE
:1095300078A2A43D9DC222BDAFCFAD3CE6BB733C3B
:10954000F0D1D93DEEA4F23C97A8DFBDE3B14E3D8A
:10955000AC8CB4BD1D84673C371EE63D1543DBBCB7
:10956000B3C599BDC13A203D3B40D13B9A72E83C1E
:10957000EDBAD9BD1E63803D219F6CBC5B74A03DDC
:109580007538603D82D318BED67C53BC1DF67ABDBB
:109590004312EF3B542AFEBC956891BDD610933C14
:1095A0008AE0AA3D0D624CBD43BB9FBDA246FFBDF4
:1095B000781194BD03775D3D27FCB2BD5CDA46BDF2
:1095C000C05826BDC52CCF3D723ED03D3B6344BD47
:1095D00057BE053E475A58BB7A37DFBD1A55133B75
:1095E000FD1297BC56E6023E362E7B3D24A8213E56
:1095F0007756B33C4B954C3C64819DBDEEC4593CC1
:10960000E36A8DBC509A0EBD634B22BCEFAC89BCA3
:10961000BFDBB63C424671BD8E718FBB8F32B93C09
:10962000E6332D3D514037BEBA0EDB3A2DE94DBD34
:10963000D733E93DF3FF6B3DDF89C4BD699C08BEAC
:10964000A3BD803DE4E76F3BCFA752BBC95F573B4B
:10965000B5CC483DCF5B19BEB48D9EBDE627C23C5C
:109660009078123D93009C3D8551B03C3A518ABCA4
:10967000D9E6DCBC77538FBDDF2A193E78CB213D7C
:109680008AEA8BBCC40834BEF65C2B3DE724C1BD1E
:109690009BF1BC3C2C225EBDCC99173EF3EA553DB4
:1096A000F61B93BC9AF88B3DA584C23D2E019F3CCE
:1096B000FBC33F3C0032393D5D34913C74A68BBC0A
:1096C000EA3701BED05586BD8FC2BD3D56A5833C4D
:1096D000F13FCEBD0BC9833D026313BE9BBDB23CBF
:1096E0002C9C0CBE4603DDBD3575993D6390273D2E
:1096F0006122D9BC344C3D3D018B243DB1B53C3D8C
:10970000E55134BD4B7F6D3DFA5F103E6E42AC3D7E
:10971000EA88C5BD57D009BEC652A33DA84ED83C65
:109720005D5076BD3A2E073EC5F88D3BDB90A4BD5B
:10973000F8C786BCE3BA403C7F10DC3B8F19C8BD3C
:109740003F96D3BCFAB7A3BBA3ED38B9287717BCB3
:109750008F95EFBDF20466BDCB8F593DB6CC51BBA2
:10976000CF4548BDBC7CEA3D288EC13D5280DABD64
:109770003F2A7D3D2FBAEDBBC29A21BB94A068BCA5
:10978000869D9B3DB80F24BDCBFAD5BD636EC43D0D
:10979000185AA9BD62FFDABD9B3ABFBCBE9D153DFC
:1097A00067B7853C3F9EE0BD410E4BBD1EA79FBDE8
:1097B0002548393E290EA4BC6BCF8BBDE8E60FBD12
:1097C000B388E5BCF2D9CDBC955B033B44E7BD3D16
:1097D000EB12A13D5EF923BDDBE4B4BD711118BDF0
:1097E000CA68FCBC7F1C253D92C191BBFED1713C77
:1097F000605486BD0B4F8BBD42615EBD4E5C33BC79
:109800003B1DE93D6C40A0BD7A41433ED45C1BBE8C
:10981000F7142F3DFD84D9BC153C223D26B405BE6E
:109820004EE3A7BD86E304BB970B25BD3FFFB23DCA
:1098300049C2743D942C3CBC6C32C1BB5F62B4BD68
:10984000B1FBF9BCD5E3CCBDD456F13C2919D03DD0
:10985000530B9DBD1FDCF4BAF062793DA8E5B8BD9D
:10986000AF14453D15F33F3E6BFD013D4295313D43
:10987000F3C2113EDBAA73BB66CB07BE2C74A5BD39
:109880004A93343D975B02BD7ECA96BC86BD39BD06
:109890006B654F3DC79330BD8FD396BC12EEB13D83
:1098A000EBC41D3CBF5CFD3CD41BA13D191AF1BDAE
:1098B0009F9C31BD4A47DA3D9F15683A6085273D38
:1098C0009FA5193D266CA0BD16A2CA3D6561D33C7B
:1098D000F14F35BEB3E6433C7560FF3C8C0CBEBD1A
:1098E00069A037BB810961BD2D7D9A3C3CE5A33C55
:1098F000E072E8BDB3DA29BD09A27BBDCCB9A23DB7
:10990000E4539B3DF34CE13DF47C95BC4AC4BCBDA3
:1099100076E895BDAE5B1CBE1956F53CDEB6033B42
:109920000D12CFBCCB36D33D9497173D580622BCC1
:109930008ADEBE3B0C85BB3D26F6683CF2EAF13D73
:10994000680FB5BC0D97663C54AEA43AB0C0FC3D60
:10995000909F91BC6538313D83E8223CFD62F43D27
:109960007439743D3FF21DBD70C89FBC98134B3DC8
:10997000BB44D13D1C2C113D9AD18ABCD761743CAB
:109980000CB5BABC373D4C3D2D5C11BD9F23863DC7
:109990008394203E09BC91BD7240FC3D15D2BDBDF3
:1099A00049235D3DB51C08BD943A0A3EC04A593D65
:1099B00094BE8C3D57DE81BDAC5412BD4C77F83D52
:1099C000032D8D3D21CB30BDEB3D0BBD9EF8D33D2E
:1099D00010AF613DE909DDBDF7D4D63DBF68EABBF4
:1099E000D2BAEDBC3C9156BD89CF38BE939F14BE10
:1099F000A656933DE002CA3DA7960E3D9F68BE3C29
:109A00003C051EBD82A183BDDE1FBE3C8963C3BD74
:109A10007CBFBDBC8F450ABEC44321BD99A5F4BD22
:109A20006990D0BDA284B03BFA8BF8BD3491673DFC
:109A30006263343DEC8AF23D310509BEABF0DDBC1A
:109A4000E69FC5BD0A0F953B457C683DC353293C45
:109A500051DD33BD94F0DE3C463D483D03569F3D0D
:109A6000FB327A3DCEF14BBEBF4895BC472B263D1D
:109A7000988B66BC8087F6BC3DCA8D3E8548323ED9
:109A8000DE5DDEBBE504283E2ACA2D3D5CD9BF3D24
:109A9000600FB7BD95B32B3D46E364BD0BE81F3E99
:109AA000BC9FC93C3EDC5B3E102C6E3D2FDE073E6A
:109AB0004813CABBF8873DBEFE4CB6BD7EC0CB3D49
:109AC0008D1BAC3D1607C9BDFDBB37BD78B06A3DE7
:109AD00068D4EB3CEE70AF3DB560F0BD11FA223DAD
:109AE00081B723BC804BDA3D3C95B23C91EA1A3EEB
:109AF000EC2ABFBC01628EBB21E26CBDA4D5223D25
:109B0000704434BD9CA5ABBDBB0971BD731EE63D61
:109B10007B194FBE0BECA8BC83FCCABDBEEB9A3DC3
:109B200037981BBCF83DCE3D6A494EBDCA8D6E3D8F
:109B30007053023D1B6408BDA54115BD2956D0BC1C
:109B40009876833D849717BD8AB42D3D800583BCEC
:109B500011AA203D84E5F63D5CE581BC742EA33D51
:109B6000FBFCF53D1AA4193DEBDC063D784E8F3C1D
:109B7000AC1444BD6269D5BC51C83BBE797A26BDE0
:109B8000BD39283D93E1203DE420403E032725BD1B
:109B9000ED7104BE946ED13D9559B53C05838ABDE7
:109BA00036A72F3DED9C2CBEEDEFA53D9B729F3D52
:109BB00082CF413D3EA1E83DC8F008BDAE1DA43DA9
:109BC000A10461BD360C0A3C070E923DF4BF20BDD6
:109BD000376DC1BD61EF71BC96069FBD2F69BD3B5E
:109BE0000058043EF31C0D3C17E3D13D4158133D92
:109BF000E7ECDC3D1F8B1F3DFAB538BE450D51BC6F
:109C00004CB441BD6C1B0F3D904AC2BD5650A6BC22
:109C1000C333143EE37C61BDCFB9A4BD5F5421BE04
:109C200093B6373DCC8C62BDD71AFCBD27970C3E4E
:109C3000A6A9353DCBE666BDBC7025BEE3ACB6BD7E
:109C4000EAFBA93DC2C3A7BCE4CB22BEC1E6A53D49
:109C50001CC1B13C2D89F4BDABA9F6BCDBDD7CBDDC
:109C60006B92A3BDB0CE89BD98E3A7BCB9B61ABEAE
:109C70005C4AC83B7CB9043EEEB1A2BD990407BB67
:109C8000F575F1BCB09F4DBC537008BEC67F40BC9B
:109C9000010EDE3C9E2E2DBEE889FA3D75AE32BD2A
:109CA00013CA65BD9C8E153BCADEB63D2F8B013CA9
:109CB000CB990F3C479629BD74EF7BBDEF749ABCDE
:109CC000ABC692BCE087F3BC80F0D13DD28E27BCFE
:109CD000F491EABB559E99BDF29C8CBD3D79E73C61
:109CE000041685BEDC9415BE84173F3D14AAE93DD9
:109CF000098538BD8E473EBDBD0426BE7141443E38
:109D000057BAD23DA4DBC73DDD7B463D9310E8BD8D
:109D1000FE00993DB7A63D3DCB6E9C3DF0CA233E6B
:109D2000C636F93D5C0699BDBA9F44BD9025E53D18
:109D300025A7D5BB403FB53D435A123B8C4DD53D81
:109D40008878843D58A793BDA854B5BDFA46CFBDC9
:109D500089F0863DC00F863D1B85063E87A9D1BC94
:109D6000724A7ABDD3A52DBDE5F9C5BC5DAE283DCF
:109D7000D390C3BD5BCE77BDA65934BB6F4E97BDA4
:109D8000B70E3DBC3E7FC53C97C8C9BD4AE0A7BCE5
:109D90001DCEC63D58823FBD13BA363D8670703D1C
:109DA000A661F03B7E25983D1A22B9BD903D9A3CB4
:109DB000C10B3CBE5A3C9CBD9F109B3CA9048BBD73
:109DC0008B73B03C577CCF3A64F90F3D53E7113E9B
:109DD000869656BDC57A2CBC4A28C53D88B5DC3C64
:109DE00078FCAD3BEA1128BD51CDC43C46741F3E02
:109DF0005DF4AB3D9B70843DE58583BD7B4FA13D0C
:109E0000DC0143BD6B2ECDBC3E4892BC2F16103DED
:109E1000FC4C1ABDC99E593D02C1AD3D0C108D3C94
:109E2000988E683CB57C70BD8434A3BDE36D6C3DF9
:109E30003B29BB3C296CA1BDFBB334BD2E580F3D63
:109E40002193B5BCDA3BFA3D3E580F3DCDE7843D4A
:109E5000BDAA103DD62B72BB182509BD4BE18A3D2A
:109E60002B9C103EB00E773D9631E3BA1EDA0EBE43
:109E70002080683D3E5E503D9760463C44571E3E04
:109E80000D21B8BDE8100ABD92D71F3C323D5EBC23
:109E9000AF4874BDC977D4BD8AE0093E76F5153E5A
:109EA00068F6E13D821EED3D5E86113D994CBABDDE
:109EB000D5DF7D3CA0408D3DA48EE93DE9E717BE8E
:109EC00074F72CBD23912F3C30D0DBBC14E6A83AAC
:109ED00093502F3D5F2B173CC2E8CE3D929C05BEB0
:109EE000B7361DBD888415BD59E0B83D1C91FE3DB7
:109EF000822444BD2EB6C5BDFFB048BD3727A33D63
:109F0000BD1E673DECC0A83DEE7F403CFD83D3BB4A
:109F1000FB05F9BD29B5083DA4A2C8BC10D1033E7C
:109F2000D069C73A1C7B1ABCCC9B4F3D8A5E823CF1
:109F3000AB9C14BE5C449F3C313D79BD082DF73C81
:109F40004D10AABC71E4143D888258BCD76254BD40
:109F5000CFF7123E0577833D47EC7ABDE6A38EBD71
:109F6000FDF23B3D8021A5BD2DB080BC8D16053E88
:109F7000A3C50FBC2C3264BD3F8335BE811C9F3C02
:109F80004F7D943D5FE030BDD121D23C99791BBD1E
:109F900062455F3D1A5A243E749C883CC695AB3D91
:109FA000D8B710BEBF5C073ED0C7303DD4F7283EBF
:109FB0002EC310BE56ACB7BD803CB53DE36E16BD9A
:109FC000E9FD003EF22948BD543EF53D7FB5F33C26
:109FD00052C845BEA5662ABD5C146C3ED1E6B7BD2D
:109FE0001301883D446FEFBC1295A6BDC583ECBD3F
:109FF000F113C73D1A6303BD77C7F2BD0CD409BC8A
:10A00000EC94C2BD81AB0ABD0943ECBD1A0B253EE1
:10A01000CBADD83C65114BBD34E89D3DD3FE623CD1
:10A020002AEC293CBA86C7BCBF3597BDDC67B1BDF9
:10A0300014EB3A3BBD0A793D91689D3D8796573DAB
:10A04000608A823C3E88BB3BD41E423D999DA3BCA6
:10A05000844623BD08D81A3EE81D613DCA3E043E31
:10A0600004642A3EC57A863D570015BC8E5A49BD08
:10A07000034F37BDD37DE33D452CC13DA79CC13D7A
:10A08000A59E62BDE0FC93BB7D771EBE45F09BBCE8
:10A0900021F510BD1D58123D414918BDDF7D163E0A
:10A0A0009CE0193EEFD2263E7D42273D8E28D4BD4E
:10A0B000A788F7BD0940D5BD8B5AA2BD4285BEBD5C
:10A0C00095A503BDD44AB93DA82F62BD2DD0A83CAB
:10A0D000C36A243E9A281C3ED7DDA13D2F9A2EBD8F
:10A0E0000EA20DBE20BD61BDEC55CE3DCE554A3C05
:10A0F0007605163ED95E71BDBFFA163EB48E90BE8F
:10A1000046D0C6BC4216A0BC16AAFE3C8239F73D1A
:10A110002018FBBC31C0D3BDC4C30BBDA6CC18BE38
:10A120006A3FE3BC119E733DA990E03CEEB4C63D8E
:10A130006BC52B3E763ECABD2554A43DDFAEC53D62
:10A140006CFFCB3D5510033DD399E93CFA0D333DEF
:10A150006B9354BBBB3FAC3D4AF7D0BDD3EE27BD9C
:10A16000308B903D087437BD1FF9E23DA7EF583B97
:10A170008047EE3D7BE2AE3BA7DFAA3DEDEA7E3CA9
:10A1800007D787BC9B3DC4BDA973E23DFE01193EC4
:10A19000581AEFBC9C05BB3BB44C31BDFBB66DBD42
:10A1A0000E02233DE985CBBDD62DAD3C5A36E53DAB
:10A1B000C02E33BD7D8818BD9D69E53C69B5A43DC1
:10A1C0001E5CDABB39D1D03D7AD7A7BD0927183D2F
:10A1D00007A7893DBC551E3E9428C1BC2D45593D5D
:10A1E0009877A2BC7579B23D8311983D967B01BDED
:10A1F00069081E3E716E6A3B616D003DB2E5FE3D31
:10A200006D2AF7BBF601A2BD9E1BE43C86F242BD5F
:10A210001D24A93D6BCE8FBDF3571DBDAED7913D1B
:10A220006B7C2D3D7BFEFF3D9365033EB39A693DFC
:10A230004AF0E5BC7B05E83C37DE323D19617FBC66
:10A24000C9B2A03D04B337BE75B420BE691E09BBB8
:10A250005345C13D80859FBDDCA749BE8597C33C62
:10A26000CDF121BEE1C017BD02670A3E41260D3E79
:10A2700070C8B3BC7FE0EDBD612E65BDC0DBDBBD4A
:10A28000A026EDBC481B12BDD66E373DC79C5D3D78
:10A29000858543BC4A4D783D4844ECBB1E790FBED2
:10A2A000BE30D2BD52F98CBDCAB038BB7C67C83D48
:10A2B000E7BB043E0DC9843D5C201CBD88AA8A3ED4
:10A2C00079D2D43D4AEB36BD806175BEA8B9B0BD28
:10A2D000A8DF29BDDF4CE6BDB78E34BD74DFEBBB14
:10A2E00068981E3E763A64BDEF31F0BC777E0A3D39
:10A2F0002963DB3C7489713DBC081BBE840E4A3E59
:10A30000F95A9D3C552EF7BCABA97FBD77D834BD1B
:10A310005D7E263E606FBC3C568A273B549F6E3C58
:10A3200000EBC43D7E0979BCFA9B39BD56FB39BDB3
:10A33000FCEB53BE2689D33DA1667EBDCFCC8B3DC1
:10A34000F8E2523D7746D1BC0C9DEDBCE246083E9A
:10A35000ECD6D2BDD24ADCBDE215C73D668A31BE1D
:10A36000205E58BDCE69353CAB1D2D3C983BCEBD23
:10A370008C073FBC521ADCBD81279B3D50F858BC6E
:10A38000ACC4923DA6A39F3CDFB577BEC4A0AE3D52
:10A390007B6F9DBCB0138B3DDB5F9ABDE627ED3D27
:10A3A0007CE3E5BC0FABB23D734902BE07075B3CE3
:10A3B00002658ABDB86E6C3D019EE13C8685E8BDB4
:10A3C00070B9C0BD60F08FBDFAA7CFBCAE7D8E3B2B
:10A3D000A27AC4BDACA632BDFF8FDE3D1FB18EBDDB
:10A3E000069A1BBE7A4710BE0B9139BCB883923DCA
:10A3F0001E8DA3BDAA39073E56267D3D3DE665BDAF
:10A40000CC1229BD41C2853D7D01033E22BA62BC0A
:10A410009126D4BD6DFFB4BB93A5C63D13567C3DBC
:10A42000A260463DB921F13D037EA83DEA1C9E3B5A
:10A4300069641B3DFB3F6C3DE039AA3D3D0C6FBD9F
:10A440005CE62C3D5C3D683D4D781F3E31B60E3ECE
:10A45000010D1CBD4353B53D64E1F43D0B9EA4BD0D
:10A46000D495FA3DD85A173E2AA6663CE0201F3DF7
:10A470008F7CFDBB01DB8F3C3D9BD1BB056B49BC99
:10A480001A9AF9BD0641283D2519F7BD0C6685BD10
:10A49000A9EBC9BD40B2EDBDC4F6893C45F1E73C2E
:10A4A000A7BE363E9F80683DC565BDBD2135B5BDA3
:10A4B0007CE094BC7717A33D89E7A33DD009F7BDA5
:10A4C00079AE87BD6B7BDBBC4540DA3CCFCC40BD71
:10A4D0000E5DCD3C22913D3E1331E53B49C4FF3C2E
:10A4E000A0593E3EC9E254BDF8EEF83C6E66CFBDC1
:10A4F00052767BBCCEE5AFBDB396893DFE00B5BDBF
:10A50000CFCABBBDD622A73C215214BD3111EDBD2F
:10A51000899FEEBCC0E901BE83AAA7BB233B243DB3
:10A520001B00AA3C4133A53B5B172ABDC3B961BDE3
:10A53000A94FB13D4CE869BD74B097BD41FC113ED7
:10A5400081D966BBE3415D3CF84315BC3FDA1F3D52
:10A55000D233C13DBA842BBEDEA99B3C6F74ABBC29
:10A560004B2A9EBD3E2E6EBCA92DEABB25E9D33BEE
:10A570000A4B0D3DF621693D62DCD23DFAA9CFBC04
:10A58000D3BA06BEFA570BBDAE62C6BD2710A9BC32
:10A590006E307CBD3C203FBD95F790BBCA3C343D3E
:10A5A000079D48BB68F24DBDAC89923B0BA6533D5D
:10A5B000EB1860BDDED127BDEC91D43C2354723C36
:10A5C000DB96083E8B386A3B275E04BED9700EBE10
:10A5D000743120BD84E2EB3D9BCC86BDE6C38B3D50
:10A5E000B506DFBD9519A13D9C7E153D1E4203BCFD
:10A5F000FA09F7BD27E5CDBC5A7F173E1845883DBF
:10A60000FF2281BD51E081BCA09A61BD80150F3D44
:10A610004DA81CBDEBCDC0BD57889B3DA8B8223EC0
:10A620003DCA9D3D432EB2BC8A54E63C8D5EDABDE8
:10A63000528E07BEE2FAD3BD401ADABC6FADB5BD8B
:10A64000E6A499BC89939DBD6AFA98BC55B13CBDFE
:10A65000A2D8173D09CC713D6BE4133D1C89B9BCF0
:10A66000E506163D32810DBEEF3A8B3DD45ED23DFC
:10A670001132063E8C1B68BB31321D3EC58732BD90
:10A680002889053EA00D213DBBFA023EDF1E123C8B
:10A69000FFEA833C572AA33D8CD3EFBC1CCF50BEAE
:10A6A00042BBD9BDEACB8D3C23580FBE7FA0E83D0D
:10A6B00075E3E33C5DF99D3DE5E5243D5A38F33D06
:10A6C0008CCA58BD15E4F9BBA215E8BD07F8BF3D1B
:10A6D00064EF96BDE1D45DBD518BA23DA47F75BDF5
:10A6E0005D0CB53DE62DC83D777EAD3CE9E1A93D69
:10A6F000C4BCE1BD0F4F5BBD1E57F43D67E4973D01
:10A7000090CDCDBDFD281CBE2E3FA6BD4BBE853CC9
:10A71000831CADBD26C8C83D434D843DE00859BDEE
:10A720007FF03B3D9E88D23CDD4F653DEDCD90BC3A
:10A730001283073DF4BD253D7FF02BBD4B3EC33B4F
:10A740003DC085BD7A52133E6187F43C99BC2ABD59
:10A75000AFB5B8BD9963983D431636BA65CA6C3E2D
:10A760006F62353D725424BD006804BEB3F906BD66
:10A77000E24713BDC704DFBD7649D6BD4A38DCBC0D
:10A780004CB39BBC00D1033DAD56973DCFAB4BBE08
:10A7900032DA8FBD550818BCE703E2BC1F7AA6BCAD
:10A7A0005C5E86BD74C0A6BB8A10CF3D5FD997BDE5
:10A7B0007BEB013E4CCEF83D9E0C62BC7A669BBCA6
:10A7C00054AECEBD929763BD27A3F63D1AD827BDE0
:10A7D000FDB9B8BD672616BED283AFBD8DE007BBFD
:10A7E000B5F32FBCF95732BD315AF6BD033FA2BDB8
:10A7F000913DB83C0472D13CE3631ABD28B32EBD31
:10A8000055B8BFBD0A1BAA3C80D127BDBA7E033D07
:10A81000EBDB0EBEDC04C43DA302A73D4421D2BD48
:10A820008FE8E8BCD04E213CBFB65DBDBE97A1BD50
:10A8300097E2E7BC5E64963D658340BE465A893D1B
:10A840002E8D0D3D204BFF3C7BFEA8BC76738FBD4B
:10A85000CD60DFBCE4A2AB3C1E6F983DB60584BD65
:10A860009B1E17BEB67795BD3683FC3C666AB8BDA5
:10A87000C25380BCD7E1AF3D0A0FD4BC1DEB283DCD
:10A8800089F696BDA37276BCBEF3E7BDDC638DBCD2
:10A89000C24A94BBC145DBBDD6D5993D5F47CB3B92
:10A8A0004B6B8BBC06FD8A3DB8FDB03D5B9387BD0D
:10A8B0003BC1B9BD892058BC7CB227BE5287DCBCE5
:10A8C000194CFC3C997C40BD2B6C423ED92283BD87
:10A8D000A142EF3D3E6F95BD03826FBEAB37F03CAA
:10A8E0009D5955BE43BE27BEFAF034BDA83EC8BD33
:10A8F000210F6EBDAFA3DBBCB50E0EBE045295BDDD
:10A90000BD47303E855BB73C70DFF13DC1E6013DA0
:10A91000F669D93D707402BE44FB2A3D586381BB81
:10A92000EFDEF63DCB48023E5A3FE93D93F064BD71
:10A930003FF3A23C9E8D05BD709B073E65A5B63CCE
:10A9400069D907BDB56B973D04C604BD4032783D5B
:10A95000DDAE3B3D647DA4BDDBF61A3E70FEE4BB7C
:10A9600042716ABD35E4E63CB36CB6BDD128AA3C61
:10A97000F6882A3D3F61B43D3AA67B3C26EB963DE6
:10A980001A5F1DBE337156BD33FC0C3D4DE6B4BCA1
:10A99000D9FA993D2160A6BD8F97643D131DDDBB9B
:10A9A000AFFFE23DFBD3AE3D92C7FA3DE0F65ABDA4
:10A9B000A7BA843DEA7127BE0784ED3C9C74093E2A
:10A9C000E2E22D3DEAF58ABDFED843BE2F9CB83C9D
:10A9D000357DA63D6FC8BCBD25DCAEBA9F4F75BCAA
:10A9E000B271D8BD205EC1BDE05819BE9AD5773C82
:10A9F0002D7690BD7A441E3DDF716E3D61BBCC3D2E
:10AA000017A798BCF28D103D6F5BA53C02B26F3D5D
:10AA100049C6E03D22FCFBBCB146223E337F53BC1D
:10AA2000915A033DFEA5FA3DD0319BBDC3A8073E18
:10AA30008941B0BD929E663D27182ABDE972BE3C91
:10AA4000B48825BB18C2903BCB54AC3DF0B8E3BDF5
:10AA50000C7A9A3C9BDD8F3D1F8A7D3C714A073EF4
:10AA6000890ADE3D6128CABDFAFC2F3C39E5633C0A
:10AA70000459CB3D213AE7BD5D919F3E778A1E3E4A
:10AA80001FB11A3ECB60083E2A7B0E3E74C9713D51
:10AA9000B1691BBEBBB7733DC0256DBDA5364F3D2B
:10AAA0000F9BCB3D42D61A3E203699BD9446FC3DC5
:10AAB0000C7F983D9C46503D1AFCEF3D45695E3D3C
:10AAC0001AD3C93D493C9F3DD68CCEBDBDE00F3D5C
:10AAD000E3D29E3D4DC4E43D2BCB49BDBBE3A23D3B
:10AAE000CAE1933D6F05253D3A83A5BC403FCF3C6D
:10AAF000EF4BB9BD1B748FBC44C31ABE9ABC623CF9
:10AB0000CC7BBABDA073B0BC3B491E3D807602BE73
:10AB1000447454BE2CD663BD4D16043E6D7E15BAEA
:10AB2000C86EE5BB46D7BBBD70200ABDF75512BE47
:10AB30007D82E73D8A25B73D0461423D85F43DBDF8
:10AB400053F3C2BDA702F13C294DCF3CA44F9DBC9D
:10AB5000BA66C7BD5BD65CBC3616273EF25CBC3D10
:10AB600039CB113BA5B2523D289B98BCE8CBDB3BCF
:10AB7000EB467C3D6531863DBA76F0BD20AF14BD15
:10AB8000EA30B23C8BA838BD3140A0BDE5A8C3BDBA
:10AB900078C23BBC58FA9BBD6F33433DD47F6F3CBA
:10ABA000EEB2C5BC6C682FBC9B14453D0C50613D9A
:10ABB0001901173DABF1AD3D6EABF23D808FEF3B20
:10ABC00078FE783D47C907BC3947B43DC23FCE3D0A
:10ABD000842B8FBCCABBC2BDED7E813ADD5005BE61
:10ABE000482D9FBD5FB4F63C2B4D933DFC81B43D99
:10ABF0006630DEBD526F873DF1BD25BDE6C9F9BDAA
:10AC0000F0BF4B3DA6D270BDE9A7A43DEC6B32BDB1
:10AC100070C446BCCED006BE8A80C23D33040ABE94
:10AC20000F5EC3BC6C3858BD3415E4BDAD41EFBCFC
:10AC30003D820A3D584BD2BD930F32BE93BEB0BD8C
:10AC40005D15FD3DAC2E113D79E2BF3CD5AA8CBB14
:10AC50008361E53D5904F63C3A52F8BC01D7D23D38
:10AC60004C02233DD3284A3DE8B6F6BBBF2C913CAD
:10AC70006F69B2BCFF7757BC7783583C01FADA3D65
:10AC80009E495F3D79D5B23D04BA90BD89476D3D7F
:10AC9000A2681A3C960CA03DEA65F73CF0CE143D44
:10ACA000C8C9293EEDA2303E25CEBF3D9E47B03DEE
:10ACB000E2E76EBD347E2B3D3D0E4CBAB63127BD6A
:10ACC000D2C425BB9B612F3DACCECF3C5A5F8ABC22
:10ACD000EB54C13D80B1BD3D257197BB9CD6613A17
:10ACE000DC26CEBDE73F003DE368683DC9A40A3DD0
:10ACF0009EEE34BD06B617BE236917BE0EC33F3E97
:10AD0000AA7341BD21D2A9BC91CBC43D122A133DE7
:10AD10007F7A8ABD9062D43CD02D0D3ED2A47F3D77
:10AD2000DC44183EE70BAC3C09C8D53DAB7DA5BD66
:10AD300061B8ECBC09D8003CBBDEA33B8EC3783DB8
:10AD4000F691933D5DAF75BD5CC764BDA9C71EBDDF
:10AD50000F87C23D29FC353CFD72013E7EB6923D17
:10AD6000D1742E3DD2C250BD08A01FBE1706BBB87D
:10AD7000EB601DBD9AACEBBCE11C2EBECCD9AFBDC7
:10AD8000CC78C4BC1D3743BD1B43943DAE195BBD9D
:10AD900036446B3DFE4AD23D2DDEBB3D9F559B3D6B
:10ADA00014F385BD67858B3C37B42DBC8A70423E59
:10ADB00006C885BD3BDD0E3D5BDDBC3D6365843D66
:10ADC000A329D93DE1A21CBE5A189C3DEA4FA83CDC
:10ADD0003A66DABD6FC2D9BD5015443E83371EBEF8
:10ADE0000CAB3E3D2D1A21BEA6FADB3CC694213D9C
:10ADF000F43CCD3D0714723D0EA3E1BD285523BDA3
:10AE00006A0AECBDF2E4233D55140DBDCBC9083EE2
:10AE1000997CD33B9312B03C95A3103E3EB7C53C02
:10AE200054E51BBC7615F3BC3BA753BE779F6F3C24
:10AE3000F34825BB331B74BDFD56ECBD424CFC3DB5
:10AE4000470CCBBC2CF30D3E68C161BDBA0631BDC9
:10AE50004547193D73619A3D604EA53D5448823B7C
:10AE6000093D9E3D5FD60F3E70A052BBA5A3D53BCA
:10AE7000493480BD3C34493DB1DF8D3C2839DE3D4D
:10AE8000D57C783D56F0113D8E32D1BD3B15EABDE3
:10AE9000206BCABD1D39443D2FDC193ED9D52B3E50
:10AEA000D36AB03D03F1733D8C161D3D4ED681BC77
:10AEB000FDB61CBC128124BE49111C3DA91334BE31
:10AEC0005331DF3C51290F3E7344873D6D0DA8BDC2
:10AED000EEB4203D124A6A3DC18FC23D11167ABDC3
:10AEE000BD28D0BD10B2483B7A2ECC3C2D9CF3BB84
:10AEF000E0B2C8BDD3C0A23DD83129BDF261803EC9
:10AF000029A3FFBC45B49B3B9CAE2BBC2A7A9DBCBD
:10AF10006AD323BD977DA23C47846E3DCF77C13D68
:10AF200063EF163D1055B83C759A8B3D8F5135BE79
:10AF30001A4615BE8C5324BD2AA6B0BCE35B50BD97
:10AF40008BC2BA3DDB73DB3CEEBF24BDCFC4813D79
:10AF5000E244263D75569EBDC222D33DDB7C0D3EAC
:10AF6000219901BD5E2F9ABD957420BE823A84BBA3
:10AF7000C2BBCABDA011623D5B7C18BE2038B43D87
:10AF800051E32EBDA90C423DBF66EDBCB0F1A43D1E
:10AF9000C91570BD23C4D7BD814D333E90ED263D0C
:10AFA0002EFD5B3DAEDC5BBCD00FFD3D6EEC53BBBC
:10AFB000223AD73D54A0DFBDADE44D3DC5799ABCE2
:10AFC000D19C58BC9929D4BDC010373C09AC8D3CEC
:10AFD000DE8FCABDC8EC0CBEB08A313E08D2B2BD0D
:10AFE0003AB935BD63BF8A3D12DF8B3CAF4550BDDA
:10AFF000D386E5BB8FD6513D310C32BD7BB156BDFA
:10B00000300E83BDFBFFEC3C8FF1AE3BC169B1BCA0
:10B01000C03DB23CBE7F423CD3FAEC3D0BAC1FBE00
:10B0200085AB6CBB4051B2BB7C9E7CBC8A38C43DB6
:10B0300060EE44BD5F6E523D53FB9FBD9B80C1BC23
:10B04000CCF5EDBBE8CD6A3D9E23CF3D77F5A33D22
:10B0500059EE86BD605F0F3E3CF1F43B9945493C9B
:10B06000C49FE13DF09E29BD4A30F53B6D2933BDBB
:10B0700071771B3D303C703D9E7E573ED05BB5BD29
:10B08000830FD43D9CD4353ECB48623CBD03153D77
:10B090006D12CD3CFA4E4FBCE9828F3DAE71F73D4B
:10B0A000B6C1B43CEE13403DAF9D01BDE6A927BB40
:10B0B00001012BBE1B5605BEDA28DCBD0A1EE2BD0F
:10B0C000A6367A3DC94AC93D0B45093E391912BD1C
:10B0D000600210BCB869AF3D2AC9233DF1E5933D3C
:10B0E000C9224FBEDB2CFB3D15CFA73D0E30BA3D2C
:10B0F000660CB9BC95E799BD48ABA0BD2474A9BC4A
:10B10000CFE8603D27181A3D70B34BBD039EC33C8A
:10B11000DE3EF4BD32D8F6BCC7FA1D3DB2C085BDD7
:10B120000346573DA230293D1863093D5176223C24
:10B130008E14163D5EFD84BC41DD5FBCE7BD9BBD4A
:10B140005FC0613DCA17923D2706BC3DDEFB89BC4E
:10B15000A6DFBE3C440FD23D0EE302BD0B87153E79
:10B1600066E9213DF443D9BC51AE5BBD343E643C3D
:10B17000945453BDC960943D4177CCBDAF3D6A3D09
:10B18000C58F89BD0DC56C3C012AF1BC7798A2BD65
:10B1900038F7E23DE994963BF703B03D978F143DB5
:10B1A0004656103DB3648D3CE763FB3DAD74783D7E
:10B1B000DF7EA0BCF8A2EDBD1A59A83D88ECEB3D9E
:10B1C0000CF6FEBB9274E3BCF3A31E3D3317823C26
:10B1D000E0B7A5BDB6C5A2BD6C15353D9664A33CD0
:10B1E000231486BD59B455BDD91701BCFBA683BC39
:10B1F0006C97DF3D9838A33D519360BD250EA03D6F
:10B20000576169BD35E9A93BC4B9D2BCBD9978BDC8
:10B2100017C17A3D482E29BDB5AB56BC110271BD90
:10B22000749A0F3CDD6DDE3C557437BDF971C53D38
:10B2300016363D3D1E8D90BC6C6966BD920D60BD9D
:10B240009CC4383D8F6B12BD59DEA23DFA1E5F3D96
:10B250009C00C5BDB9548A3D1533E03DFD070A3C4D
:10B260001FF0813DD3A583BB6E1F81BD1E9F6D3C2A
:10B27000AC56A33DB560BF3D599EA73D209869BD22
:10B280003FAB4CBD0062B73D9155313D02F3D5BC9B
:10B290004A73BE3CEFF2BC3C236A05BDE87CB53C7A
:10B2A00096D7783D19A8973D33BBFE3D72FF65BC2C
:10B2B00047DE63BD8FD0F9BDDFED92BDB9665A3D63
:10B2C000964CD63BB9E68F3D6AFCDE3D546B96BD8D
:10B2D0008FADD5BCD6CA32BD378AAABD6960A93C3C
:10B2E00086E081BDDF88C33CD622BDBCAE1E2DBE2C
:10B2F000DF1CCD3D406E2A3E1E0B93BC6C95133D6A
:10B3000034D46D3C1170313E2513B33CAD4305BDC3
:10B310001F623E3E71ABF0BDDEC7B03D9471E1BD32
:10B320009B584CBD8B86353DAC8FBBBD0D5091BC41
:10B3300070BAC8BDAE61A33D9440E13DEC74933D4D
:10B340001A6211BE9D29BEBD0C3E633D58E22F3DE1
:10B35000D8CEE2BA5EAC343B7944783D8E8D48BE9F
:10B36000D8A343BEC629373B0F2525BDD9ABC4BCE6
:10B370009ED5403D88EF70BCA16C613EA56442BC87
:10B38000DA6C9D3DF4B2E93CA510E9BD43E7E23D2E
:10B39000F60F683D3C4CCEBD91EEDC3DDE01BE3C7F
:10B3A00055D1923DCF3AC63DF4E7A7BC6656AABD3B
:10B3B0000A46443CF7685ABC362C40BBB7840B3B6A
:10B3C0001C5403BE1031803C06ED36BE9D5A21BC94
:10B3D000AD8CB83D16C0AD3C12354ABD14130A3CC5
:10B3E000229DAEBDDEFB143DD51ABBBDA77CD9BCEA
:10B3F000A6AFB9BCAC24983D1BFA7D3D63CA3DBEE7
:10B40000A015913DCC49D5BCF547543EC0888ABDB6
:10B41000D2DEC1BD44B27FBD3711463DECA15EBD59
:10B42000A82C81BD3AE10E3E08DA033D60399E3D0D
:10B4300095DD803DE2388DB9FD16073EFBB929BD8B
:10B44000905BE83D2DDFC53C2770013E935EFFBB5E
:10B4500022A10B3DFC229E3D15DE87BDD94B1CBCB5
:10B460005A4DE23D7F68983CDA61A23CF4F1AD3D73
:10B47000F0DA183DD50427BDFF8F083D6132A63CA8
:10B48000B9C2523CACC54B3D6204DF3D61679DBC17
:10B49000DFA0F7BDDA22A8BD355ED0BD5E1C97BC2B
:10B4A000C19C073E5247063C238F4DBD3BBD213C0E
:10B4B000477B0EBEF14335BCB331563EE3ABA73DEF
:10B4C0002B56093EFCC12CBE38E7C5BD49D0413DD5
:10B4D000AFEF7FBDF94A943C3930EE3D55A80F3EA1
:10B4E00045714D3E48DF85BDA4B7AEBC81FEB5BDFC
:10B4F0009B31E83C8D71033DCE369FBD1F57B3BDD8
:10B50000A0B0E93CD5415F3D4208B83DEDCC13BE4B
:10B510005C3C1C3EF76A3A3DF8BC6A3DB2C9C1BD0D
:10B520002E3F9FBA202616BE0AA1C0BCA401AD3C86
:10B53000BFB064BDC6B4213E51B61D3E93BD64BDCF
:10B5400074330BBD653E1D3CE2A8F83D2A1D573CF7
:10B550007A7692BDC0A7653D1F0CFD3C4ABE67BC14
:10B56000F6EE6CBC4A08503CD45C2B3D906B0BBD96
:10B57000AEE3F33D7E15643DD36F393EBFAE9CBC58
:10B580006E9832BDE785C5BD48D0B0BD376417BDE4
:10B59000A9D6823D608D66BD2133A03CB0D724BCC6
:10B5A000D9A04ABD04654F3DA5ABDEBA3E2B03B919
:10B5B000AB7F173D52E1F13D64BEE93CF85E103DC2
:10B5C00034D5103EE558E13D69D1B9BD0CF3A83D35
:10B5D00054E9093E416E943D7F7A46BBA3C4233BA8
:10B5E000EF6361BD1237503DC693053D4AB13F3D03
:10B5F000AB86A73CA413DABCAEC79C3D1AEA183D43
:10B60000A18F06BD6F483D3DA729253DF543B53BBC
:10B61000F64CA4BD025810BD410ED33C9BC8DA3D88
:10B62000F9709CBD2BA4F13D2495853DB66B273C5C
:10B63000C9D7D73CF4EFC73D7C96ACBA99B9F2BCF8
:10B640002DDD70BDE791963D01B8093C47F183BB04
:10B650008EC6AE3DA1E264BCA4D369BDD72EEDBCBD
:10B660003B8D403DF7FA16BD72DE1E3D9E978A3C2B
:10B6700083C4E13D020CCCBDEE0E113E4DD40B3C1B
:10B68000271EA33D3EF3DF3D03ECB53D4518B13D1C
:10B6900074DD823CE6F6D53D033653BDF068723D5D
:10B6A000750B8B3DBB71CD3C455E60BDAB000C3E68
:10B6B000D44EBA3D7220833D7194233EC5EAA43C2A
:10B6C000CA60CC3DAAB5E03B8BF2A5BDA0EDE83D3C
:10B6D0000420883DAE97B03D77FAD23D7178F03CBA
:10B6E000022E553E49BD113B74789BBDBD14693C8B
:10B6F0005EBC1CBB5FD412BECD37A13CDD6681BDF4
:10B70000B824CDBDB501DABD352EC73DFD182FBD1E
:10B71000DA3569BD7E7A6FBDBB66C83D7374C5BD41
:10B72000C4FE10BD2946033E28EDABBC4F5D00BEF4
:10B7300007144F3EB2D896BCC36F133E3BE3C9BD5E
:10B74000CEE352BD1DDC793C07AD173D32D7C23C7C
:10B75000272E04BE87D003BD8D13B53D9871AC3D37
:10B76000B9BFB13D8825EEBDCA23113CE6722B3D21
:10B77000A22D023E470DEF3D862E40BE5B45BBBD70
:10B780001C3E60BDEC8F7ABD7BFAE63D528DC3BD99
:10B79000585F96BDDD9A08BE87CB063E53338CBCFE
:10B7A0009163B53DC38FC0BD07FC333E31C92B3C0F
:10B7B00075CDEC3D8E10AA3DDE1FDC3CF266D2BAA0
:10B7C000841679BD543F96BD1E8A783D7B1B82BD91
:10B7D000C7DD803DC0D33DBE824E2CBEDE76293D06
:10B7E000C899D1BC0CDD12BD8D1514BEED47AABDA4
:10B7F000D18511BD4619853C1E13CC3CA8E1583CAF
:10B8000090250FBDC15F63BD396F04BDE2D6AABDEF
:10B8100075F0C2BDEADAB3BD7114DEBCB9264EBE06
:10B82000D2F62DBD1F66083D7D33093D509CDCBC22
:10B8300035519B3BE059C5BDCAADECBDAC8F52BC88
:10B840007A1FC03C3D5F6F3B273861BD4BF0213D07
:10B85000E2EEE13DEB5D513C0F258FBD9055E63C9E
:10B86000901722BE18D4FABB4697333DD0B995BD88
:10B870002D232ABD1621A43DAD8DEEBC958F42BD72
:10B8800048F20A3D927A26BD1F9D993DF34F3D3DFA
:10B8900026D6A7BB917656BCF0CF7D3D38B273BC9F
:10B8A000A9D7B3BDF503DBBDEA52EF3D7DB317BDAC
:10B8B000E09B50BC2C6E7D3D7B0695BD9DE981BD16
:10B8C000198F2B3EB7DF22BD1337A6BCB6573ABD42
:10B8D000456D08BD221AADBDB5759DBC3A1D0D3C28
:10B8E00044C7BFBDFFAFB83D31B884BCB1AFB73DB1
:10B8F0006BF30EBE3D315E3B3F5622BE69F0E63D26
:10B90000429AEABBF309963DBAF1773DF3CE183778
:10B910001BD4993DCA991CBC181BF93D9DBDECBCBC
:10B92000E4F48A3BFA7A8A3D8F8872BDC3DB6ABD34
:10B93000BFBBF9BDEC660B3D3E1A8D3D2A7A1ABDA0
:10B940006FE3D6BD1A1C6C3DAAAD263E3F5F2A3D73
:10B95000AC2FCFBD81D5D8BCAC935D3DFF99C9BD9F
:10B960007A96D9BDA80D18BB2077983AA160A53D5D
:10B970001B067ABC4E74E03CF98E83BD3736F23B31
:10B9800092AABA3CCA1C10BDD8B538BEB6A3853D34
:10B99000F4BD2C3DF9375A3C312B123E7226E3BCE4
:10B9A00066BF55BD9879F5BC42A1243EC7D693BC6D
:10B9B0003B36893D947A31BDEF42ADBDC080CE3D6E
:10B9C0000430603DBE6890BDE06916BE4AA99C3D4A
:10B9D0002C5F1BBD852508BEE1E9E83D2040AEBDDA
:10B9E00057E2AABD3D35D43CFB47A4BD07D0EDBD11
:10B9F000288C0FBC1EE8D33DD26FBBBC63DC003D7E
:10BA00003AC79DBD8DB7133E0E2ACC3DFA60813DED
:10BA100027EEEDBC1E06FABC0A43023E9AA9C7BD3A
:10BA2000075AAABDFE5AD7BB4EDAB9BCA5FDB83D30
:10BA3000D2477DBDB1658DBC3ABF0BBE33F3D2BDDD
:10BA400082910E3C0FC3333EE461BC3D1424843D1F
:10BA500005DB8F3D696AA03D7CCF283DF58CAD3D6F
:10BA6000C620F83D71D914BD14B3CCBD096205BC24
:10BA7000B982CE3D019118BD06BB163E08A3F73D25
:10BA800082BCCF3DD5D6D53D3DFA4BBDFC2C9B3D70
:10BA900057B51EBE87C54D3D05B6A23B85DDD93DD8
:10BAA00063E5CF3DCC2A4E3E38449BBD5069FD3DF9
:10BAB0001F5A26BEF2704EBD54D6FCB5F9C0CFBD9C
:10BAC000EFD3043EB67D073DCAD7923D4015813D78
:10BAD0009AE59F3BA949A13DC057EF3B0FA835BD53
:10BAE000A7DF5ABCC306123ED5F3B73D7C17013C15
:10BAF000D4819EBD63D7D23C537B02BD71C4F93D56
:10BB0000DFD11CBD1DC08FBD1E0E813DFC72BABCB5
:10BB1000DA4D82BDA690063D954D8938101E423DF6
:10BB2000C12AEB3D074CA7BDEE52EB3D16426D3AE4
:10BB3000F32A10BDE4E3393C2454DCBB9247C83CF3
:10BB40009E46823DBF555FBD909C97BC97A4EB3B42
:10BB5000F488E2BD493CDA3D6244E03C77487FBD71
:10BB600011F4783D1B78233D7464E5BDE40BA13DE1
:10BB70004409703C5E7E09BE7AA8373B9FFBC2BA7F
:10BB8000941D193D9B2CA93CFF114BBEBF0DB4BCAD
:10BB90001FB0CB3B8951A63D2C06033E822F90BDA2
:10BBA000CD7887BD8936343E3400FD3BD5ABC43DEE
:10BBB000F964B7BD41B40DBD443617BDA0F7BD3D16
:10BBC0007A0BF13D9CEDB6BCF60BA23DE9D0093DE8
:10BBD00098BA5BBD27EEB3BCB7E2423E350FCEBD8F
:10BBE000B4798ABA2373BBBC56C2BBBC3EFDD53CFC
:10BBF000B2E9093DB68E923DBDC284BD276328BD22
:10BC00004AE76A3D8A2FF83D825500BD087A23BD78
:10BC1000394455BD61615D3DE4BDBD3D043997BD0D
:10BC2000D95AB33D1086013D175399BD58B3EA3B2D
:10BC30009E63B1BC6779223E8ABD80BD47C2893D03
:10BC400008FE843D85C0213C25F6C63B42B9B83D7F
:10BC5000BE41AD3D4255213E3C8BFEBC9DF7113EA1
:10BC60009E3ECD3D683D113E5152503DA4A8A53A9F
:10BC7000E9C4A03BBC6E783DE0DECA3D51800C3D7E
:10BC8000009633BD71A0AE3CB79CCE3C0AFAB73DDE
:10BC9000C1269DBD40B03FBD1936563CCBDF123E9C
:10BCA000C704063E4DD4E83CBF6DE23D494B80BD24
:10BCB000EA3F113D2390FEBD4CA00E3D20EB1ABD86
:10BCC000A5B7A63D4BC56C3D112E283DC8EF913D53
:10BCD0005D0129BC7C7EE13DFDEBEA3D2B797BBD1E
:10BCE000FEF793BDAFCE28BDC453AC3C09E491BD73
:10BCF0006EBED2BB2307DEBC93E8E3BC314A7ABEFA
:10BD000091E5903D5217C6BD456C633D9AE5853D72
:10BD10004863F0BD85FD7B3D5CA6B53D46B282BD66
:10BD200069ACB4BDAAEF07BDD262F93B12937F3C68
:10BD30003726F23D0FA4B6BD5045DC3D549F34BDBF
:10BD4000229D8F3D73CE193BD62A113ED34F443DE1
:10BD5000B1BAA03DBED3CA3DBF32E5BDF627313EE4
:10BD6000A3BAE83DBC56AABD38E2013EC0A1C83D19
:10BD7000C65A643DBB9CD83CF5D6AEBCBDFCCD3CA0
:10BD8000822B5BBCD64035BDA6DD303E7AD8BEBC2A
:10BD9000F01AD93C11184E3DF21982BD312E8EBDDC
:10BDA00073EA953DE23EFEBDDE9D963D4F5ACA3D8B
:10BDB000BA8C9D3D9F78BCBC23C5113EBBE9283E93
:10BDC0008547E33D2D9FDEBC2D36A03DD58D84BD3E
:10BDD000617E2FBDD902873D151705BDA7220F3EF5
:10BDE0009722D0BCF4C18B3D22D12B3D5846173D44
:10BDF000389C203EF6F6013CED5DA7BD9724103E31
:10BE0000F69D913DDF3C99BD8C5020BE8D8339BE9F
:10BE1000A7BDB63C0E5F83BC4EB4C83DB96264BCDE
:10BE20002CE669BD13C7A23DDC7C0F3DEA2ACA3C63
:10BE3000BE3441BDD6F7463DBF6905BE488E37BD0D
:10BE4000896488BA5C14033D27CB0EBE92E5C5BD5C
:10BE50009CBD0EBDF1E1F1BD2B7E4FBD65744FBDA4
:10BE6000BB5E06BD2D2D39BE7D20123EC7B568BD17
:10BE7000EA527DBB4F7730BDEAB753BDBE6AFDBD08
:10BE8000995A943B7C7AC33CEB0C3FBD3446023D4F
:10BE90007C7E2A3DB8F4113D46E0ABBB8A06A8BDC6
:10BEA0009624E6BD9C89CEBDBA68EB3DFD201ABA4A
:10BEB000633EB53D01F2C73BB3020ABE480A123EDB
:10BEC00055911DBDEBE79C3D490D5CBD7ED28ABA04
:10BED000B5504FBD18228ABD75E8AEBDFBEC843D60
:10BEE00065D207BE8335DB3D207A49BC6D2530BD68
:10BEF000D55207BE8D4E813DD7109FBD5FA8593EDC
:10BF0000C7F1FABD0C9DB4BC652FC53D32248EBD72
:10BF10000FF5C4BA5BEA88BDDF2C553C7FFD393D87
:10BF2000A3C5203E986992BC2CD9D8BD5CE5C4BDA0
:10BF3000256E28BECA3CBA3DC08FE5BDC2EC273C89
:10BF40009845893DDA391F3D31319FBC9B1E0C3E1F
:10BF5000AA7245BE191FA83BE15D173E8D20723DB8
:10BF6000F72434BE9450923C15CA4EBDFCFFD2BD9E
:10BF7000BB2081BD2BF0663DB8A562BD7A2901BD0D
:10BF80000CB0AE3D0F03703DAD19D7BCB67FA4BB5E
:10BF900097D6CFBC3723D9BDC061123D06CBF83C44
:10BFA000CC5C8E3D025597BB76CECA3C126F09BE63
:10BFB00012419C3DAFF2123D8C1868BDB3D70F3DC6
:10BFC0001B8908BE3D26D23B75A5653DF46C3B3D03
:10BFD000754AC63C332CEDBD8896843D48295DBE2C
:10BFE000FFBFDEBDAC6370BDC5BE95BC9AD7F43B48
:10BFF000A97C03BCCB3A1B3E80A7BA3C6904CEBDEA
:10C0000012FFB5BD6E55193D3B7F1C3E48A719BCBC
:10C01000EA1515BE7F71C1BD3F93083E73D9BBBD04
:10C02000471D52BD842CC83CF8A2CABD2886CB3D12
:10C03000E9A27D3D70C6A93DC18634BECF37F1BCB3
:10C04000B288103D884C553D17C7113EB014303EA4
:10C05000E16CD9BCAA3ED43DF8BC173EFC9D823BA6
:10C06000E0B1153E5ED5F13D8C266ABC15DD313D53
:10C070008421DC3DAFD581BCA9EAE13D15ABD43DBF
:10C0800046AF623DC98A153EA38411BD4ACB513DDE
:10C09000BA7E8ABDD084AE3D533DC43DBD8DE13DE9
:10C0A0002AC1363E8177EA3D0AFDB03C8631013C2B
:10C0B0000AF09EBD80F3AB3DB6627C3D318F5ABE27
:10C0C000A0F5E63D5362E0BD13A2DF3D81D38BBDF9
:10C0D00026FBB43D7192213E60D3F23B68212A3D9C
:10C0E000725B8E3BFF4A4ABD5FA1533D975CC1BD69
:10C0F000289422BC0F640D3EC3B4853DF82E643EE7
:10C1000034FA19BE4A829D3BA08F5D3CBEAB98BD00
:10C1100027B91ABD60DFB93CF91FB3BB752CD33DFD
:10C120002FE0A63D1C76B93C376DAFBDECA5CEBC6B
:10C13000A084D4BDF1B499BDFDFD9DBD1317123E81
:10C1400041E8B93D9CFA2DBEDBE1233D798FE6BD88
:10C150005387DABCD7969FBDDE51A33D2EEF33BE89
:10C16000CBB0D1BDAF6DAE3DBB736B3B75FC1DBE9F
:10C17000154352BB1C243C3D5078CD3D7DD2883DBB
:10C18000B1191B3D39EA20BD432F1CBDFD62C4BB64
:10C19000216027BDADD5A7BC36F763BDAA90093E87
:10C1A000BF2BBBBB0B33AE3D9B5408BDE87D233D8D
:10C1B0009AC3243D382CDD3BA562CEBDDF56BCBD05
:10C1C0004880783DB62284BA0E008CBD82A7823D9D
:10C1D000234C65BC6D3225BDFDA10C3E3FED05BE77
:10C1E0004EE4CDBD2067E53C503E2CBCB47A143DF6
:10C1F000FD6219BDFA758B3C9C3C0F3D06C053BDDA
:10C20000FE9F6CBBBB12453D9E29883E92775FBD69
:10C21000F6959BBCF3D6073DDD1182BD6C32E23D45
:10C22000AFECD13D21CD14BD242819BD46AD423C13
:10C230007BD5723C4A9908BC9D93553D39F47EBD2F
:10C240001B2BC83D97E711BD0ED9C43D13857F3D1B
:10C250002196FDBC263EA23CFCCA803D3AC180BD71
:10C26000E48AB33D8D4EE63D1FFF67BDA7EFAD3DB0
:10C270001CF8553DD2B2083EA6F0DC3DA8D670BCF5
:10C280009B08DBBCA024003E5864A03D041FD5BD24
:10C290004402453DE7750C3D9A0823BEA18934BD93
:10C2A000A694E33CA2D48DBD28FC98BDF24EE7BC19
:10C2B00033118F3DD54CE03DC43D963D358501BEE3
:10C2C0008B09DDBDF8D271BD38F8BF3D17A045BD63
:10C2D000DDF494BD98A9EC3CF886A03D8E7A333D00
:10C2E00076DCA73D586352BD23CF07BE1B022EBB91
:10C2F000340C003E67C246BDC110B5BD18D6BD3D69
:10C30000AD275FBC9686143EE3B643BDD074943D22
:10C31000DEC7A93DF53DA33D2121A23D17DD733DBB
:10C3200033EFA1BDD48B653BCFC030BD3A0076BCA6
:10C33000BCD450BD29B0B93C7F0613BDD84E5B3D7F
:10C34000C00102BDA0ADB9BD1323D0BC9FD77FBD36
:10C3500049C8693D6A74B5BD90BE3FBDDB8F14BE50
:10C3600074EB02BE26CE963DE9E0FE3C5A9BB63DFC
:10C37000482CD2BBC9730ABEE43DD33D3E218C3D5F
:10C3800007FDC63DFC69E43D9005A0BD0DCD763DA1
:10C390006548813DBD06893DA807313D2FE3AF3C8F
:10C3A000B9E91DBD64B13B3DF2CED0BD47DB783D60
:10C3B000B7219FBDE77437BD3A232CBDC439563A27
:10C3C000E623EA3DEBCE45BDF96EBCBDD679823D94
:10C3D0007EB0403CB100743DA72FE33C38F1C63D30
:10C3E0008936033CDDBB06BD63F6B13D2D39113CFA
:10C3F000C50D1C3D5EB9243D373CD33C014F7A3C12
:10C4000024DAF83BA24CD73DB86FE93D6C7F633D21
:10C41000C858503D7B58713DFC6685BDD623293EEA
:10C4200012D1773B4F4DE0BB34BD8CBC7F0AC63C7C
:10C43000FBB7D3BD8424EB3C6DB3563E738DA9BDD1
:10C44000D6633A3D5ECD65BD40F6343D666E12BCA6
:10C450002EB9AE3C08FDAB3D5A5385BCA505123D37
:10C46000791CC33C0B25183D1ACBCBBC7FF0F43CA8
:10C47000A459CA3DC9C8AFBD2462753D24ED933CA3
:10C480005908823D7A40F4BDAF2E34BBE29D0ABE0E
:10C4900078E8213C7F59A9BCE64423BE7BA009BCB7
:10C4A00041BB143E3220163D26BBC8BD7956C93C5F
:10C4B0005153E83D955857BD766E273E3B58AFBC6B
:10C4C000C6F467BD297088BCD46ABDBDF7A0AB3C7B
:10C4D0003C83BDBCB2194C3D6038FF3D72208CBD21
:10C4E00033620B3E2E358D3D41BBBA3D8C763A3CD6
:10C4F000D839953DB2858B3B83F48F3C045503BE00
:10C50000B68395BD7B950BBE93B5E43DEDB49D3CE4
:10C51000309515BEAF037ABDF15425BD689B17BE9B
:10C52000463E1D3E9531D23D47131BBE80497E3BA2
:10C53000878D863E074741BD2C36893D663EC3BD8B
:10C54000E6C580BCFBBAA4BD5E58D33C59A9823D68
:10C55000511150BEA6D91E3D83F3833D04C3FABCDE
:10C560004CBAB33D791F1A3DDF11F33DB58837BD95
:10C570001DD11F3D2703C43D3181D6BDF5A9823DA4
:10C58000296F93BC818381BC2AE4ACBCF32187BDB5
:10C590002F2914BE1C1DDBBDD9B01BBCDCE693BC2F
:10C5A00066C7FF3D223F2DBE7106AFBC23A3D0BBA3
:10C5B00027EFC73D36B5A63EC9A3743DB095263DCD
:10C5C000418AC6BC99296F3DC9DAE93D69C5C23DBA
:10C5D000EDB5403CA9EFBA3D369025BEAADD023D3F
:10C5E000A11FEB3A1E2E9DBD133EB53D64B644BB64
:10C5F000CFF1943CF4CCF43CD93457BD8806963D39
:10C60000442B0F3EE6D502BC186550BDDE0CA3BE20
:10C610007E0B933D34F2CEBCFAE85DBD6740E83C4A
:10C62000453407BE46BEFC3C34C924BDE733CC3C90
:10C63000BFA8F03D7F843E3DFD878EBDDBDFC5BCDE
:10C64000229B6F3C91EF45BD0CBB863D3B0CD03D22
:10C65000E54EFABC5A4A42BEC23EDDBB3CAF1CBEF0
:10C66000F5D235BEF00BB93DCB30FD3CB9F94ABD32
:10C6700018F6AA3DD0413FBD73570FBEF39EE2BBF3
:10C6800047E5D73C9B7ECE3CF44B163B6FB25F3DFB
:10C690008969D53DFBFDF9BD481AAB3DDB50173D1F
:10C6A000E7967E3B14987FBD251D343ED4180DBE01
:10C6B0003DB0813DA493263ED903DBBD04613EBD60
:10C6C00012D51A3E8C3E603DDA1B0BBDD7CA94BD15
:10C6D0008BD7FCBC9DB609BE280382BDDF876F3CAB
:10C6E000220BD1BC1C3F8EBD7958A2BC444E0ABC63
:10C6F0007C4C0FBD46ED263DD0BE23BD9EC9FE3C01
:10C70000FC1FB8BD1FA12E3D8C47163AAD55BE3D4E
:10C7100041C3CBBC4E492FBEAFC3893D5E4BFEBD6E
:10C720004A4269BC61A18DBC65EE1DBE2F9A06BE52
:10C7300053E30FBECB5C03BE6BA733BDBB4B913D38
:10C74000F5E3AE3C77C9FDBDF23BD43C072259BDB1
:10C7500041513FBD40808ABCFDFBE93BB79B2BBEEE
:10C7600000F36B3D7863713DF8E6403D5517C2BD5F
:10C77000F6CF9E3DFD4335BD8F3DE23D9A74393D78
:10C7800083EC6F3E4BF861BB08E4CDBB18AA7A3D41
:10C7900026DAE4BD9E46773D3096933C9973B53DCD
:10C7A0000C0A953C9C51253D0A76D0BD5B79B3BB04
:10C7B0005BBED03DF2C93FBC54757DBD0E0284BC4A
:10C7C000C96686BD51FD79BDA2468BBCDF327CBAFD
:10C7D00038BE8DBD5735193D5F07BC3D7F0201BD99
:10C7E000B3F40EBE64F07F3DCC28B63D0A48843DCC
:10C7F0003614BD3DD88DE93C506B793DD3E125BD64
:10C80000A7749E3D2E173A3D8FB7763EF068723A78
:10C810003D82F7BD447811BE8F9A24BE50D0B33DFF
:10C82000EB67EDBCE6839D3D45D0C73DB7E8A1BDB4
:10C83000A4E549BDA8CF26BEA2E94E3D2244CCBD09
:10C84000FE6B143DAA45FBBDB81F563D40C5EC3CF0
:10C85000D142BE3D97377C3DFBBC043D0CD0A6BB0E
:10C86000E31D93BB7B4A2A3E36831FBCD37C223C0C
:10C87000755EFE3D3A27D83D34AF61BD556874BD45
:10C880009FE81F3B382EB73D7EEC153B567753BDD6
:10C8900022446A3CCDD51BBDB080F2BD632154BC9F
:10C8A000F383413D3CFBFBBD89F1153D762B90BDEB
:10C8B000BB6A1B3BB4DDCCBC5176263D7BB7A1BD2A
:10C8C000644DAEBD763C9ABDEED2F1BD018390BD04
:10C8D000E3459EBBB98D29BDE790563D00644C3CB5
:10C8E0008725983DE217A4BDD008DFBDE467213E4F
:10C8F0004A53BB3CAFD54ABBC76833BEE4F98F3D52
:10C90000DB31093D5DC7C73D14E535BD6421713D8F
:10C910001FD8CBBD0BE51B3E8A5BB43D1B6AEB3DCC
:10C92000FF86B83DCB8229BE2925E03DAEA5973CC8
:10C93000AC2BE5BD599EF33D19C17FBD21B0CEBCE6
:10C940003D060ABEB3E84BBEDDE6B63D9DB6E4BC8F
:10C95000B8C29A3DAD52153E33119C3DA8B036BECB
:10C960002757FB3DD4AED3BB29D314BE029BDC3D7D
:10C970004D6981BD687F1BBC8EA6C3BDA2DAEABD2E
:10C9800045D3123DE4E2503D2DF928BD770BA23D81
:10C99000594DAF3CAA79DA3DC876A43C914BE8BC2E
:10C9A0007B91D8BD325F723D4D7331BE77DC543E12
:10C9B00055423DBEEB96373CE16C1F3DD4E6763DDB
:10C9C0000827243EA16FC2BD17D108BD6F165A3C7F
:10C9D000A0254DBE8E82B73C8FA8113E5044823DAB
:10C9E000E0D0EF3D777086BD562CA83C65AE8ABD81
:10C9F0003CB5ADBC822506BC7A91963D5B8A1A3E59
:10CA000090DDBF3D7463103E60E252BD652BDE3D9C
:10CA1000309842BC332F993CB428A33D37C12E3EF9
:10CA2000BF22613D9687423D13D70FBE7522E3BCFE
:10CA3000B44582BDC4C51BBC7B1B9E3D45D9D73DBB
:10CA400062148C3D039B5E3EDA5B7FBC55C79F3C06
:10CA5000F3809C3D177ED13DDACD59BDFF62703D1C
:10CA6000E58A2FBD5C2AF63D51A608BD03B4EDBD95
:10CA70005151E6BD5EE8ADBDC08EACBC881CC33D67
:10CA8000F37111BDBA9668BD05B817BE5F1A5ABDDD
:10CA9000EE7B71BE6FA48FBC5D8D023E5B48D73DBF
:10CAA000F564723D21D3583E9555B2BD900B53BDF0
:10CAB00041B8F13D913B2EBEE951D63BF2A536BEC1
:10CAC0002C936EBDAF7FBE3D20F709BECFAFA23D18
:10CAD0008BCCB43C2938BF3CA4EC403EF1F2A5BD60
:10CAE000F866BFBDCD94A63D8E889CBB78D4973D9B
:10CAF0000BE50E3C5A73863E092A213C3AF435BCBC
:10CB0000D02B843DF120A1BAEB6495BD94B56B3E6A
:10CB1000C6E884BA42F23CBD5FF7883DCCFB1DBD40
:10CB2000B425E2BDA7B3033E7007F0BC2DCA483D53
:10CB3000D0549E3D13B53FBEF8FD7CBD8E35093CFB
:10CB40007301013E33D5183EC898D23C01393ABE34
:10CB50005225693D9936C2BDA11100BEAC5B18BD1E
:10CB6000377FA43BB283983DF55982BD01EA703B03
:10CB700009602E3C52AEE03AC8EAE43DA7E3A83C87
:10CB8000D330853CDBE9413DC70C3E3DE10E753EAF
:10CB9000583F10BD2325993DF894B9BCEDD4463DCE
:10CBA0002AB74E3D130FBB3B940EC6BDB4B9C53D6D
:10CBB0000BC05E3DBCFF33BE7B1BB8BDC78162BDF1
:10CBC000FB421C3C1676E2BB2371DEBDFDFCBE3C85
:10CBD0002A40F9BD619E2C3EBC6F99BDCFCDEC3D86
:10CBE00096A3D2BC0DA4E1BC64BC263E921372BDD8
:10CBF00061B89C3DDEB68BBD7C52A0BD02370F3EB6
:10CC0000FA03F83D80B054BC27871C3E6FB409BDC1
:10CC100065750738A20AD43B7C1A0F3C85B56A3E7D
:10CC200066D1223EFCC0493BB90F1A3D8DDF133E51
:10CC300035273D3C4CADC53DD3721C3E230DC03C59
:10CC4000DA5D84BDC6590DBD15FEF0BD58A3E83DA3
:10CC5000FE828EBD9ADA1E3C93E8D33D7A226FBEE7
:10CC6000530072BCBF8A1E3E5AAC8EBD69E7C33DFD
:10CC70006FFFF6BDD58462BD8B5436BDABEF43BEAE
:10CC80005CA0B6BD920DFC3CE7F9FCBD6C7855BDCF
:10CC900009632F3DD2EAE5BD4445EDBD217697BD40
:10CCA000E71B5EBCA331BFBD0982BBBD9D6153BE06
:10CCB000ED346CBCB2BCD0BC83CFCF3D2D19803DD0
:10CCC000D93DCABD1AC1A63D2FE587BDD33F88BD5A
:10CCD000594A04BD2B32683DFE8CB33D48D26BBE31
:10CCE00051D2233E4EECA4BDE5F8773D69D0A8BCF7
:10CCF000870A5F3DFDD2A43B9E3F983D189B29BE0D
:10CD000095202F3D901F303E148B8C3CE9A97EBBB3
:10CD10004D4FDCBCA1E4F5BD14F651BDA26ED13C73
:10CD20001851173CF66E73BD43D7C5BD46A5873D68
:10CD30003DE9E1BBF5884FBC75AA53BD2AD380BD40
:10CD40003140BABB4F735ABDB039D5BCAA7F57BD6D
:10CD50003025AC3D8BF93CBBEC19B5BD02B4BE3CF3
:10CD6000ECBC00BD7F56F33C02E8173D1D5894BD56
:10CD700057BF4ABD0899033E07FF3FBD1C690DBD63
:10CD80003A48E7BD4A32C63DA324013EEB7CC43D90
:10CD90007B3C033D9B42DBBDA660F4BC6C3EA13DE9
:10CDA0005B40A63C6698C0BC5506953CF3CF08BDD9
:10CDB00014B09FBD02354CBD0EE276BC89790A3CA9
:10CDC0004C009ABD4E9D8CBD00B707BEFEEC16BE52
:10CDD000A439C53D69969F3D3E4B4BBD92CAE0BC10
:10CDE0007DD5843C3D992D3D223BDDBC98E30DBCB7
:10CDF00081A04E3D5AAC4B3D003CB83D958BBCBD2F
:10CE0000C90813BE1B77183CE1B643BDD3C1FF3C34
:10CE1000C506383CEF24243CCD6FAEBB6D9F663D0C
:10CE200056B5123DB871173C82008A3D795031BC2D
:10CE30001BE10FBD7E2DC0BB71D3C6BC12DE97BDFA
:10CE40007AF8963D323303BED50A213B73424DBB7F
:10CE500009C30BBD5BB387BD557734BE375B7DBD62
:10CE6000F06B533D98C119BEED59D2BD25FE32BCC1
:10CE70000FC02BBDA808313DE669B9BCB936923A5E
:10CE800097D16A3DD387B63C0E85F83D6E9BC4BDF5
:10CE90004F81963D82F12F3DACE23D3D5BCA7ABDAC
:10CEA0008EF3C0BD7C6609BDF3BC6DBDEC141D3EA8
:10CEB00091D5513DEAE3EA3A6A7FAABD3892433EF2
:10CEC0003360913DF918D63C26B7C2BC03CACBBC2F
:10CED00002230CBE89B2C1BDD795143DA1D5DB3C60
:10CEE00017C30BBEBFA11B3D1AE7C4BB5B4302BD0A
:10CEF00080AE403DD7FDCFBD4C582DBD0140F73B26
:10CF0000F6CFADBD51E57FBD8A5AF93CC8401EBE83
:10CF1000FC1F64BDDF1D823D329E3CBD4509FC3BCC
:10CF20008D30F3BC1F52913C39940EBDA89CC73B79
:10CF30004B3EF9BD9F93F93CB2E303BE05DB5C3D7C
:10CF4000F88AA23B2406C7BD6455CCBCF31FE43C61
:10CF500012411ABE87E364BDD194003EBDDA2BBEF8
:10CF60000A6A88BD5CC9483D1309033ED1E644BC4A
:10CF700012BFEB3D10FE9DBD500B223E9B533ABCB1
:10CF800047150B3EDAD14C3C0C1B55BE1FF3093D37
:10CF9000A461843D095E883C5BD11DBE4E7F1D3E71
:10CFA0005935CABB35DF9C3C1EC6C8BCFA44BC3CE4
:10CFB000AAD0C9BD10A7203EDECE133DCB9C95BCA8
:10CFC000403D923DB3A4A83C922862BD97FC29BD88
:10CFD0006A83BF3DC286283E353A223D726D1EBE31
:10CFE0004AA1F3BABCEDAE3DFB93083EA20723BDB8
:10CFF0007C446CBD926913BC29D4953D8E972FBE9D
:10D00000D042EB3D0E31ABBCB4BD353E2737B9BD88
:10D01000DDEA4DBD1007983D97ABE2BD10EF073E2E
:10D02000A9E6C13D903AAF3DBE2C48BD033A09BECA
:10D030008F8091BD6888D43CA106093E43FF9FBD07
:10D04000ABBDCD3D6A36E1BD186E7E3D350714BDE2
:10D0500020509BBD046CF1BD44A4D7BCC456A6BBF4
:10D060009BB0DAB914D1E93D7F7BA43CD7C6373EEB
:10D07000F0D37C3DA0E04F3D6841013E955269BC34
:10D080003EF4133C806AB43D2BE3ED3D84BB5B3D35
:10D09000E473B73D607905BD441645BE5A16C53CDC
:10D0A000BC47C2BCC8C57B3DCCDC0CBD4F7F283D16
:10D0B00042D7153EEABF173E87C78D3D69A3DF3CC7
:10D0C000C66B61BDBDA8153CE64B56BDF4CD873D92
:10D0D000B28DE4BD60A39D3D1071EC3DEC8EF23D40
:10D0E0009865E53D36279B3D6DD618BE61851C3E93
:10D0F0002776993C1F592EBE86A7D1BD23759FBDAB
:10D10000D966573AEFFAD0BD225E73BC3F230CBEFE
:10D11000591D6BBEE203183E774A70BD11BF893DB1
:10D120006E02A7BC9BAB88BD130CB83D00FAF03D66
:10D1300045414B3D58C1413D29BED13A46FBBD3C1E
:10D140000E2F2C3D514B4A3D906C89BD0E20D0BC1A
:10D15000993E263D64650F3E52B6BFBDC188CFBD26
:10D160006264DB3CB93CB13C92E783BDDEE5563EF0
:10D17000A31BDB3CB7BD6FBD4B6AE7BD402170BD53
:10D18000C942B23D381FC8BD0C396D3D68DE663DF1
:10D19000C312173D44A18C3DCBB39CBD26EB92BB83
:10D1A000672A32BDD10C1DBDE6EE2FBD8990003E31
:10D1B0006AF364BEB7E8043D6EB3B4BBD14ACC3D5C
:10D1C000B07C2E3E533E6EBB5F485B3E2D88C73C15
:10D1D000BB78C7BD5112BEBC65A4B43D8035D9BD76
:10D1E0002008FDBC531C01BE0A0DB8BD7833BABD82
:10D1F0008963E33D7C4C3BBD5EC2873CF24D0BBD79
:10D200002C1E643D2CC1AF3D48DDD2BD1E30353EE5
:10D21000449A2D3DB1F997BDA11C65BD4BF7953BD7
:10D220001B1F153D5A3F8F3C6E1F2F3DD3CD14BDA4
:10D23000364E7A3DFDA9813D7456923D32DF993DCF
:10D240001E173BBDE4F110BE692D99BD20C6DABDA5
:10D2500066FFBE3D2E238EBB994A89BC9FC9943C74
:10D260005B2DA9BDEF121B3DBE46CF3DB79626BE36
:10D27000B0FC13BE6E85A53DB81B87BDF89C3A3D3A
:10D280007B92C5BD0769C3BCD1BAD7BDC0EF3B3BDC
:10D29000924819BD257929BDB4195FBD5007D53D08
:10D2A00000C65E3D815F153E067E4E3DA6BE543DE6
:10D2B00093E6A63C8A052CBE9A187ABD11C3D4BD4C
:10D2C000E3A2E2BDF06B483D2A3609BC732A083D53
:10D2D000ACC42D3DC6C829BC25A803BC3DDC96BD09
:10D2E000663F25BD808727BD0EF2AF3C20B6DA3DF4
:10D2F000B49E1D3DE1FBB8BC053A78BD2C01A6BD2E
:10D30000CBC6B53C2CB2E13DA417EE3B86F8F8BC89
:10D31000486717BD16409BBCF86CF4BD14409E3D99
:10D3200084B9EDBDBA63863D1DF4DC3BAFEE083E2B
:10D33000DEBBE2BDABB4C73D96FD293DA2919F3C4B
:10D3400049AE033DD56403BE9AF7A53DE36A94BD9B
:10D3500097B5743D419506BE197D88BC3C7555BD99
:10D36000AFDDD33B3F828ABC383DF13C18A0523C34
:10D370008854C63C4C7278BD3AB028BEF8F006BE60
:10D38000F3329DBCC758DC3D7B21D53D07A3013E50
:10D390008B2D733D883B33BEDCFC9FBDEC86163D78
:10D3A0009D4FE4BDA77B293D02BC5EBD915E353D2E
:10D3B000DF831C3C3B4870BDCAD8A3BDB71E06BD69
:10D3C0005B74D7BD2FABC5BD7820F03D4204BCBD1A
:10D3D000153741BDBC8362BDB1F62FBD5BB03EBD0C
:10D3E00027FEB63C87F2A0BDC0291C3B2B53CB3D8A
:10D3F000B4C8CBBD1074A4BB1495D5BBB5D6F7BCCF
:10D40000473B89BD8EDF6DBDF9D6ADBBC31EA1BC48
:10D410007EBFF53D1589E23D08DECCBDDFBD8A3C0F
:10D42000EC85A3BDED2379BD3BF8893CE76AAF3DB0
:10D4300084634EBD23582EBDC091D43DCB26403DC4
:10D44000AFDF173E46D85D3B67D8993D94AAFC3CB8
:10D45000A7B292BC7D45563B1D7D42BD32D0C3BDB7
:10D46000D10F443D77D4ADBCD45AE33CD65ECA3C20
:10D470008965DCBDC9D6503D012A9DBD478A08BDDE
:10D4800063F8ABBD8305C5BD894BAD3D66F780BB79
:10D49000A31787BDAE2397BDAED7E53D618E2D3D69
:10D4A0003C9D8F3CBAB578BDFFB735BE175627BD3A
:10D4B000C948CBBCB9D0B5BD325888BD4F7E71BD0F
:10D4C000EF36A3BD3A642DBE2A747E3B8E1F3B3DD2
:10D4D00010A089BD43D13DBE6AF4AF3D0036B23DD8
:10D4E000395281BDF0219BBCC6F4923D1C05483EDB
:10D4F000FC51D9BDDD5A813C3DF661BD93B2BABD48
:10D500009584413DBACDDABD920547BAD5AFF3BD9A
:10D510004FD986BD6C8C363E932669BD1F3F31BD09
:10D52000D95E053E4B2490BD96E26BBD2860BD3CA4
:10D530004666BC3C6D71A3BC88836FBB698273BDBA
:10D54000ECB63FBB2FC4553D439EB03A8583433D67
:10D550008C11803CF1D21A3E892F97BC9A9E523D85
:10D560001FF9233D97BAE53C05DC28BD5459333EED
:10D57000EE2F103DD608A3BB6BE21EBE2F47A8BA04
:10D5800055680B3E8DCA01BE11751B3DFA19AEBD23
:10D590002710F63D644DD43C7737D7BD2D40D5BD1F
:10D5A0007A9315BC1FE8F53D4DD004BECCEF293E63
:10D5B000ED39A6BD124B8C3B4066BA3D47BFC5BC9A
:10D5C000BE72403D4E17CF3D4F972C3ECB8C293D30
:10D5D0001C5F29BCE4B2EABDE3A52A3D1AA911BD2E
:10D5E000FF03E33D8427DABD3215A5BCA439EEBDA7
:10D5F0009201263D062DD3BC1B287ABD2D36823DD7
:10D60000301A9B3D5BA5073D8D9736BE57941B3E58
:10D61000161A923CA1EF883D7532003D456B2BBD3B
:10D62000CBD0073DBA29673CD855B5BDCD0CE4BC7D
:10D63000B44A4FBD317943BCFA5CEEBB7773043E0C
:10D6400009095FBD2310413D1126A1BD59DE5C3D96
:10D650005F89F63DB06C6FBDCFBAA03D6D21C8BBF0
:10D66000D2EE303D52031EBC01B375BDE15068BD22
:10D67000B0144ABE1A1E893D57D752BD0752EE3D1F
:10D68000D76564BE9AB5003E57E59DBD42AC2DBD41
:10D6900099E0113C26509E3DE3ABAE3DEE60613C0F
:10D6A0001321C93D3121873DA948533E8449FF3CA0
:10D6B000D68BEA3DB5A533BE28E0AEBDE9DEE2BDBE
:10D6C0003E31C5BD00EE333E4FE289BD89AAF0BCB4
:10D6D000CA5CD33D2AE2033DD0E538BD1D8936BE84
:10D6E000F5DE36BEE860933C642401BEDC32BBBC90
:10D6F0009C35D13D116C883C1DB996BD5ADC46BDA8
:10D700000A68C4BDBC0C9F3D3789FB3D73A9D6BCDC
:10D71000D409813CCDC76EBD2302243B5235F8BDF0
:10D72000666263BD8940B93DE83AAEBD001792BD5F
:10D730009C0B97BD69C9B83D34054F3CC99301BEE8
:10D74000D783E0BC0349F7BCEF58603D68851A3DBC
:10D75000492AA5BDD1B133BDDF9C123E64B13C3D29
:10D76000D96513BE930BBD3DF313BA3DF391D5BDFF
:10D7700045F8BCBC3F20353CA3FFDABD934196BCC5
:10D78000E8ACD23D7AEF353DAA38963C35685D3C31
:10D79000A130C23C0E761CBEF46BFC3D802D91BDC9
:10D7A000E6BC17BD1F0789BDBAEFDB3D8F4482BDC4
:10D7B000F729223E367A173E857BA23D6F9272BDD5
:10D7C0009CE5FB3C9C1EA3BD2AF7D2BD7CDE16BDAA
:10D7D0000AD09EBD3CC30DBEA607D6BCB64A40BD0E
:10D7E000AEC3E4BC5ED0CCBD934744BEF81BA8BD1D
:10D7F000FC365DBD408B28BD7374653D45964EBEBD
:10D800002E17F2BCDA9AEB3C2809903CBAA4C5BDAD
:10D810005F0CF5BC4F15CF39D4B5C2BC3A4884BDB6
:10D82000D7BD09BEA150883DC8B304BB3576B53D10
:10D83000956D3A3D211F20BD8F9D2EBE45DAD83D06
:10D84000A577C93D882F1A3E1B357B3D584A19BD27
:10D850008C46053E426C863DEA1AF0BC9ABB2F3DD1
:10D860007E8246BD55591F3DB59CD33AD6380F3DF3
:10D87000C8BD72BA568C0DBDDF65843BB4D0113C77
:10D880008F0C96BC6B9D113DF3D5813DC929263D7A
:10D890001448C6BCCD68BDBDC01B733DDB480E3C03
:10D8A000A5AA253D203D433C812F9CBD3DC421BE02
:10D8B000B86360BD9D637D3D4602CABD896396BD68
:10D8C00031EF933CD42FC0BC4967103DE31A793C3B
:10D8D000B0C0FD3D3A9894BC69618C3C61C6DA3DAC
:10D8E00050D7923DEA713DBD16F60CBD7DD380BE8A
:10D8F0009126A13C4A32D0BC661768BDDF8098BE35
:10D900004C633CBDE8DE52BD2165143EF97816BE7D
:10D91000F6EFBCBD0AD9ED3C1A46373D6821A1BDE2
:10D92000C6D9543BBF9C633DF8035BBD7517733C80
:10D930002E04183E38D6CD3DEF08393DD6AF87B717
:10D94000DCBEB2BDC5BE653D8F79C53DC39D993D69
:10D95000DF5A3BBE9C1EB0BD5A92363DB319843C83
:10D960006EF4AABDE229DE3D4041063E3F3645BC8D
:10D970003BABFA3D887F333D326C313EE8D3053E08
:10D980006980F3BDF939A8BD9509BABD38725CBB91
:10D990005C0C163EA5724BBD41CB113C073B6EBDE6
:10D9A000D8C0F73D45BB853DB3CD8ABBED693DBDD4
:10D9B000D41175BD1B01E03D7548063E12F6223EAE
:10D9C000EC6CB73DFEF15A3DD2A34EBE47A6123DC8
:10D9D0009A13183E2EAF773DC53ABEBD93DDD03DBC
:10D9E0006FDF54BE7FC380BDAF4A2F3DA6879C3DED
:10D9F00080A78FBD941E3CBD0563D93CAFFC4D3D57
:10DA00006E96803CC74DEF3B2C38953B80B807BEE7
:10DA10004690913DB33621BE5FF5F23C3E4BD03D82
:10DA2000513BA2BD8C6A323D56E3863B70C5A7BD13
:10DA3000CDD131BDA012EB3D38ACB3BD65D49BBD9B
:10DA40009D5AD93C5909E33AAB6981BD7B7B89BBBF
:10DA5000173020BD5610293B2F9303BE02232A3BCB
:10DA60007024B83D7B24B63D7D63743C6C99FF3BCC
:10DA7000DDA7FC3DAA8843BD8D76603D7705293D35
:10DA800099182F3EFB2FB93CA2CFB43D0579073D35
:10DA9000066BBA3CB55DE73D71E25ABDB6E676BCB1
:10DAA0008AF008BC68AB2FBDE072C43C7C651E3CAC
:10DAB000BE37073E14DD153EFFCCFBBAC29EF73DD4
:10DAC000CA291B3E3DA199BB9E8DFEBD461CC2BD11
:10DAD000B8F58FBDE8649D3C495F813D0DD3313C75
:10DAE000EA4A2A3E1017D53C378ACABC08511A3D6B
:10DAF0005C6CDCBCAEDBD1BDD8EA0DBD834C7ABE1C
:10DB0000C989F13D9BEE32BEFB6578BD7049823D0F
:10DB10005BBC42BEB5338E3D053C533DE4A0C7BD62
:10DB20005716D7BD786BDABD266226BC1729C03DD3
:10DB300009A0863E11879D3D86D16DBD027205BD4F
:10DB4000BFA6AA3D6A44DCBCCC74343D3B31AFBDBA
:10DB50000FE9E33D99DE1D3E079AAABA39C6AF3CEC
:10DB60001F0D1B3D6263183CDD6EBFBB1EFE853D75
:10DB7000CD851CBAF7FB18BD298C32BD3C8DB53C58
:10DB80007F93793D955D04BE1AC467BDC6903E3D46
:10DB900020301E3DF72DFB3DE9118ABD26EC19BD55
:10DBA000FD3B03BD61A44A3DFA4913BDE44A2F3E43
:10DBB000819064BE7AAC29BE6FEA873DBA3FD43CFF
:10DBC000A24DE53DB91C4EBDC85A573DC07A46BD71
:10DBD0008AC8DCBD81C7633D85A7843D0050A83D50
:10DBE0000D2B113EBC48CABCC8F87DBCA1C1C0BD4C
:10DBF00044073A3E12F726BC0CA3413D89F2333E5E
:10DC00001AADB43C8E57CA3D983F75BE69ECDB3DFA
:10DC1000B08514BD744FCC3D1100293E1C13F53D59
:10DC2000C51CA03DBAF5CA3DA68D43BD57646ABD6B
:10DC30008D723ABC52EF9C3D94B80D3E1C10E63DEF
:10DC40000158CEBDD9E599BDA1FBDFBDE435A1BD2D
:10DC5000CFEF8F3D0D0A92BD58E1893DBADDBEBDC3
:10DC6000F5CB423D0EA7C5BD6E51033E4AF6C8BD79
:10DC7000152B82BD840340BD0BDA13BD5DC2B1BD5F
:10DC80009398CABD63B0F23C5CA3773D8E6C813D36
:10DC90002023B4BD517E0DBD124FADBD9920B6BB42
:10DCA00020524EBC7E85E73CAE41D93D3E5ED43C21
:10DCB000D52D5B3D091E2CBEA15A37BD70564C3D7B
:10DCC00038C41A3DBF70133E22CD36BEDB57543DDB
:10DCD0008F8C883C4342103DC20D00BE0068163B4D
:10DCE000244FB93B06EDB13D7EF680BD37FCE03CEC
:10DCF000F9762E3DD0495F3D7294393D6BB0B1BD90
:10DD0000D7A207BD4BC018BC9769D3BD4A98393E0E
:10DD100061AD27BD68F8D43C4551A6BD71EA4DBC44
:10DD20009FBEC2BDB7A54C3D9D078FBCF277BA3CE4
:10DD300071EF133E5375E8BC3E358B3B8721083CA1
:10DD4000EF29D03DC808343E4FB2F13DB81183BD34
:10DD50006352D83DF305BF3C12E80DBD12954E3D10
:10DD600007648E3D104B163E9E61DC3D3E11223D08
:10DD7000BF31BA3D1FC2523D13CE823DB8505A3D0D
:10DD80000BE5923DC15C56BDE6425F3D6CE3FE3D56
:10DD90000E2D66BD6446E93D710D86BD47D9CE3C6A
:10DDA000E783B0BCB0089E3B76F28E3D179EF13DF6
:10DDB00073019E3DD561193C2180E3BBC612E33D52
:10DDC00008B8433A5E06053E0EDACB3D89FC87BDB6
:10DDD00051524E3CA694383EFF4D6F3D70ED10BD44
:10DDE000F654F8BD8BEF1D3EE2100F3E7E4C68BD31
:10DDF000976BFE3D5C17EABD3CA61D3CF28B083ECE
:10DE00003E56153E21AC9E3CEDEC2E3CE8B92E3D35
:10DE1000F66B563D0891D2BD15E6703D07A833BD9F
:10DE2000B1FA393DB9E2243E0B9F113D68FC5D3CDF
:10DE30008DB6033CED8C12BDEBE5383D5ABE913DED
:10DE400042550ABE9650D5BD1F2230BDAC18B1BD9B
:10DE5000CC9924BE21E9A0BDA8F0A33DD670ADBDEC
:10DE60003C4341BD3F0A01BEA96D76BD513A083E13
:10DE7000DFB96ABD5C053CBD0E18363D97790BBE17
:10DE8000420521BD6558713DA8CBF7BDB020273EA6
:10DE9000A596903D73D5BEBC9228B8BDFDFEB3BD1E
:10DEA000D8078CBB4F1C4FBC2D8AA7BA3E1758BD54
:10DEB0009001D9BD267BDEBCC39096BD35F8CC3D24
:10DEC0006780B9BC4F47CE3D7CBF453C21C7F8BCFD
:10DED000997B4ABD1D38D5BD40A867BC60CA2DBD21
:10DEE000A84C5D3DB542D8BC6B342BBE001001BDC3
:10DEF000BAD495BAAF980FBD24EDEDBD7616263E87
:10DF00007BC9143D6483EE3DE022253E483707BEC1
:10DF1000317CAABCAA5486BD665D1DBD6A03013E64
:10DF20008A08D93DD210F0BC14E4B5BC2787023A68
:10DF30009AC032BE5655063E49C2F9BC7024F13C27
:10DF4000FEA090BD24E785BD7D8EFE3DFA7FC53DD8
:10DF5000A95841BE863691BD45B2083EEC17AFBD0B
:10DF6000A69C1BBEB431953DBB8C71BDD8068DBC43
:10DF7000C2F5313DC8BD0F3DB6D2BCBC4ED319BDB4
:10DF80003CF306BDC034B83CDAF8BABCA9A4823D63
:10DF90009451BEBB9AB0D93BDF5B913DDB89CDBBD1
:10DFA000B077E83C0959E93C9AF84B3AF644D6BDBB
:10DFB00005A573BD7CD5D23D4F01133DE5B2F03CC4
:10DFC0001AD474BB8333D9BD6244E6BD8CCD823D87
:10DFD00029DD44BD9F0758BD00752A3D9C53143D63
:10DFE000E87ED8BCA96231BD123DEEBDEF1CF7B989
:10DFF00013C89CBD0043E63DCC7B383D0675AF3B66
:10E000008D8C8FBD340BEC3CBD7FDB3D4BA24BBBFD
:10E0100071917D3DE9C731BDE27265BD67E606BE1F
:10E020004C44EBBD2AA48F3D8F7ED8BC435AF33DB0
:10E03000905B433D282D14BDEFB4FBBD19A0923D6C
:10E04000C411B33D495B873D7FBDFA3DB5263B3EDC
:10E050001E9E8F3D33D4293E95E0983CF42F253CFD
:10E060008B5D693D09A22E3DF8901C3C57A6BCBDB6
:10E07000155D933D3ADBE93DB0DD1C3EF87C173E73
:10E080005B378D3D151744BCC385DE3C2921503CD0
:10E0900043EE05BE87BD3E3D4B25713D31A2D53DCA
:10E0A000AD813E3E97CF3F3C585698BDA44A833D34
:10E0B000B835003D101E3BBDC2CA6C3D73C144BEA5
:10E0C000909CA03D3242B23D54FF113E3E419CBD6A
:10E0D000C8B6B33C44B84D3DE971E53D8EEE133D05
:10E0E000B89FFE3C337D153DCEFC243E3DE3C43C51
:10E0F000CD7FB5BD85A483BDAC09083D4A592EBD71
:10E10000BC2944BDDAAB8DBCA755DBBD6C7230BDFC
:10E11000399F17BE8CE6883C886E5F3D82C11C3DEE
:10E12000C22E303DE68507BDA68C193C88B2043E60
:10E130008AB3103D581227BD3C6E82BB6E9B443D96
:10E14000AEFBF03CD3CC0A3E2C3411BEE86B23BEB0
:10E15000EF6E693D0698A43DE748033DFD55FF3D40
:10E1600019A2A63D885B2D3D6F80A03DB55C443C67
:10E17000546BB6BC5C6619BD373251BD752EA4BD5B
:10E18000668C6EBCCED51EBD3C95B13DD9E454BD68
:10E19000B0FE113C2A68663D39EDBABD0E2E093E2F
:10E1A00007B4053E6A1F22BE4C91B03D32BB6E3BA8
:10E1B000881EF4BC3977A9BC77C4A33DF76B87BD33
:10E1C0002F2B5C3DDEFA95BC7D742C3EA3041B3DD9
:10E1D000EB21F53D5ECFA0BD2C4DE3BD0B8CE2BD28
:10E1E0004043C43C4E877F3C76F3BF3DD4F6613D4F
:10E1F000D795F6BCB65953BDB80F843CFF53BE3D0E
:10E2000031555CBDD7C829BEE5845CBD5F50393D42
:10E21000C4755F3DCFE3BC3D365272BDD2F02BB921
:10E220003AA9BD3D31DD42BD826535BDC90E3F3DD8
:10E23000DD60BA3CEDE4C4BB05DE17BC98268DBD9D
:10E24000450FDBBD3C6B9EBB214449BDCBCE5E3C44
:10E25000B83FE4BCFD84CDBCF8B058BA42ED303DC7
:10E2600078C9C03C13B0E0BCEBD781BD58CBA63C0D
:10E27000A0D7D8BBC3DD5C3DF99E033DE0CAC7BD56
:10E28000666B81BD0037EABDA7CAF43CE7FE32BD2C
:10E290006796223C8E2982BCC74C023E05EB6DBDC1
:10E2A000AEF0BEBB51D8F6BCE0F25C3D367D01BCA1
:10E2B000E52E573D6CC670BBFEC4B3BDF0A1933DC7
:10E2C000EE0B2BBD5031213CCF12C33DE13CC3BD11
:10E2D0003D62E83CDE6B983C68F8F8BD8D8DF1BD81
:10E2E00044EC81BEBF43DFBD33A1DC3CBBE9EDBDE7
:10E2F000FD0DAE3D2ADB253E8844FE3D8AF6AC3D51
:10E30000BAC12CBDBF8AB9BD9646A03BCC533CBD1B
:10E31000E6D2AB3D9CD333BE77F9AC3DC24644BC9C
:10E3200030F0EEBC4D66153E915EFABD6E2C51BECE
:10E33000B083B4396BED083D94561B3DEEB31D3CE4
:10E340000491C93BAB07273E618686BC62F84F3D0E
:10E35000E5154ABE3B60E6BDED70183E916358BCC2
:10E36000D125B2BD76BE253E13AA8C3DFD35993A26
:10E37000ED26013E77BBD03D366ECE3D4A01063ECE
:10E380006BA27C3DAD57E8BC39B383BDEC6848BC9B
:10E390002A9DE13A9D57D5BD61ECAC3CA23BDC3BEC
:10E3A00048E2263DF044C2BDAC002C3EF2A544BE7E
:10E3B000A2B5843EBA36463EC989083D8581FC3DFA
:10E3C00064ECF4BD8932A43DD7381DBED136B43DCE
:10E3D0001C7E0C3E7F5E14BDE798DEBDBE6AAEBCFF
:10E3E000587E21BE40CC113EE40909BD6FA5EB3C2F
:10E3F000B4C0D9BDEBC5F33D9F522EBDA21C05BDD7
:10E4000033FA7FBD8CEE243D55237D3ECB3160BE7B
:10E41000DD284A3B9F3620BEF6887F3D81BA5EBE2E
:10E42000257D183C4B5A9D3DFAEC0EBDCDE5E03DF7
:10E430006D9BC63CDA3E423CDC0F90BC631146BD8E
:10E4400095C03BBD9487C7BDBFAF913ACAD2BF3D0F
:10E450006608A7BDA5FA4EBC17D5E93D9BF3123D52
:10E4600019CEC3BD1EE701BD012F113D7B47933D72
:10E470009603FE3D569A95BC7C7ACA3CFA0BA9BD20
:10E48000B30819BD88FFA93D9ACDEE3C7A385C3EB1
:10E49000B15FDD393DC9FA3BB1D7A53C3BD5E93D7C
:10E4A0008C5B5A3D1DB3203CA846F23D858F643DF0
:10E4B00024301ABE12B40B3ED24813BC8A06A93DC2
:10E4C0001659373E8225B5BDD9A5CE3CD0C7B5BBC0
:10E4D00049DA18BE4A7DB2BD6C4A823C5D4A973D1E
:10E4E000EC2C943D721CCABC54B497BDA21A093DD1
:10E4F0009AC0A73D42FF253C62A135BD80FBC6BE48
:10E50000EDCECB3D84D98B3D8925DDBA5F1C8CBD1A
:10E51000D19145BC50CBBEBAF9A19B3B311C52BD39
:10E520005EE893BC41B138BDB1AF303D5130603D84
:10E53000729B9D3E38B0BE3D82736E3E1367113DA7
:10E540006544A83DE73ACD3DDD5C273D935E2DBD9A
:10E5500095BD05BEA6711C3E236A29B9D2C3B93D3B
:10E56000828A9F3D84E3CB3DD96F153EFE612E3EEE
:10E57000FA5CBDBB69BF4A3DB92CF53DD5DAD63D45
:10E580007F1CC2BD34C52CBDB1A408BD7AA008BD96
:10E59000C7C5463DEC568A3D0891143E2B4A2D3C9A
:10E5A00075A31C3E68B65A3D4730A5BC1102253EF6
:10E5B0000DCD00BDFB689EBD56B4403D12A9F53D92
:10E5C0001F82BC3D09060B3E922949BD1DC033BDCB
:10E5D0009C62613C3E83C43DB8F02ABDD1312F3EE0
:10E5E000B0C91C3DDF36E8BC7E47B83DCCF9FE3DE6
:10E5F00055F4603D6E989B3BB9481DBB15F08C3DB2
:10E600000310673DC35EC4BB3D7219BE531BE5BD1D
:10E61000C9F99F3C2FD601BE460980BCA9A1193E6D
:10E6200062088DBDD9128EBC016AD3BD01A16BBD3C
:10E63000111EBDBC23B13FBC595D04BB4A27F7394D
:10E640003CD1FEBDDEBE153E2DA708BE679A23BD98
:10E65000F4E38F3C5B3A113D0A5B42BE52E1863DDA
:10E66000CFE6E4BD65FF0DBEF46B023E1FC264BD84
:10E6700035E38F3C741C343D7684D43D3507733DBF
:10E68000C863B13D538D93BD5DB669BCFFF4B8BDA1
:10E690008B0DA13CAF03083E901E853DCD9BC3BDB5
:10E6A000C44CEE3C36A3973DD9E8B73DE8DA2A3EA4
:10E6B000D3EA433E8F2D07BD7FEA11BD2B496C3E47
:10E6C0002474E03D7FC3293E61D36FBEC0880EBD78
:10E6D000B66344BAEC2E8F3C23C8C5BD07C99F3D25
:10E6E000301A6CBBEC4B233E986E1FBD1A52F53DA1
:10E6F000C97413BE7BD4F5BCB4BB1BBE1999343DA1
:10E700007A016F3D9B758EBDF57FF2BC8D0328BEEF
:10E71000ECA7A8BDDC800C3E4BAA733C2847AE3C5E
:10E72000DD53983D5E299DBDD6E68D3D7F42EB3D94
:10E730005A5515BD180C873DEB0AB0BC8F60D0BD93
:10E740007F98A2BD7281443CDE294D3D4BFF2D3D9B
:10E75000EEF28A3D4C0B303D846F1B3D33A38B3D65
:10E76000651B163C2CDBF43CDC7562BDC2653E3E8D
:10E77000D26886BCC6720EBEB78F2BBE9A26C2BDAB
:10E7800044F6B8BC2E8AAABCEA0E303CE8E5CA3C86
:10E79000ECE2883D6AFE4B3D04C711BD90140FBEEC
:10E7A000D19BD3BD0CC20B3EE4E84BBC8259C03DAB
:10E7B000ABF536BEDA2CB7BD7A3EB33CF31EDE3D78
:10E7C0002691523DE0ABCFBD38174F3E36BCD03D11
:10E7D000FAD532BEDA205ABD9A62023E9DDBEABD0E
:10E7E000A0DD693CAF7F51BD10C8383C41C5D8BDE4
:10E7F0004E42813DB57D613CAF6DF7BDA1DBD83D9B
:10E8000099E3A5BDF3A5343D632117BE1941443EEC
:10E81000B950C1BD267ADF3D728A973DDF72A8BD2F
:10E82000B5708FBD25B48DBDDBB41DBE32E5BABD5C
:10E830000BBCF7BB9B3CEB3D81DE08BD299C143E25
:10E8400049FF1D3DD301983DABE9963A879F3EBDF8
:10E85000EAAF8ABC25AAB63D7A513C3DC561963DDA
:10E86000DC3A3FBD78673FBD88E40CBED2954FBE11
:10E870001998CEBCB3D006BD0B3E033D83DF8F3D60
:10E8800046433CBEEF389ABBB736EFBDA5768D3D0B
:10E890009BC8E5BD101024BD1C05FF3D979C183E8C
:10E8A00051FAFA3DD8EF873D27D7EC3DCD534F3D88
:10E8B000C815543BCECDD6BD1A85143DA8A5F1BDD3
:10E8C000A03393BD779EA63DD4CDC33D0EAB80BC97
:10E8D0009ACAEF3CC434583DD92CB2BCF82A993BB3
:10E8E000B49039BE4C34953DA230313DAF74493EB1
:10E8F00093F9B8BDC4F739BD7EF80CBAC0A0D23DBB
:10E90000F5615E3DE13CB6BD3F598EBDB43A05BEF2
:10E91000B45C15BEA876453D8929AA3D4271883D63
:10E920009FBABA3DE5813CBE6B41AF3DAED6B83D26
:10E93000F48FA9BD4F348CBC3842373D6C93B5BBC6
:10E9400079FCEABDD7A45CBCFFD2553CB0BC963D77
:10E950009A12A53DA8E2A2B9CDDFE8BD3FF51D3D65
:10E96000C77EF33B927A86BB703D96BDD38ED33D76
:10E97000D81B683DC15300BEE65EB6BD719D3F3DEC
:10E980006B3B0A3E543711BDEF6AC6BBAC10CDBD20
:10E99000E60CA03D5B52E83DCC7B0E3D6F5759BD68
:10E9A000DF9514BE24FFDE3D59D895BD691A403E5F
:10E9B000F390C3BDBCF48C3AD470E43C62AC153E19
:10E9C0008B4D513C4DE180BD09A4213E16E1A73D90
:10E9D000B8F380BC91E6A13C0D304F3E4BD620BC35
:10E9E000968DBD3DFACC41BDAA77593CEC6F89BDEF
:10E9F00026F0933D316210BD15C314BE322D49BDC2
:10EA0000932C5CBD63C5EF3A93A50EBDCA31073E9A
:10EA1000728F513D38EFA03D721BFE3DDB8AF23D07
:10EA200083519DBC84A909BDD434E6BC0BBE98BDFE
:10EA30009AA6D1BD51820F3D7B53EA3D1E72A13D86
:10EA4000474020BDA5B343BD686CA3BD777F6EBDB5
:10EA5000E220853DD455913C5E09F4BC06802ABD78
:10EA60009A7C663D6E4BC03C36CD433DD3A621BE5D
:10EA700003411EBD22C53A3CD7C3C23D7656623D16
:10EA800061692BBD1F3FF53DD2DFFDBDDA20503D52
:10EA90003E8CDFBD9469A23D4F86163D5F64A93D63
:10EAA000315C153E7350093E140EFD3D246614BDC5
:10EAB000F8D1D43CE4F1B8BDF1154DBD5C8287BD01
:10EAC0006F56C5BDC2BBC13DE07406BBC85F4F3DBC
:10EAD000069D063DEF510B3E4B62BEBDCECD03BE43
:10EAE000CF33D5BDA9822CBD266EC9BC13491DBD2F
:10EAF000EC3A85BD84BBA83CBA2BF43D6A3D063E8A
:10EB0000C172D93D9179E2BDFC41DCBD4B30A6BC60
:10EB1000E506A73C4DD1A93C1B39B03C5D0CA63D98
:10EB20003F76443CAAA97E3D6823E0BDB584093DFB
:10EB3000B1F09D3D37CCD5BD4BA8EABC1295833DC5
:10EB400038C7F93D98ED5B3EB1EB26BE13CFCABD89
:10EB5000E5BC973DB596F6BB00566B3B13DD453CD7
:10EB60007F21E5BCD583B5BBADA045BDD465E43DF3
:10EB700003A5DEBDA8944E3D732E7FBD33BACF3DB5
:10EB8000B7BA13BC2100ECBD9DA40A3E2985603DA7
:10EB90002610DEBD480ACC3D724EEBBD75B631BBCA
:10EBA00045DABD3DDB3468BDADF0C23DD8F6CEBC24
:10EBB000315C373ED2C0603CCEF67E3DA3DE373CB2
:10EBC000BD7607BE7F60013E80E9C93DF79B4C3CA6
:10EBD0003676193E0DC653BD8233D0BDAF0602BE98
:10EBE000A995D3BDE6679D3DF6C11FBC2968113DBF
:10EBF0003912603D26942CBEBB4560BDB12D84BD4D
:10EC0000F924313DD62B113DCC98243E6E2E913DFA
:10EC10009B2DD13DA89446BD829980BD1B809FBD90
:10EC20000BC12E3D40A8ADBAFB7BE93C3AE4263D42
:10EC300014B28E3C66B254BD430887BD1BAD36BDD1
:10EC400018980A3DF33845BDFCBB6D3DB95A7E3C72
:10EC5000B3D700BD5E4B28BE0FDEFD3DA43602BE1D
:10EC60009E325CBD8B13113D4F65333D35D8483B1B
:10EC700023F2E3BD6BA6B7BC0D400E3C037F21BE63
:10EC80005A7E03BD7CE32F3DA137953DED57DEBA9B
:10EC9000F7BE803DA853013C2D2D8E3DB6779D3C9F
:10ECA000D9F1A93CCB619ABC7B1C4C3DC359183DA2
:10ECB0000AD2253D48E794BCCA7C383D563585BC10
:10ECC0003E25B9BCEE67153D478F713DE18D8DBC8A
:10ECD000CEF91FBE6EF5533C53B742BE89FDA1BDB0
:10ECE000618302BE360BF2BDE4C1DC3CF22B863DF3
:10ECF000A997AE3C17DB9CBC568C2B3EF35DDBBD6D
:10ED00006C9CAA3D46C912BEC381D8BD77777A3DB7
:10ED10004B7559BDD34BAF3D2E7414BDBB6A29BD95
:10ED2000691983BCB71DD0BCF46B24BDF5F4133D49
:10ED300026AC223ED7A3F8BA9DA936BD917635BB45
:10ED40001A292A3E2A16413D4B04EDBD7AC8F6BD6C
:10ED500000398E3D6099A4BC816118BDB13758BCA3
:10ED60001D850DBD5D43BF3D3446DA3DF684E23C72
:10ED70002B48BABDE1D561BB19752F3E80CD98BD3A
:10ED8000069E2D3CD6E9B6BB7C23783D914C2B3DAD
:10ED900054679FBD2CBFA2BDE3A33DBD9D07093DA8
:10EDA000E829413DA41765BD27323D3C493F95BD4B
:10EDB000801B393DD2ADEABDF98A923CDCBB9E3D59
:10EDC000AEF2CE3D0ED1293D458B51BB51531F3D77
:10EDD00052F7B63DD184A13D4FF1F8BB14B8CABB80
:10EDE000F1E626BC0EF6183EF863023D4AFB693D8B
:10EDF00057B6C13C41253DBDF7CACB3CDD89823DBC
:10EE00004E2A83BC12D001BEBA367D3CC3F319BC76
:10EE10002CBA253DF65141BDCF3D95BD767A2E3AAF
:10EE200009AC053B6569A5BD6CF647BC57D072BC03
:10EE300039438F3DACF095BDA25A11BDE092A5BDFE
:10EE4000079E75BDE91139BEB817D4BD43565FBDE5
:10EE50005F519A3BCD6C36BE132D88BD73A22C3CFE
:10EE60008422C33CDC28AFBD08AE39BCBAA19F3DAB
:10EE7000C505AA3CCA77E9BCD5562EBD37153DBDA0
:10EE80000EFC5CBC4D5649BEC6EA13BD8751E8BDB9
:10EE90002D29623C75F35CBD5B4134BDEAFBEFBDDF
:10EEA000244CB5BD44B6803CD0AFA1BD441D883DC7
:10EEB000F338F03C1AD9BB3D7B2EEA3B7616C83DB1
:10EEC000FE9C10BD6659723C0F77FABC907A07BC65
:10EED0003C30F2BB59CFD5BD5EE8DEBD1CF615BE99
:10EEE0000C16E9BD16F8E5BBD3DEBC3CEAF52EBE38
:10EEF00073DEAA3C51A722BD2131C9BCB787A83B0C
:10EF0000E29BDDBCF807D23D4CD2E33D9BA5473DDB
:10EF10008BD39C3CEC6C70BC6C83BE3D4CDFFBBC6B
:10EF20004E7B103E47C68ABCC9BB3DBBCB2317BE38
:10EF30004C2E163DD4F0D0BC765A1D3DCC184ABCA0
:10EF4000FCD8ADBD4957E4BDF6E2D53DFC88923D05
:10EF5000B5D60BBECE698EBDD74469BCBD3962BD86
:10EF6000A61F80BDA644CE3D5CEBE73C79502F3D0B
:10EF700005EAAD3DB95EDB3D9AA94FBC5DA8343BC7
:10EF8000254620BD2C2F093EE17DDFBDF725BD3D87
:10EF900038BF8D3CC6E8F1BC8ED88C3C5573533DD0
:10EFA000FF7B8A3DD68DAA3D3955723C99431ABDE7
:10EFB00029F937BCE177D93C97225B3D1B0FCDBACD
:10EFC0007837843C703B83BD002948BE8BB09D3DA3
:10EFD00085E6D03C1CEEE9BC4E572EBCEE8C01BD44
:10EFE000931405BDC13E0EBD277713BDFF9BBABD6F
:10EFF00016700C3D151602BDBF0227BDB5ECF5BD60
:10F000006F807E3CDBE0893DB392DE3D19BBEBBCFB
:10F0100058C9B63C72E59CBD16BB503D325D92BCF2
:10F02000E63732BD27498C3D7A2934BD0B5A183C4E
:10F03000B3FC5F3BB770D2BAAB8D8CBC83337E3DE3
:10F04000E693963C2932583DA972E63D8D175C3C0B
:10F0500098BD663D1329F63C5BBEA0BC3281753D70
:10F060008E8978BCFF329E3D7B4F1ABCF35ECA3C52
:10F07000C0AE3D3E34F572BCF44A983D3E30DD3DB5
:10F080006D2CCB3D66A8CE3CCBA8CC3DAEBB013EA3
:10F090007893A53CF9FE7E3C8281B2BDB5429C3D91
:10F0A0008A05E03D87B2BE3DC5C651BD7526813D8E
:10F0B000F88E833CD9164538630592BC97F889BD14
:10F0C000B2E93F3D0E5D27BD959FCA3D959CAABD07
:10F0D000FC904D3D3F02A53D171C193D163D1C3EC1
:10F0E0001B6C3ABB6453893DA552093D4595BA3D19
:10F0F0005D8202BE4461EDBD04B1B03C7B739B3DBB
:10F10000186D95BD2EED6FBD21BBC7BC0F59A73C37
:10F11000204407BE99AB4FBCCC3D41BD8851BA3CA1
:10F1200039146E3C091E74BDB382A7BC7EB3ACBD5E
:10F1300074E7D23D628832BDE907DDBD4A7E8BBDF2
:10F14000F6F2A63D0B68273EE2B1FAB9F9F522BD09
:10F15000B58A0FBD7C6FFF3D6224933D2CD4903D5A
:10F16000D3FFCB3D52DCE9BCF745C9BD4EFE923D15
:10F170004FF71CBC24C00DBDB1A55BBE8D8E58BC25
:10F1800046B45C3D0BB4DDBD09E9EA3B3EACF5BDE0
:10F190000B8E093D8C51B8BCDE91553D119E5EBC75
:10F1A000F843F83C9A34823D58F1BDBBBA53043D54
:10F1B00032F4D2BD4C4F803C612BA03D81A71BBCDB
:10F1C000767579BC4EC25C3CF71B683E8B99383D26
:10F1D00099D061BDB16F89BE81C0BD3D7DB72EBEE6
:10F1E000FC799EB9D4744EBD987126BD0318B33C0A
:10F1F000A5B72D3D0EA3A0BC8652D6BD86196D3D88
:10F2000002F6DEBBE67E58BD4C8EB3BD3355A03C46
:10F21000DA6116BD0CB08C3D5844473E52B65ABD1B
:10F22000CD5326BD78A5C1BCD4AFBEBC336F2ABDBB
:10F230007A1B3DBCEBEC1E3C0A1FF1BDEDEE203D00
:10F240000F0D0A3D26C0CEBC77DAA83DB7D6ADBDBE
:10F250000CAF893C310A993D9825213E24927EBD10
:10F260001474CD3DE2D988BC95A8C5BD8D2899BC44
:10F27000752B053BB194E83D1562BDBCC0BC163C86
:10F280005FF93ABDE9209E3D564CB6BCB8A0A73DFB
:10F290001E0D043EF9DE943D86A9A13D2503253EC1
:10F2A000387D5F3B399DE63D962A0D3D1F31953DEA
:10F2B0002F1ED2BD63793EBEAC2481BDB3D92BBD18
:10F2C0007ECA5D3D618B183D31FA053E0D299A3DA0
:10F2D000E884D83D0186913CD829EBBD4F6304BE3C
:10F2E000B00F5FBE9D5FD83CE013E8BC360668BD3A
:10F2F0005048993B754E0D3D38EF92BDD8AF41BD9A
:10F300004173BCBC9AC337BD96A45E3D0509ABBC36
:10F3100077B4B33C8068F1BC55249E3D21C284BDC6
:10F32000C561BFBC3490183A2189CFBC1034B13BC1
:10F33000090F8E3DE56277BDCB3493BC07A5523DE6
:10F34000608CB43D0C3BE73DA7E7A83DB28F933DF1
:10F350005745B63D05A1EABD0FB79D3D2768F2BDF3
:10F360007B7C7C3BAD53563BAB02893C79F78ABC36
:10F37000578B9A3D1ED510BC6C64EC3DA5E1473C13
:10F380007B4AC2BC78FBBEBDB55A00BE2A0CD03C3D
:10F390006FA929BD1EA698BDB80F173D839F3EBD1E
:10F3A0004AFBAA3C09BC55BDBC2D28BB4D3342BC11
:10F3B000B331FEBC0C54D7BD74D8933D7C8803BDDB
:10F3C000255EEA3DC8A38A3D407AF0BD8BB1073D7A
:10F3D000B10B733D35E8353E2AB08CBD51558EBC1E
:10F3E000EE1C17BEED0EB13C32BE863DA7641BBDC0
:10F3F000FCC4EB3CC5599CBDDF8DE03CDD9EFE3A74
:10F400004F9971BC8480E73C3AA0C03D0A910A3D07
:10F4100079D331BD062CD7BDB3D79BBDAF32893D63
:10F42000ECBA6BBC23FE34B8AFAF9B3D696FCCBD6B
:10F4300025A31E3C331903BD410F203D1B8A953C7B
:10F44000D940483CC2EE16BEDCB0F1BC839AF3BD95
:10F450004897A1BCFA38763CF8AA863C973B483BD3
:10F46000F5182C3C06859ABDC0D04DBDF3CDFC3DB2
:10F470001BEFBBBB1A33D9BD6CE3233E98B90FBE5B
:10F480008EF5C83D7B1BD63DEA73053EBF279C3DEC
:10F4900021B7F33ACF0AD03D54CFB4BD0A500ABECB
:10F4A00089443D3DDA57C8BC4DB925BECB013C3E31
:10F4B0007F0B1B3CF7075B3DF850763D4A01163E3B
:10F4C000B704623D4085F23DBAAAF3BDED3C853DEF
:10F4D000213E98BD6A56AABDCA1AF1BADFB4D23D20
:10F4E000BD74B13D8EC7B63DCF6C32BDFC497DBD0C
:10F4F0004872053AF475283BACC08D3BEB4C88BE96
:10F50000C185F73DB7BC6FBD6FF6B13D8119E3BC56
:10F510005FB8F0BD4999383DDC2519BBA2590BBE37
:10F5200099ECD6BD4C274DBC969DE83B3D8C993D52
:10F53000E2AE5C3E045E693D9AAA293E4D7892BDDA
:10F54000900355BDBDF6B83D6365A43D3B9871BCC5
:10F5500070DDBFBDF7F472BDB1C9FF3CDC0EB23D3A
:10F56000D77B0DBD7896803D98A2D43DBC5EBF3D53
:10F570009EDAD83D5FCBE83D84D9143E7963B1BCB7
:10F58000C2475BBD7C5ACCBDD66ADB3DBFDC293CA3
:10F5900001018D3C8B9AC1BDB0E34E3D4080313BB3
:10F5A0004139D33CE3910BBE1EA4003E4E474B3D78
:10F5B0007A43893CA9BED53D98132A3EC521193E00
:10F5C0003F862C3DFD0959BCBB4E46BD908991BD7F
:10F5D0005DE9193E7CA2D03D67D322BEB0D9CD3DB6
:10F5E0002D4ACB3DFBF1083C59F1F9BB6BFCF23BDA
:10F5F000BCE19EBD3EF9D6BDACC0E43B18AED73AE7
:10F600008B511EBC725A27BDA5C647BD601676BC7D
:10F61000BEB3793D2D26D0BBD98472BD4329D63CDB
:10F6200085E60F3C9283A2BC5854B0BD05AF40BDE7
:10F63000B16E033D22B6A63DF3F016BDA906453DC9
:10F64000E2171FBC6F34F63CA06601BE2F079ABAC2
:10F6500040B680BD63B501BEA4550FBED7EC853D55
:10F660004FA32FBEA1403DBEFF02A53DA448883D4B
:10F670001EA2213C3705853C47DC613CAE2BE9BC32
:10F680004A36A53DDFED83BD04DBA73C7924E23D8E
:10F69000ED451ABBC84AC73D6045D53D139781B9B2
:10F6A000369AEEBDEFCAC33C9B1CD43DF06F0A3EB8
:10F6B0000BC8C63D55F8933D3F6793BD70D0253EBE
:10F6C0007A8BE2BB28966A3D467A81BC8B5E0B3D05
:10F6D000E8FE2D3D35539ABD61566BBD11FDFE3DD3
:10F6E000E31CA8BCF4ED083EE244863D8A08693E6E
:10F6F0009E9816BDFFB8D4BC7907B2BDC9486ABD93
:10F700007855C83D5338B9BC86EB14BDDFDC983D55
:10F71000E10839BD74DC31BD73C9DABC3B0D8C3DE9
:10F72000DCE40C3D3A7FB53B38FE8E3D685BAF3D77
:10F73000A239063E2606663CB97E45BD71B7C2BCFD
:10F740009DF40B3EE39B28BDA7CF78BCBE85063C4D
:10F7500091A91A3E2A90F93D28C629BDC458D0BCAB
:10F760004C9AE13CA37C79BC05CF383D007DFC3C44
:10F770001AEDC0BD7430F1BB581510BE4685A5BC4E
:10F78000661F5A3CBA786ABD7EDDB23C701D553D9D
:10F790000B95023E9BDE4F3DDAADD53CC1719DBD60
:10F7A000BC38BE3B7C15EC3D9948E5BA2C783F3E11
:10F7B00000A871BD8C1732BE06ABDC3D82D4893CFB
:10F7C00075E3543D62C8453D9878023EABBCD2BC5F
:10F7D000DDAA2ABEA2809DBD7063613E6D58B93C12
:10F7E000BAF7103ED9D115BE1780843D4BD7B33C34
:10F7F0005300243E34C5CD3CD2BE953D3468FE3D19
:10F80000C156E53D71CAD6BC7F4B10BE520E6A3D53
:10F81000A3C6BE3BDE939D3DB8FCBD3DC8C0B83D10
:10F82000BAA8ACBD161D8EBC73E3E0BD748BCB3C97
:10F830001FA7583C4981B23D51B7EA3CB00420BCF7
:10F84000556DF8BB7F4B1C3CD1591C3C170623BDA2
:10F850004507563D00F34BBDF0F8F2BC266D913DD7
:10F86000A60A323DB46263BD6C24C0BC2BE042BE2C
:10F87000362A5DB91886EC3ADF4DDFBCBADE1BBD17
:10F8800071800C3D5AE5F83B654AC23C6E8571BDFE
:10F89000FC371F3BFA2984BB42C8D23C79A05D3DAE
:10F8A0004AA96C3C0DC3BA3D4128693D8E3D84BDDB
:10F8B00089459F3D77D780BD82E3F9BD70AF833D19
:10F8C000D39921BECB4F833C0E373EBD8077E23DBE
:10F8D00075588B3C959C743DF9CE363CA98300BE8F
:10F8E000C2D3E5BD150C08BDE40B36BD3C44D13C8C
:10F8F000887FFDBD3F3D7B3C973A943D12A754BDA8
:10F90000EBDA06BDBC1213BDCF03863C19BFC7BDE1
:10F91000E6DDE03C1A04A3BCA474D8BD49F695BD4D
:10F920005102DD3B1A64323D8C5F12BC499C413D63
:10F930001DF674BCB24B4B3C42ED6B3D5B91053DFB
:10F940008E1D26BDDF173D3C2BBED93DB137333D63
:10F95000CF2F89BD16EAB93C016E9BBD39F609BEB1
:10F96000E3608ABD5877003DCAC730BDFFF8B83C98
:10F97000A047B2BC9D76BFBD633D513EC5A63E3E8D
:10F98000532CACBCA30AE3BD680915BE17083FBCE5
:10F99000953BC03ADC15973DE52FC1BCCC47143DE3
:10F9A0006523BFBC5571923C6D43B5BD81C0313EEE
:10F9B0008CA2233D5D24D9BC08B0A3BDD8ADB63D13
:10F9C000DD0DEC3D36AC263E7A04BEBD75019CBD16
:10F9D0005F87BABC6280FB3D7BBD393DE6F9443DA3
:10F9E00097134CBE8AA3073E423ADE3CBBA3B4BC8D
:10F9F000695BD6BC7F6CC13D3DDFBE3D6A440F3DB7
:10FA0000460C74BCDE9C573ABA8C083E4BB202BD21
:10FA1000F5FB493DE417F7BD80EC713D3F195E3DB4
:10FA2000B3562EBD292F7CBAE22ACE3A095FC7BD54
:10FA30000B3460BD5B4D833DA64A743D1097B3BD4A
:10FA4000512F70BD5677EFBDFBBF58BCF525B93CB3
:10FA500099769BBDC759183DA7E5C2BC871F033CDB
:10FA600038489B3DE841D13DCBBBA63D9A23663D3E
:10FA700016D68B3AE50387BD81D8353DB4F4603D99
:10FA80000AE7E2BB047D7F3D4D19B33CBBC5953D04
:10FA9000BFC72E3DD31A42BA16403CBE167F173D53
:10FAA000CD4A92BCE718A7BC863673BDE9D5C33DE5
:10FAB000FCE978BB8CCADA3D24D2383DA74FDB3D48
:10FAC0001F1A84BD09D5D43D1AD636BE98E6B93D75
:10FAD0008F8E0FBE8517BEBC06C0BB3DF522B4BCE1
:10FAE000AE22253E7818A13CE8D82FBE04931BBE59
:10FAF000FABA59BC549B113DB070A43C6EC58FBD81
:10FB00002C78D0BD6D10F63C8CD0763CAE9834BDD0
:10FB10002A11CF3D6ECF02BEF561AC3DCE8882BDCD
:10FB200063EDFCBCF11721BA6F48563DC511B5BD58
:10FB300061298ABDDEFA803D76AC3D3D5F65DB3DE7
:10FB40006E7085BD117B04BE8BADE43DD0B6B63D75
:10FB500027541CBD7DBD4CBD867A10BD0BCE0FBE9B
:10FB600023DBC5BD3BBDBE3D679E1E3DAE3B04BE17
:10FB70003CB9F03D106F8E3DE7B7AE3DBCA6AA3D47
:10FB8000B92575BD11D80E3E05B6453B5C5E303ECD
:10FB9000B890633DB22E41BD93387F3D50D451BDE6
:10FBA00019CC553D4F6BCD3D33D242BDDE31ADB9A1
:10FBB00075CBA23D6B7DE1BBA599093DDF77093D82
:10FBC00025250BBE916C0BBD002BE7BD1587CB3CEB
:10FBD00019959CBAF5FD573DDC3895BD792DC23D90
:10FBE000BEDFCF3C3149453D9FE8EDBB09D5B5BDF2
:10FBF000B0A272BB7FB3673D039B8E3D813E3ABD91
:10FC000012728BBD82D8DB3D3B59413C960E56BCEF
:10FC10006066E93BE5FC2C3B11B536BD4374D73D2E
:10FC2000D87120BDCBB0F93DD4E3A73D8296203DED
:10FC300058883E3D473F543D1EF665BC8C98D7BD65
:10FC4000E58C53BD72A2BD3D7F8AB03D557C2F3DF2
:10FC5000E5E7FABD5A94F13D9881B8BC315AAE3B04
:10FC6000DBA2473D47B33B3DE5A3113D5F1A9F3DF6
:10FC70002B4C983DFD45DEBDE67491BC7E83AABD4C
:10FC8000AE21313E4FF8E5BB36A14C3D5561003EFB
:10FC9000040619BDA566DD3CAFAF3DBEC7DE00BEA4
:10FCA000D3C51A3D151C54BD21213ABEDDD9843D72
:10FCB000203A80BCA552E93D84051C3E1F75D43C0A
:10FCC0005DEC8F3DE95F18BED203EABD93BE2EBD49
:10FCD000F08F62BDEC30C33C6832D13DC4DB0A3EDC
:10FCE000AD86723E9CBB493DC0EDB83DC018E9BD34
:10FCF000FDE4A13DD7B14C3D0D1749BD1261523D08
:10FD0000715BADBDBA01D83DF3710B3E0783DCBD1D
:10FD10004964133D6E9D80BD794C1A3DDFFDCC3D9D
:10FD20005EDC083EEF81D63DC480B43C7A961BBEB3
:10FD3000B6E374BC0E2E0E3EAF3FC93DD79B6B3D64
:10FD40008A53A2BD0584B7BDE5E3293C66432DBDBA
:10FD50009226DABDB671E53C14BC0E3E399A81BDDF
:10FD60003B46CABDF5D6883D59738E3DA7871ABD5F
:10FD70007D4566BD7BE7B7BC21463BBD2199053D6E
:10FD800002A386BDFA18D53D34009ABDFAFD193D8F
:10FD9000BC2193BDB02FBFBD8F8DC63D76729E3CFA
:10FDA0007DB355BDD21C1D3C482BAB3DA2081DBDEB
:10FDB0005B39193CCDFD66BCC379B5BC6D7E1DBDFC
:10FDC000EE460BBBEA6B9EBD3A5195BD0391393DA2
:10FDD000F8EBCF3DB410DDBDBB6FC63CA730E7BC30
:10FDE000969342BD4F6DCEBD34421EBE521C54BDD3
:10FDF000F5D024BE15B6D83DF7DBFC3D1FA516BED9
:10FE00003B5D0EBDBB525D3C79EEDA3C426FCEBD30
:10FE1000652A05BE802693BDA27C9E3D9B8094BD35
:10FE200048477FBDAF388D3D5942FEBD2EE3803B34
:10FE300072DAA5BB5B8E1CBDE71C303C471D8F3DB5
:10FE4000A393C13D8BD0B73C72A13A3E11BFA93DEF
:10FE5000DECC2D3C69553B3E784D1E3D23FBED3DF0
:10FE6000D101B63D5A82893D4CFCC13C67E79A3DC1
:10FE70006358773C01CDA7BD11FB2DBC8E73E03DCF
:10FE800070279D3DB989003DFAD3D13C801BC1BB91
:10FE9000473CC13C486E693D1574933DD63592BCD4
:10FEA000D795DB3D7B89A7BD37D112BE6750B43CE7
:10FEB00030FA6EBD82018F3D5553843D63E142BCF3
:10FEC000CDE98A3C416C89BC20A3E83D9E0189BDF7
:10FED00004B066BD871E903DE6F28D3DFAF80D3EFA
:10FEE000CB76C73D12E0A03D00789B3C724D7BBDB8
:10FEF000194394BDA0A74EBC43744BBD6303F139B5
:10FF00009E999F3C8326B4BD645E083E965E00BE0B
:10FF1000FC6B93BC25DF153D2270D23B576BA93D8E
:10FF200003E56D3D088196BDB444EA3CE2B8FABDF4
:10FF3000B3190C3EE94B51BD49CF863AEF36153C1B
:10FF40003F9A97BD028202BB1BBA4A3D393BEABCCD
:10FF50001ABB09BE4B1CD23D3AC0073E62E5373E94
:10FF6000C17FBCBD895F30BB051BF63C14F1213E4F
:10FF7000FDA1733D433D6ABDD589123DB5D3E03C3B
:10FF80009477963D1556BB3C45A219BE240C31BD55
:10FF9000F51CF43BA41C74BD8323053DA99FC1BD82
:10FFA0001F5A093EBB29563C5BDBC53DB008CA3D24
:10FFB0002012F3BD4C7CE3BC3C63463DF2C1FC3DEA
:10FFC00089429FBA00200DBE3FBFE1BC75800C3D49
:10FFD000FA30BABD0A641EBE924005BDA59E10BE91
:10FFE0000E84FC3C03D6763CD5B4A13C33AF59BD5E
:10FFF0000D0260BCA9207E3D54FE5DBDC69C32BC96
:020000040804EE
:10000000319BA1BDE9DC64BD7C23D53B6CD76ABDC7
:10001000ED971EBC61B5D6BDD734643E4363F3BDD6
:1000200021548F3D79C48F3D807933BE20206DBC33
:10003000E2A41F3C9CA7ED3D483836BE5A10AB3DAC
:100040007F39723A7C1C323D918CA9BDA6C411BD8A
:100050002EB3243DD3DD0B3E8A7B183E53A38F3D48
:100060004168923D197993BC5C96BBBDDEC1683D89
:100070001719CF3CA932993DE89FE53D2386273CDF
:100080005EA9B1BC11F0CE3DEDC2DFBD1BFD9C3DB4
:100090007DF0343D1212693DAD763A3DEAB5F13D51
:1000A00017C90C3E8340B83D03D2E6BA8BF31ABCA5
:1000B0002C12033DA2F2BDBD0C23DC3DAA7B9ABDF0
:1000C0000D6E733DD180043E2163A93C9DCB1E3C47
:1000D00094EBE13D56FA513EBCE768BD4EE4973CD7
:1000E0005F9C3BBE2606E43D84C6223DEB9A0C3C59
:1000F000CB53FF3B220BAF3D2E3A36BD8861A03D6E
:10010000C0DCB6BD8D90BC3D4153C6BB4DCE1DBBC2
:100110008B8F393EFCE5093C00C3F33C4E5485BD52
:100120002F622ABDAD7059BCA96FCDBA349AF5BC07
:100130000F585EBE7B3A7A3D79D982BD8E58343DE8
:10014000C2FAE1BCDC17E0BDCA68CB3D1190763D38
:100150003DED3B3C04CA0CBE8D38013E3A7EE7BD06
:1001600039B503BD86FAA23D949251BDD95E16BE43
:10017000942DA13D18C1573D1A3D843C03BA99BD49
:100180004E7E203D47FF1A3EBAF01BBE798B4D3C98
:10019000287D883CCADFACBD92BED23C56EA74BD15
:1001A000A5B7D7BBC5387C3D1E6AC83C75D5F73CA2
:1001B000DEA1E13C6D3645BD5986DFBD2F9C8B3CF1
:1001C0000AF0ACBD7F304F3DF36CA7BD94C3AE3C8D
:1001D000B9869DBD965408BDD019B1BC855BFB3B6B
:1001E000CA60F7BDF49A88BDBCFF24BDDD1E2DBDDD
:1001F000DE2D03BD51C70E3E8BD88D3DDF50B7BD00
:100200005C5FC03D417E02BD5BB6093E14CBBEBD06
:100210008591113D6604A1BD245F063CE8EFD03D09
:10022000DC130BBDDE425A3DE39286BD863644BDEB
:1002300095A1863D4AE5803BFB06EC3C59E38DBD2C
:1002400015140B3E95E92A3E32BF823D36850A3EA3
:10025000AFED4B3DAE322D3E2FED9A3D0E77F8BC03
:100260009566293E2177003CA21A36BD441A27BD67
:10027000048E0F3EF64799BD83D788BD2C497B3D40
:10028000F10E153D3346B43D5F806A3C764F87BC26
:100290000300D0BDDE80093D59C6D63BBFD4E53D45
:1002A0005728AB3D6E58D63C9C6F47BE076C0DBEC1
:1002B00095B1E4BD45F33DBB1D3D163EA9C7A33C2A
:1002C000E87ECD3DBADD1CBE0FA593BD96C0F4BD42
:1002D0008E15903DDC8A9EBC56BE6D3E461D1B3E73
:1002E0008FD1683EBB0BC63C2213143EB107223EA1
:1002F00002E728BD5F13D9BD20AF5FBCDFA31C3D63
:10030000550C583C37DB66BD1B911E3CF0C99B3D2C
:1003100059D815BE33F3AA3D03BFC53CC3AD13BDC9
:100320003F118FBD4194B4BD857068BC760CB53D5E
:100330003548FD3C76F8383C1D3CD6BD450F9B3D0D
:10034000EF47CA3DE393413C06FD903DF7DFB03CEB
:1003500030C50E3E848FA03DFA2CB4BDAB89DDBC08
:100360003918F13DE08E7CBDE3F2F9BD8E64A53D08
:10037000D37D9FBDCD6A8DBDD1EC9BBC4AA1E9BDAB
:1003800050943E3D4BCED53CCE68303C522E243D61
:10039000B096BF3D7565D73D5E65043DEB4D37BDFD
:1003A00093DF4D3DF249293DD8831ABD13A80A3E7B
:1003B0008D3689BD5B5586BDF827EF3DE2C9243CEB
:1003C0005F9D36BD30B09B3CDD97563D6B6F873DE2
:1003D00037C554BEF08BD53C7FB1353EF9A157BD32
:1003E000F840483CB6DDDCBD3F07AC3DF289BD3D81
:1003F0006E72D13C8438BD3D48A18ABCCAC9D23D89
:100400006B6B983BAF85CC3D75D522BDC5000B3ECF
:10041000EED64C3D0B16953D2BA6093D1551FE3DE4
:100420006133AA3CF259AABC4B11AABC118A893D7E
:10043000AAE800BDC6EEFDBCEE8D98BDE8FDCC3C43
:10044000A03C3A3DF549CCBC70A3A6BD255FC93D93
:10045000FCD9D53CA704A63D1F9FDE3D60225BBDB5
:10046000D82B95BCA77CD53DFD1F16BD3576823CAB
:10047000FAC4BCBDCF7BFF3DA705123B65534D3B86
:100480004D3546BC64B3ECBBDA9E423C1692573DF8
:10049000C87EBB3D6ADB823CE9E2C43C38674B3D29
:1004A0003975C93DCF7DAFBCCD933DBDE87E97BDCD
:1004B0008B08233C8E2582BD940DD1BD9CDAA8BD4E
:1004C000CEFC16BEB5B1CCBCFAA7C53CAA33A83D3C
:1004D0000DB5FA3D2ACCDE3D8F54183C4CC5D9BB36
:1004E0004A9A5E3CB87083BD8ACBD8BD5E32A8BD47
:1004F000F98BE43D136EC93C11D7DBBC7EFB28BEF3
:10050000724D65BC00E5BF3D17C38B394454B53D02
:10051000CD87ED3DED41A2BC96A0B0BDFDD36FBD32
:10052000DC71233D8F69263C7BE9883C4A31373DAD
:100530007692853DD3F81EBD162853BC35B230BD2A
:1005400089BF8C3D53CC0FBD0D7D79BD205B983CA0
:100550004FBAEA3D4502B9BDDB4112BE646985BDB3
:10056000AB3D63BDBE7A493CADDF023E0A768ABD33
:100570009F99063E6C428D3DB9E15B3EEAEB00BDC2
:1005800075F147BD5A6F063D3ACCABBDAAB6953D55
:1005900021764ABDDC968BBDE9992E3D0D69D53C8F
:1005A0006C904E3D409F4DBD4F3C2CBC62BD9BBDF1
:1005B0001FD02F3BB4DA91BD8B4BA53C3DE987BDE5
:1005C0000F420E3CE70E623C27209ABDD24CD4BDB0
:1005D000ED3AE23D286C2C3E4A64F7BC81BC1C3EDF
:1005E0009B8AB13CCE7C11BD2F3700BCF198813D78
:1005F000F238E2BD8E71AE3CE611E53DE3CC0C3B3A
:10060000B1BEF73C77D69C3D2BC40FBD3DC6243D03
:100610000BF7293C0A78A23D473492BCF18F9B3DF1
:100620005DD921BDB100F53D4B22AF3DFF07423DF5
:10063000EA1542BCD8558E3D06CF26BC22CF1ABD46
:100640006B9CFC3C500C17BDDF89BA3D7BF90BBE9F
:10065000A29A0BBD0D01BCBCB83835BD08B50EBDA6
:1006600088609F3DCA3FD0BDE1FDAA3D97A1073EEE
:10067000FD02243D007C963D4BF5503DD90719BE47
:100680009837333E2769AD3D01140C3EBC7B63BDFA
:10069000E24DC5BC5A9DC13D8014B2BDC75651BE86
:1006A000C39CC5BD303CE2BD0B4738BE4D0E963DE8
:1006B000F62663BC4F1287BC46C59A3D03900F3E99
:1006C00010C22BBD5AAF1E3C010823BEAD89B83DF8
:1006D000001052BD8DDEB63C4D2B8CBD1BA5AF3D31
:1006E000273D183EB5FC8BBCD5D4AABDB588B5BB9B
:1006F000543C113DA4871CBDC98F83BDCE996CBDF0
:10070000A2FCE8BBFE2424BC7171643D24FF28BE1A
:100710005705BDBCE917743CF9778FBDB78656BC49
:100720004D561ABDEEFC913D25D09ABDB4A7BCBD77
:1007300032F108BD61550C3DF4C00DBDF97B62BDC1
:100740001BCEEE3DDCA14C3DEF4E72B8EFEDA9BDE6
:10075000842B083DB7B1A4BC85B20C3DF187AEBC7B
:100760006132DDBC8137E83BAE64BB3DD6A2C5BD7E
:1007700090DC3DBD67D5F83D0BB30A3DD078F43D24
:100780005D43DFBD9D4BD53CE8176DBDF556EDBD16
:100790000C65B8BD09111DBDC80DCABD57C0953D3A
:1007A000A892153E0264B2BDFED6EF3DB8FF02BE70
:1007B0002CA8903DE5732D3D4424363DBC1E99BDCB
:1007C0005974C93D569B5ABD20AD2EBE675110BD10
:1007D000498D1B3EBC1A6DBD47D6B23C2A4C4CBD60
:1007E0004A083EBE1D6A2A3E00FD13BD9524043E04
:1007F00088A3C3BDC5CB64BD42F0BC3B902623BEDD
:10080000290FAABDF1AD183D08DAD4BB59173DBD7B
:10081000368DACBDCFAFB2BC2645B2BB66EDEDBCEC
:100820001D7BA13D88C42D3DAE1C8DBC05CE27BDD2
:10083000E9AEA4BD028FBBBD5764103DF69C45BC1C
:100840005E52BC3DB823CEBD2E050D3DF8F6EABD87
:1008500016F4EFBC3B1AA9BD83AADDBD675E063E58
:100860001F7C9E3DA33C17BEE2784CBDAE72603D3E
:1008700079C6E63C0B1B013EAAD79C3D0F2B093CD9
:100880004D2DA43D4EFB03BD33D2863DAE13963AAB
:10089000B065073E9735933D40B9ABBCD2E5BFBDCF
:1008A000E05A743C222A5EBD85EA1DBD26372E3EE5
:1008B0004E50DABC82874B3D840F5D3A5662D6BCFF
:1008C0001EBA77BC12EF00BD9236A2BC4B280F3D7A
:1008D000560FFDBDE074DF3BDF4ECB3D0E0A133EED
:1008E0004FE1B0BCD30092BDEE6FBDBDDCA387BBB2
:1008F0003F57853C42CD27BC5779403DCE08753DDA
:10090000937A69BCB791823D5023F3BD177E80BDB9
:100910003735B53D49200F3E4CB497BB4E48333E6A
:100920009AB6C1BD910C8C3D4C8FF43C4782013C82
:10093000AB40C2BB6F84DFBD64B1E6BCCC36163DB4
:100940007D62C53D6F765EBC546200BEC9C83ABECA
:100950007412FA3DB6929C3DF6CC1A3D2DCB293D42
:10096000975DD2BD9C40853DF531903D6B5ADE3D93
:10097000456CE4BC8F00AC3D0BBA323D446FAD3DDD
:10098000366C30BD1431EDBC59BB183C89FB273C9B
:1009900043D2C4BDDF4E5E3DB05C09BD06C08B3D99
:1009A000E273A43D301AE2BDA8BC583BBBB8A6BD5B
:1009B000CEB0953DB5FDEFBD6EFC16BDC0A582BDA8
:1009C00024DF88BD1230033DBCFC2CBCB36CE0BC02
:1009D00079BB123D3D2BCC3C47686C3D8C9499BD56
:1009E0004BFB193D892A283E10DDE13D0E51033EA7
:1009F000F2F6A53CB62E09BE7842A5BD09C9053D53
:100A00008CEEC2BD4CC1D6BD515A963DAEF433BD3D
:100A1000EF3F693D7304723D898C703DE473A63CE1
:100A200076046BBDD3914BBD6E70B8BDD09990BCB0
:100A30004AB5E43C25F1873C050D0EBD0F336ABC79
:100A4000005613BD9410C73BFF6DE8BDA6310E3CA8
:100A5000956709BEE17911BDA2AF2EBD6633973A05
:100A600065CBBE3DBDBFCFBDFB45E63C5598763C52
:100A70002044A83C5093353D692AD23D43D198BDCE
:100A8000F1DE873D3D4BEFBDFD90CDBD1AC05EBD93
:100A900042590D3E98C9793D6E1AA13C0D8C443DDA
:100AA000239810BB70D28A3DD038E1BC89DE8F3BE1
:100AB0009BE1BE3DD7ABE13D228E8A3D36F4E93B5A
:100AC000EA68CCBD812FB53D0B15CB3D603D76BDB1
:100AD000C33305BDAB08683C7AFDB1BCF888E6BD00
:100AE00063E990BDC0599CBDD3DFBB3D1291A6BD4B
:100AF000BA44203ED465B83D087EB53CAA411BBE31
:100B0000DD93EF3DC27D403CB414B53DC37F8D3DC8
:100B10000689903BB6F8CFBDC25828BB757C9C3C7B
:100B200099FDCCBD8296013D9EA01D3D056696BCFB
:100B3000FA96BC3D7314F6BC264A013E9D5D4B3DC2
:100B40007D09873B7D773FBDB6BE20BB7FB007BD2B
:100B500066DC78BDE8FBBCBCE4D869BAC131BABD7B
:100B60005C8ED73CB05FE43D07BC31BC576A803B2C
:100B7000FF69663DDDC6D53C2178F33DDEABE13D46
:100B8000621F903D45A4043D390100BE18CF613D70
:100B9000C81C963D3300173CBF343BBD80B84DBDEB
:100BA000137C22BD0423573D40DE68BC97EA2C3DF0
:100BB0003BFF093D1267603D10B26F3D5C022B3D6B
:100BC00086C384BDA3763FBDD58218BE63BD9BBDE1
:100BD000B73DAA3CDEC0E43DB8DC80BD18BAA93DF3
:100BE0003D6A8EBD23E10F3C6159803D28AC5DBD5F
:100BF00009A9753D9A92C2BD34B9523D92C8A93C2B
:100C0000790511BC192523BD527CE43C40981CBDDC
:100C1000F71C123A030702BE780765BCF6BFE73D32
:100C20001B45853C1456A43C58226ABC468B62BDC9
:100C3000400C0C3AC213963D7DFB623DFD44BEBCA8
:100C40008AB2913DC9AABB3C8FA685BD051DDCBCFF
:100C5000175D4EBD4D78A43D3B1F04BE38CE883D88
:100C60001930BCBC1E773C3D7087023EAD37113C4D
:100C70009E1EC03D875416BD31F9A23DC7F3DEBDAF
:100C8000ACA3363E2BFA10BE6361CF3DBC427EBDA5
:100C9000210A5FBD9CECB33D16067EBB40C9CBBCB0
:100CA0009DC823BD79E22ABA5A2C533D709DB0BB32
:100CB000CA03273EAAC60D3EF2C7E03DB65A823CA3
:100CC000760DD53D1259CDBDF102C3BD75FEB9BD3E
:100CD0009E68B5BCD3642D3CA422923D23013EBB4B
:100CE0005899CB3DF1FAA03D9A1A873D19A369BDE9
:100CF000ABD69CB9937BBDBD1B4E923D5BCE7EBEF9
:100D00003EDCBF3C0F742FBE3CED953DE2DCA0BD48
:100D1000E64080BE9827B0BDFBDDF43D7B5543BD6A
:100D2000127A843D4A0993BC997DAA3C0DA7263BC3
:100D3000C851363EDB861FBDDDCC0D3EF21C78BCB3
:100D400018A729BDD17EAEBC29308E3DAB11E63A45
:100D500035F95ABEF1907F3CC3FD9F3D4289CC3CA2
:100D60002162093D4F6207BDAA98DB3CA9BA953DB7
:100D70000D61C13D9A45CFBBC33D1ABD2B93CE3CFF
:100D8000C7A4163D8529DEBD419FD2BC8EC7153D47
:100D9000D2B3123D1E277C3D32E0903DAD0F133C97
:100DA000BEFD143ED4759ABD8157473EC341063DF2
:100DB000FA27703C5D17873E9DE3F3BB734B113EF2
:100DC000F48DFB3D55C7433D4D0E5F3DC00547BD0E
:100DD0008E0D7DBBEB19BD3B0DC407BE4D2E793D7D
:100DE0007A68B53D03607A3D2720333EAD408E3DA5
:100DF0001FDA0B3E507DEABC0A21FBBDCE69983D4F
:100E000070D3F03D890B573D4981373DFDEC58BE0D
:100E10009CA60C3EF2E3B0BDCEB729BD5B9805BEE3
:100E200074807FBB8C435C3D5185973C51143D3DA4
:100E3000AF9B073EBCB8833D3ACAC9BD6A4D03BEED
:100E40003AA8903C6B6DD93CC467AEBD425CDF3CB8
:100E50006361A2BDCED067BE15F399BD77C9C5BD8C
:100E600004D24EBE3913343D29EBB83D33F41EBDD8
:100E70001365E13C08F27B3C995038BEB894993D2B
:100E8000013CFBBD5194923CEACCCE3C52C7293E7A
:100E90005B7AA13DE09BA83CE967953DC778B13BF3
:100EA0001432B83D5FC2F1BD044BB03E6885373D9A
:100EB000F393E53DA370EDBCA51F91BC14C6B33DF3
:100EC000C9DE323E577ABB3DEE728EBD1FD9723DF0
:100ED00093FEC9BDD02099BDAB410FBECE5F8D3C06
:100EE0004BE597BD8C137A3C1C1934BE0841D93DA3
:100EF000F21CE8BD3389FBBAC559C9BC8AA7CFBC6F
:100F00006C501D3DEA3A16BEA7A24C3DC0494A3D71
:100F1000ABDDC5BD233B083EB96CF53DDE9ECCBDC7
:100F20009568D33D7B8316BEB8EB3E3DA935A5BD84
:100F3000092E673EB94FA23C1D3C5D3B689DFFBD3D
:100F4000CF3D8A3C9DEB0C3E2F94BA3D795FD5BADC
:100F5000DFF063BDF4E5023EE02E0E3D1B52CD3DB9
:100F60009EE7933D162425BB5E5212BEC78EBB3C46
:100F700043A5C63D87CF38BD4189B9BD3FE7ADBD6B
:100F80002D0F4FBBCE8EF3BDBECF45BD6607C0BD96
:100F9000B94E1A3D8CF5713DC960473DF0A9D5BDEC
:100FA0004BDBC2BD6466D83DFD350D3D46754B3DFE
:100FB0006F0520BE13E191BD2B94153E52E4183EFF
:100FC0008E31F43DA98B16BDD2E4F83D5464F23D58
:100FD000E97486BD3D9A83BCE31A1D3EB460153D9D
:100FE000D05F633DA2C30CBD09DA66BD1A53ACBD28
:100FF000AC10BE3CEB148A3D940236BD5BD9FA3D81
:101000006BD76BBD08C61D3D9A1C4BBE204B6A3D7D
:10101000ABC418BD36393D3CE823223E292A8CBC9E
:1010200010F34C3DE64C9B3D29491BBDFDD6D4BD7C
:10103000A5A9213DD8D044BC2281D1BA4295DC3D3E
:10104000B5071BBE8D1B8D3CA867B5BD194309BEF6
:10105000E83BADBC24816DBDCB38043DED7965BD69
:1010600095A558BDE125D8BDA7594FBD6F38DEBD48
:10107000E63C823B9676823DB4C3993D3F73353D55
:10108000AF86BBBD8155A93C5FC42DBEE465CC3D98
:1010900007A43A3D3E67083DB96F813DA4B0193EB3
:1010A000BB33443CE83FE53DBA6C183D05B4833D95
:1010B000B4E65B3DFC6125BEA14EF4BCEA77A9BD58
:1010C0001EF717BD6AC9803D5C023ABD05ED9E3D25
:1010D000F92CA83D37B1503D9EA946BE07BF983CAC
:1010E000685064BD2276323CD40AAA3C0A2A873C66
:1010F000A16B0D3DC9358B3D736F183C6126D7BD83
:10110000CF3134BC84824ABD47AD9A3D043B053D96
:10111000227A423DF2D6C5BD68EC973D108B3CBEAD
:1011200052CD05BE5361893E62C69CBDB94D11BE0C
:10113000D5E8B23DB4C9D93CA88AD8BC586BDE3BCF
:101140003E49003E995FEF3DDE9CDE3D1B8B173E26
:10115000912487BD1BC2FB3C0234B4BC24F28A3DFF
:101160000469C5BC7328AA3D867CA2BC45CEA7BD38
:101170002EEE263E841AFDBA037943BD64CED93DD6
:10118000821F623C6BC3123E669D09BD9A6D953C01
:1011900022238A3DE6B7EBBDBEC7F83C76890FBE79
:1011A000DBE70D3E1968D6BC8ABC013EBD9F54BD2D
:1011B0006BE23B3E0AFDE13D13EB7FBC6F8A073ECD
:1011C000011066BDF03D4F3D87B8493CA3EE23BDFD
:1011D0009A614ABD70E6AB3C05F48ABD41001C3EF5
:1011E00077926ABD4056E03B7E0CDF3A2E9730BEC8
:1011F000B5DC293D3CB8413D4831203C6CD1B6BD01
:101200007A39CA3D69F2D13DD8199FBCDA8E3DBE0C
:10121000C6B3623D512220BE83264BBDDB7DE1BDBE
:10122000C86EB4BDE41C323E1B8E37BCEFB9113E14
:10123000FF871BBD5CAE03BEFB96A5BD11C5083D77
:101240002AB398BD74AE0ABE0C03033D942C653CD2
:10125000B35B73BC8829BCBB3F42F43D8F82B7BDF2
:10126000541A56BDA6B826BE3088EB3C7E66073EB3
:101270005491313B5B80973D4EF3EDBD531E39BD1C
:101280002CF6BF3DBDFD5B3E8878863DDB815F3E31
:10129000D485B73D50571D3BA8BE82BD23CCFEBCB4
:1012A0003A1BD63CFFFA00BEB16BCC3CF108AFBD97
:1012B000CDC85BBD70AC953D5B471ABE72F4B53DC1
:1012C0007F790A3EEE4708BED70D3BBCC8435D3C64
:1012D00044005F3DA6D713BEAAA1F4BDE61C1F3E85
:1012E00086FF2E3E5F79643DF74BB2BD8D1714BE6D
:1012F00001F6463D225DC13DA30ED6BD207431BE30
:10130000B8EFABBD7D79A33D207CA23D86E3CB3C0D
:10131000E335253DCC29933D2658ACBC18A2E1BD50
:10132000958D7EBDAEF1873D70B0A3BD373DC6BC87
:10133000A1671D3C56C5A43D6E4E8F3D56335B3DA7
:10134000C75FC3BD3075B2BCD905973D4612E33CBB
:1013500090859EBDCC6E03BD0C3A34BDF4FE1CBD21
:1013600062152BBCE3EEEF3D0814D53DC14879BDB5
:10137000C873FC3D2E57FD3D05BC3E3E1E2D143D61
:101380004A59903C7A7C4FBCC8B51FBD1B54C23C27
:101390005CD9BE3DA7FB343D24BC613DA52CCFBC30
:1013A0004C414EBD20A6293DCA726F3D1BC7F4BB00
:1013B00000B8A33C8C8001BD9B4A8F3C5F14B13DBB
:1013C000DBCBA03DCE9B90BB6DA21EBEE29B5F3DE2
:1013D000BC900F3E48ABB33C25C46FBD64F9223DC1
:1013E000A8D2B0BC8128193DB6AB863B5C04BC3D9D
:1013F0001ACC14BE093D693D70CE8A3C6773533DDB
:101400007CAF6D3CF3B1063B0824AABC5B28DBBD76
:10141000817C1FBD0FB4AEBD0F470C3D54614C3DE8
:1014200072E588BDE29D693D27EAFBBB76702F3DE2
:10143000C6A964BD17F7BF3C28345B3CEFBE5EBD58
:1014400074AB1B3BAF3DEE3D0F6BED3C2DCD38BD7E
:101450002887003D81C6E03D549C3D3AE10F0F3D99
:10146000D65DF23DA3DBAC3CBD6A0D3E5D29083E76
:101470004E1705BC6581CD3B933C6E3C3420753DD9
:101480003B5FD03DC32EAEBDB7110E3EB74C3FBD46
:10149000F25819BE08B92EBD487E1BBDA399CFBC1A
:1014A000EB42853D111F7EBDB54AB2BD7F91953D92
:1014B000526C0E3EB5286B3DC9908B3D2719CC3D33
:1014C0003A65093ED4A8E33CB54E82BDA240B03C8B
:1014D000DFA4733D75ABC13D8E231C3E9E46EF3CA1
:1014E00092C2323EB818BC3C79A3813D78BD10BE93
:1014F000109CAEBCF6D3203E4B2046BB0E3E4CBDEE
:1015000070BAACBC28BA5CBD19283A3D8366D0BC21
:10151000B270433DC36BCA3D95360E3D1EEF9E3CF7
:10152000805CC83DE011EA3DDA9C823D32421C3EBF
:10153000FDCB2F3D68CDEB3DCE1F083D888D973DFF
:10154000FC01933D8D77D73C390837BC7944993DF0
:10155000D776C8BD8474D73CA01D7ABD130835BDAD
:101560000E67EDBA5DD7B7BD2B3228BB0311A8BCFF
:10157000A560BD3D9733183E42C59C3DC15B963D7D
:101580003C1C973D3E76D6BD87C12D3EECE3DC3D4D
:101590007C96033DD2D71DBD8B51EFBD31E220BDFE
:1015A000AA6E033EA2A823BDF9EA9E3DF46FDF3D7B
:1015B000CA75663D8DA9C93C2C32C03D56C4F13C6C
:1015C0002EF98F3D59BC003EAD21D1BDB50B933DE9
:1015D0004DB116BD0AD7F6BDE3BE103ED459213E2B
:1015E0000891A5BCFCE9F83D3FE7233DE8DBC5BC1D
:1015F0009DB4B1BD64BEADBD6361B93DA795193E53
:10160000DF225A3E8F2E85BE25C142BDC9A7F7BD38
:101610006A4F4D3EE32BAEBDBD901DBE1BD1023EB9
:10162000CC5E673E50647EBC4DF56DBEDCB95FBEDE
:10163000104A12B92D37773DED42A83D90F802BE11
:10164000675D6A3B9FB2573D3075153DB4DE7ABD8C
:1016500060AD11BED564883DF2810C3DB8BC953CAF
:101660005D75F73CCBB7E73D9D6A6B3D2B65DABBFB
:1016700088BAF4BCF3B010BEA970D93DD91441BDED
:10168000A6D0C1BDBD52BC3CF1729C3DAFB53CBEC5
:101690006F5B673DDF050A3E7B598E37CC12BDBDBF
:1016A0007186ACBDEB75C53DA9287ABDDB0C86BD46
:1016B000229A063EEC1ADDBD55037D3C2CC05B3DF5
:1016C000AF28E03D024EE0BD0F5C193EF31016BEA0
:1016D000D527C8BDEDF938BD4EDC16BE379D24BEFA
:1016E000A1071B3E762A0FBD2DB4F4BD81B516BDF2
:1016F000F2F7CEBCBE06293E84423ABE3BA93ABEB2
:10170000597BE5BDD28C133E9A09A33D13D4083E04
:10171000BFBDCCBCEA42803DFC9CCBBDFCCF51BEE2
:101720007BF155BD0FB31E3C5A3CAA3D44876BBCB0
:10173000287D953DDEDF7A3D35059ABD854B713EAE
:1017400078203C3E8F90173CE4AE11BE6224B8BDB9
:10175000840F1CBEAA5EA0BE07CD9F3DA2129A3D7B
:10176000A89BA53D66FF54BEA49FDABD202DF93A83
:1017700010F3B9BC42C8373E7AC4E03D55A2193EC9
:10178000727E11BB23F36DBDD57ED63C8938DCBD9E
:1017900063A231BE386207BEDE08073ED6743BBD89
:1017A000FBC749BD2201E0BB607D0C3DFCF41D3E42
:1017B0004EF2A5BD668B583DF7A9FE3D32D13EBD28
:1017C0003FA27FBC978ECEBD378EF6BB75905A3D3B
:1017D0001EA3963D535383BD8BC88B3DD886223DB7
:1017E0006C1BC93D28DD043EF45D223C6F422DBCDC
:1017F000745F1CBEBC5F74BD4D44203D5CB2753B44
:1018000061F1F2BD9EA54F3EF6685FBE61C0753DB9
:10181000682DB5BC26F396BD62997A3D57D702BDB7
:101820006010CA3C61DD153B39D772BC6E3D983DF6
:101830002785773E50B915BE2A9B1EBD39D32B3E56
:101840003BBA37BDA7360BBE601F9CBD4583B33D79
:101850006DDB64BEAE4CC5BD8F7780BD69BD0B3EF0
:10186000EC760EBE5B9D0ABE28CD83BB9BCB0FBE24
:10187000C59E273E17A4093D8162803A0EB245BE3F
:10188000C4943FBD1292CD3D1B149FBD16E6EC3DA6
:101890009769C1BCD9D249BE1B82B23CC514C03DB8
:1018A0005929783DC28D44BC3DD6573DE858883E05
:1018B0000DED423E97AB25BE8746A43C15930D3EE9
:1018C000F70E8E3D28C87DBCBE8C193D8F9F483ECB
:1018D00075473DBA92DF44BD1FD48C3D99D9C5BC34
:1018E00089F37C3C6759F3BCE6D16FBD4B7D2E3E3E
:1018F0004CE56ABE36ECC2BC29EC5CBD8D045A3D99
:10190000AF8D6FBDD995133EC10F66BEAEB7B03D6A
:10191000BF4658BD669D1F3EA7AA6BBD3AFC0EBCD4
:10192000B6A1E23DDF25E73D15E2D5BD311C2E3BDA
:10193000F9BEF63D16B4D3BC318680BD502227BC1B
:10194000D48016BE7C689D3D0DB41FBD223E4BBEAB
:10195000C43890BE35740EBB91BBC33CDD7C083DE2
:10196000754606BC207670BD0116A7BDB92FE0BD37
:1019700080D0B83DB885B1BC4764633DBC61243DAF
:1019800039E982BD7CC81A3D98FE8D3D30701D3E00
:10199000D409E83BADFF3B3D91B794BD8DF1E13DEE
:1019A000461D08BDE7C3D33D3F5F62BDDBAC133EC0
:1019B00097C9C3BC748C4F3DC1E4BBBB5AFD39BD54
:1019C0003E8C3DBD5C622EBA3034FDBC5EB3A33D9F
:1019D0002EA9B63D8DB7C83DBD0B64BDBCC43C3D12
:1019E000AECD53BCC2EF9A3B20AB283EC6D890BDCB
:1019F000B3A3B5BC865E393E6DD873BEFA62A5BD91
:101A000004C8023D9E7D9BBD7A1C4EBBF835433E0B
:101A1000F9D6E1BDC2BCA43D6B01C3BC1B39BA3CC5
:101A20000369543EA0B235BD4CA49E3D8E73A73DC4
:101A3000A12BF1BD8139973DD450A03CD69784BEEF
:101A40008CE74EBCE980043E9FDCFC3D19A905BE35
:101A5000598B3F3D6B1083BEDA27B2BD9B9AB0BB5A
:101A60000C06F23DD28B84BDBB6C42BD4FBD14BE93
:101A700019D904BE6F9B673D9FB945BE58D4DF3D61
:101A8000207BB73D4C7BCB3C1540473EDC4274BDD0
:101A90003028313DBF27D4BD614E113D0F4BE5BC11
:101AA0003A54DC3D74CD12BE88CD193E0B2074BE75
:101AB000074A4DBDA364A63D9589933DD9A4F3BCC7
:101AC00097BB9A3D024AE1BC86B109BE1C04133E95
:101AD000BD93BCBC4CB8473E84FAB73D71C93ABE11
:101AE0008265FABD5F815DBD564836BD3E0EC1BD03
:101AF000C108CBBD945D313EE1EE1ABE4866C3BD60
:101B0000C9A72BBEEB3EA13D7AFCFA3D82A14CBD9C
:101B10002DA399BDF14F1A3D3BE76F3D4211EDBD3D
:101B20002CE045BDABCACB3D2E53513ED688013E7D
:101B3000B4EC063EACF7B53D8655B03CE4D51EBCD2
:101B400019CC313EB5CD44BD05DFAD3DDCC701BE8E
:101B50002351EFBD4EDF6ABD73A4E13C69C4FBBCF9
:101B600012C2903D7EBF88BE5CD8ADBD7B2512BE43
:101B70002FAAFFBB871FD93DA2D1A4BD0795EFBCFB
:101B80009D3A4F3B9BD12DBE64CE393EAAAD163C4B
:101B9000C1A5A1BD7B39E5BD7A681D3B2597F8BC81
:101BA000A1072C3E91E2F7BDAD22073D36BF483C70
:101BB000D2A32CBE7E9B183D200EE63D409F8F3D5C
:101BC0001E91DA3CDC4C783E119FEABD449EB83D44
:101BD0007FEF663C05B2FCBD74A3A6BC80974D3D6B
:101BE00043032FBE461BDC3D6372A53D1B49F8BD78
:101BF000132B633D3B54BE3DF0FB48BD793FEC3CAD
:101C0000EB1C4B3EEC08913DE45DB93C0D5E03BE20
:101C1000C81D9ABB78552B3E742322BD48B0083EA0
:101C2000A17BF3BC302C3E3DD33112BE40BAD23D35
:101C3000340D13BEB5B3223D45D0443EDC4C303E9E
:101C40005EDE69BD0C2D98BBC686BCBD51D2F6BD0B
:101C500047CA15BD7FC25F3E181175BD6F3928BEDA
:101C6000F96B5EBDE93F0F3E730019BE4711EE3DB3
:101C7000D7238F3D425AFC3C20D1713EB5524ABC1D
:101C800054B18FBC61287DBD553D07BE2557CC3D65
:101C9000A6316F3E2D0D523EC8211C3DCD5C04BEC9
:101CA00057FB2ABC2E86623D243FF4BB11E1413E26
:101CB000CFF3C33DFCC3923D02091EBEB2C5A8BD11
:101CC000FA865B3E1D5724BE7CF7C2BDCAF366BED2
:101CD0009B3AD1BD9EB64CBB116C40BD33DFA73DD6
:101CE000C135443E4DE95BBD16FEE53CB112B23D47
:101CF000282B6F3E38B4343BD34D7B3E7DFC193DE1
:101D000025DE94BE319DC4BD4F51A8BDE918A0BDCC
:101D1000D8C34B3EC20CDDBD20378FBD32EE15BEA1
:101D2000D9DC16BE3A6CA4BD57F5EABCEE9322BDD1
:101D30007E896DBD4B0C13BDC21D0EBEDC3684BD4D
:101D40000FC0F7BD3527213DD3CD1BBE89A8713DFE
:101D500014A6553C05CEC0BDB69AF0BDA4513CBDFD
:101D6000259D503D694C15BE90A45D3E1C392FBE8B
:101D700026BE053D18D5A9BD9FCED6BC5254FFBD89
:101D8000ADF255BD457364BD6E99743D4E6F27BE6F
:101D90001F9979BDCE0F5CBE39A4A83D501D08BD6A
:101DA000EF6B31BE3FFB793A6BB7183C52260EBE43
:101DB0006279C3BC12BE02BEB8A2253D412FAB3C26
:101DC000A45D7CBD4FEA7EBC1272F6BC3A2CBEBD4F
:101DD000FDFEA63C215DCEBDB37F0DBEE771D73DB4
:101DE000ABB960BD4AA772BCA512B4BDA130E7BCB7
:101DF000E544603D7080BF3D695141BDF26310BC58
:101E0000209513BE3CD43BBD210DC93D80FCC73D90
:101E10008CDB003D5FA7D63D8D2DE13C5E0CABBC5D
:101E200015E36FBCF40D33BD6ECD393E511669BC60
:101E3000E49B043DD30A763DEF7AA0BD94F332BE15
:101E400078C6833E07B2703D54D71C3DE4BB623E6A
:101E5000F515A0BD276F0BBEE43C2DBEF8F574BD93
:101E6000A2B8263C588D23BB3D817FBD03EAFDBD52
:101E7000994D603DF8F2CD3D7D3E6EBE78E943BDA3
:101E8000C056373E218C22BD5D99783E6D21B03C15
:101E9000A2FAA6BDA1A7C8BD712317BE211601BE17
:101EA00001EDED3DD806EDBD8486553D009F513EC8
:101EB0004FB98EBE54AA49BCBA7FE03DD7662C3ECE
:101EC0006ECB1ABD7FB4883D64C9FDBDC7514C3D82
:101ED000E5D60C3EF866F8BB16E5093E8D63C13DBC
:101EE000A761DDBDF975C0BD6036193EDEF79EBD48
:101EF00016EB293EE34C0ABEA8781A3D994B5EBD0D
:101F0000FAA075BE5F93D73D64853B3EED451DBE8F
:101F10001AF42D3D1B0AC6BC96DE7CBC4447D8BAD9
:101F2000E1AB24BD2FE0433DFDEDFC3D135903BC67
:101F30003F531E3A6654E0BC4E0814BDE887C5BD49
:101F40004EEB6CBD728CF43D07EAAB3D0750203E72
:101F5000BC09CB3D6CD405BE985EE53D7F9696BD31
:101F60003210BF3DA6A290BC43BAAD3B6EA3D6BD16
:101F70005D9AE63D5AD7013E629226BE32D5333E87
:101F8000479C82387DC4CB3D0AB0403E357892BD37
:101F90005E105EBE8391B3BD35368F3CDAEF88BBF1
:101FA0002C30943DEF31813DBF8CD9BCDF7DB33CFB
:101FB00041BDD7BDA783693D5DEB9C3D925EF0BC02
:101FC00079E91D3D4D7609BD5BC6413DC016E5BCB6
:101FD0008795F3BD588A75BD9C12233E232D84BA84
:101FE00087DA4DBD478C6D3ED0CF163D7D03D13B8A
:101FF000C8588D3C459D2A3E0E43C73D77612EBD96
:10200000417D8E3E2B3900BE418212BE3BE5A5BD0F
:102010003686163E8CE8EF3C4AAFBF3D3408323E70
:10202000D7731F3E6EC4453E3B4029BEFC5D573D05
:10203000D508E8BDD2F98DBCA3B01EBDD687603EE1
:10204000CCFADF3D28780CBE2B26F6BD84A336BE25
:1020500029C200BE8F8A253EC9CCBCBC09024A3DBC
:102060002AE569BE34E1503DF47221BD96F0EE3DA3
:10207000BEE6A73C4194BFBD30093D3E91D1D53D60
:10208000B6171D3DF916783DFCFA20BDA99719BC7D
:102090006174A03D36C3AE3D2886A53DB662633D62
:1020A00070E7F63D431F5C3E2A3FCFBD6325513E9E
:1020B000F9382A3EE5E613BE709931BE0B92D9BDC0
:1020C0005A54553D01DDE6BC154EC53C1AB971BCEC
:1020D0003BFD01BD271F473BD376113B0D2614BEA8
:1020E000AD01123E4908CFBD27F30EBE78CDE73DC6
:1020F00040226A3D305C8CBDD0E5E7BD94D5223EE0
:10210000DA98FEBD034EE83DEC490FBD25E21D3EC9
:102110008670843C8067FABDAE93143E280BE9BDFF
:1021200049C210BEBDD6373C2453E3BD0D1A15BDC0
:102130004AEE3E3D78BD51BD29AABABD92DE493E68
:10214000C00193B966F2B2BBB3743E3D5164363EF2
:102150007AC8B1BD9C424FBE30BFD8BD0337B0BDB9
:10216000820F643E5908ED3DBE4890BD4FFB443E92
:1021700067BF2FBEAEE8363E344F01BE6F997B3C41
:10218000511B40BD1A7E30BDC127533EF9C3093EE5
:1021900031B9BA3CE6C4CD3D492A063E96C1E33D7D
:1021A000ED7F223CCF76CCBB430D433D07A2803E62
:1021B0004FB697BCED85C03D45EC30BEB5A46BBDB8
:1021C000348684BD573635BECF36BB3C47BE423D14
:1021D00052CD833DEAAEEB3DDD834CBD1EAC483EA7
:1021E000F8C3143EF35564BE0B78FEBC60D353BBFA
:1021F0007AED0F3DCF9B02BC535E083E0DFCDA3DED
:10220000D9449ABD239CA9BD19731FBE29D022BEF3
:1022100097A7383EFDEC2ABE65B3173E59199B3D82
:1022200009A6653DA4FFD93DBE0E2FBE57AA5BBDD2
:102230009990FF3DF677CEBDF473213D601CF13CD3
:102240006FF3473D344BB5BD329B2BBE83C6623D19
:1022500018FEE7BD018E8DBECF9C69BE49FAB7BDA1
:10226000BE858ABDAED59F3DE242BFBD01635F3EE4
:1022700068EDBFBD687E64BDFA4F4C3D43F4EA3D56
:1022800097C7853D923ECC3D84CD4C3C8A58BFBD1E
:10229000F3AA55BD16C9E03C6108E73D78EA6F3DF9
:1022A000FA4C333C0CD2733E036FDEBC68805ABDDF
:1022B0008D03B4BDF9E36EBD212824BE4797A0BDB0
:1022C0009D677E3D4F676BBE17C1EB3D92C2A4BEBA
:1022D0006680863DEE1B133D803E76BEB8D08FBC37
:1022E000F93C493DCC3D953DD13275BE8570603D90
:1022F0002B27CEBDF65AB3BD3BE2D13DB6C72BBEB0
:10230000A32905BECF02103E28A5AABD95768F3C15
:10231000C9EB3D3E8BF598BDCA89D4BD51D1E0BB18
:10232000B20CC83D3550013E75962DBE94D1543D3A
:10233000EF7E0C3EE6DCD9BDB384B7BDF24F6E3EF6
:102340007007BCBD7240F73CCEFFD83BBB719A3DD5
:1023500072251BBBE0ECDDBC525C38BEF4DC993D61
:10236000965BACBD2832ADBD729BDD3CB68386BDAD
:10237000FBC0283E29EC313CD9139F3DB68F8A3DE6
:1023800059599FBC5AF6EE3D4DC905BE41CFD93DC6
:1023900021EE1ABE3D6C35BE3D9C9C3D77E69DBD51
:1023A000ACE6483D9BA5A53DC98A35BDA729FB3DA7
:1023B0008020DE3D276566BDF11C743C1109073C99
:1023C0000A9019BEBDCAC9BB93219BBDE7F81BBCCF
:1023D00068DEEFBCD03DB13D08BB1DBEEDBDBABD52
:1023E00099C6923CDB47133E04A8263DCAAA4C3C42
:1023F0008051D93C0909A53D3C50503DC1FCAC3D44
:10240000769745BCD94B19BDF57B6FBED2AFAA3DBF
:102410008C38273EEE59AF3D487C233EF9BF773DCF
:10242000C164293C4FF73E3E3D68B7BD3E11A6BD95
:10243000F89E7ABDB671253E46C4DDBC0CEB983ED5
:10244000956C11BEE22800BE1CD49D3D9DFB26BEAE
:102450003ABD663D502FC53DEFECC1BD17F69C3C23
:102460006769CEBDD3F70A3D47BCC53D95600D3EBB
:10247000A22084BD11C5AA3C7C086D3DD0EA0A3E6D
:1024800092E6AD3D8656033E75421B3D9ECB0F3E08
:102490001B94673EBBE618BC716ECC3DC1D8D1BD64
:1024A000F5DEA4BDA93B4E3EF5FCC93D0548B33D54
:1024B00097E2EF3DA04ECA3C3DD5BA3CFF39A7BDDF
:1024C0006AE1823D2EA0EDBD9DB5A13D941726BDCC
:1024D0004CE8BA3DDD48C7BD388D70BC8009F43D7D
:1024E0001A9F343E8257803C9E3DB7BD136C883D99
:1024F0007E67B1BC1CBD36BCFDDC3DBE1C86973D75
:1025000078E897BB352EE5BD2B0A27BDF3D00D3DEE
:10251000950B20BE473399BC8CEC80BDCAC4B03D3E
:10252000FC60153E853C6ABDD6F1163C17F5D13DE1
:10253000D032B1BD4D8CCF3C3C1CC8BCF415953D90
:102540002F27F6BDE001EDBC1A5B233E7C9480BED4
:10255000B7BD6CBE15003D3E0E20EEBD430A11BD59
:102560007791D93C2DAF483D4D4DE6BD03DBD1BD44
:10257000F9180FBE165A1C3E367EA03D0C8BA93CA6
:10258000ABCB98BDBC47143E89E8B0BD95C8133E9F
:10259000CBE282BDC87FA13DC7DDCEBD5832133D21
:1025A000C86FB0BCA26ED43BDA0B043E812DD83D7F
:1025B000FB81633D07652A3D89FE173E160E413DAE
:1025C000DB85D23D9EFAB1BDB393F63BB93A833D6C
:1025D000E9123E3E8174013EBC42133EC28170BE90
:1025E00063ABD03DEBF9E3BD8AD3EC3C8A84CF3BAF
:1025F0001107453D80D6D4BD7F2E503C9DCDFCBCFF
:10260000766FD6BBF66A16BE38D20A3E043B00BED1
:10261000C9F3F8BCB45382BD77258EBA9C3F173EF0
:102620002052BA3DD13A89BC9C828D3D8FC0643D19
:102630004BA8393D28B8523D078C053EEDBC43BE42
:10264000F7EB703E6F08A23DF7B90EBE8CFFAA3DB6
:1026500079B9A13D487441BE22422CBD023406BE68
:1026600078B2183DE40282BD387ACA3DE80D63BEF7
:10267000C1B9DA3DF53B3D3BA5B593BEAA853FBE4A
:10268000CD873E3E3D553DBEE96C613E9E56803D48
:102690006FBFE0BD923388BE1D512CBED0F369BE22
:1026A000780E483EDA261DBE70053F3D096785BDA0
:1026B000140913BED621E13A6090313EA4005E3E7B
:1026C000CA65B43D0E2E483E673D52BE2581D4BD3D
:1026D000A1AC343DA96BD0BD5BFB54BD5D1E873DF5
:1026E0007CF54BBE36C4053EC6BF9F3DA50A0ABD5C
:1026F0000B273E3DCD57723D7B9B433DC053AD3DC7
:102700006F696C3DCD6A773DC0C19BBDD76DCFBDB4
:10271000D0A35D3DE99A143C005ECD3DC1B80C3EAE
:102720006540013ED8FCD8BC9A8F70BE8E6139BE20
:102730004780D13DB74A06BCCE6907BECE88623E0F
:1027400077F0F23DE7F27FBDD26D133C43225B3D53
:1027500003EF0CBD89A5ADBDCD1CA83DA8789BBCE1
:102760000E804EBE5E84DE3DC424B6BC6364ACBC49
:10277000A806393DD2CB513DE8F25EBDC6F12A3DF7
:102780008459933D4FAA003E421A9A3DF1321B3EB6
:10279000270FA03D86A4493DCC53AEBDE20F723D4C
:1027A000098461BC91D7C13D40422A3D67CFA2BB9D
:1027B0004229263EAE5C0B3DF1F8A4BDF7F2BD3CCC
:1027C000548FA83D33492B3D115F99BDC2734DBE57
:1027D000E15617BE5C2FC33D537C09BE5642A73D50
:1027E00013FC56BC26BCCCBCCC7A04BE9969E1BDB6
:1027F0000174A03DCD318F3CFD8E063D0E5C17BEB1
:10280000107AD3BD97A908BE758EF9BCDE4078BC9E
:10281000DAF5483E95E289BD175E163EC3A2A0BC1C
:102820004F3EF03D2E9A02BCF1B4AA3DD43080BC9C
:102830009356B43D756E933D91FC9EBC63A346BE1A
:102840003B21C03D696EC53D1D890B3BF7BC473E32
:10285000F5C8003DD79447BE066158BD1A10C5BDE6
:10286000FD29A43D9F4836BE499454BDAED4AABDAF
:1028700051EF0F3E71A6B43D7F0F68BE3ED32EBE12
:10288000084E9B3DDAEC14BE660980BD4E89F1BD51
:102890008C6629BE778931BE5EB3B3BD01A089BD08
:1028A000FE7D2BBD2306B6BD7A1523BEF9FFB53DCF
:1028B0007E9199BE194130BE65E0BABB88A590BC37
:1028C00084A0D13DA558D4BB809C93BE1196CFBDAA
:1028D000CAA5803DEB3A8FBBF804EE3D8D3EDC3D52
:1028E000213706BEB6CAD9BCF43AB33CC6A4B2BDC1
:1028F000AB66BB3C57FE0B3EF7ADD8BD6E56163DE2
:10290000D7C7F83D09B932BE1E57B63D1546FF3D43
:1029100007C468BD1496E23D6148B43D0A023FBB5E
:1029200071827C3ED0B82D3E78D31C3EA8BF803C3F
:10293000BAE684BDE026403E92C6213DEAC6C0BE4E
:1029400087453F3E1458983D914CEA3D4C8936BE30
:102950005766A3BCA82AE7BDD8A08339B8DE99BDC5
:102960001927B2BD8C6360BECECDF5BDFC71A7BD8D
:1029700014ABF63DE392B03C63269DBEE0FE9ABDEB
:102980001B42163EE359BABD30AB1D3DA367DF3D88
:102990000ED9843D5834C7BCF429C6BC269F713D6E
:1029A000B0AF483ED863A53D2DC333BDBFB129BEEE
:1029B000DBC01ABDA025B83D608F7E3D8A442A3E0B
:1029C000AAB9613EB73A5F3EAE646CBD2A300DBE17
:1029D0000FB34ABD8A7FD83D859084BDF1F6E0BD36
:1029E00076742EBCF75D043EDD19F23DB3FF1C3E4C
:1029F000BD707FBDFF462F3ED6A3C23DCC12BF3D6A
:102A0000992A4F3DDE20E33DAE9C8EBD618D953D04
:102A1000E5FC993D16A44C3D45B1F0394CDE033D33
:102A2000E48ECBBD813F343EFF7D64BEEC58D4BC08
:102A3000C24C743A4BA42A3E48194D3E7AE6E83D12
:102A400029229B3D7431D1BDE862BEBDF3B9BD3CC6
:102A5000D3D089BD80E0303EA3719EBC1856963C11
:102A60004C87953D434FFF3D0B4637BC53C3793EE2
:102A7000B836543D67C6B83D89202C3E6EEEB7BDD2
:102A800076FF953D24DF1F3D5AAEC6BDDA82DD3D9F
:102A9000733B9B3D4391273E2D2B9ABC7DE3C63C67
:102AA0004F846E3D09CD413B6198ACBD50DB0A3E81
:102AB0007B96AE3D47E428BDE0472BBEF30BEABD55
:102AC000AF2ED03D4A5CDFBDCCEFC93D5EC619BE1E
:102AD000FD67CBBD35C31EBD5E39BF3A3E5D85BCCB
:102AE000446C393C4B133ABD6770B0BDACEBC1BC14
:102AF0005E181D3D11C7653DDA2CBFBC1DAC54BE30
:102B000062E06EBE4DB63A3EDF8932BD7950723D0D
:102B10001E69A13D0C4131BD2DDE04BD79139DBE62
:102B2000737260BD1C04123E9B57CA3D08D35B3DC7
:102B300081E1C9BDB356053D4A598ABD23248C3E67
:102B4000716211BEE17814BD4CE314BD8CB84B3DED
:102B5000C2A0B13D5C7A89BE19F6813B80F66B3D1F
:102B60003F5D193EF917BBBDE0D27BBDAC9C88BD73
:102B7000DACCE4BD9776BA3D5379093EA1328F3E57
:102B80004091DDBDF165F33C6D5A803E921B753D71
:102B9000F3C61DBE2DAE563DBEA0923CB773B43DEC
:102BA000642F26BCC4D5C5BDBCC7E83C2C604D3ED7
:102BB000C93BAEBDC197AC3DDCE64EBC628B24BECA
:102BC000DFB004BE884D0BBD533914BAF9E71F3E80
:102BD0004C8CA03DB9D1BB3CFE08123D0F49043ED0
:102BE0006DDC023E42CB7B3E6839A4BDCCEC8ABD95
:102BF000496DE9BC9023553D0C00F03D16B2043EF2
:102C00002494283E4209E0BDDBE42E3CCF6532BD72
:102C1000A377833DB2D6753D7CBDE53BA3C8783E26
:102C20001BBF643C53D85CBD5D94893DC10B96BD10
:102C30008F4BF5BC0DCDC9BD0AC87D3DF49AC0BD12
:102C400057D372BD3C50E0BDDCF90D3D336BF4BD94
:102C50003F7F99BD0752BB3EE3A6BA3CC550263C18
:102C60007A1147BD163097BCBDA4D73D0B7840BE46
:102C70003392AD3C249183B9506A22BDDC893DBDBD
:102C800021681C3EF776BA3C7CC409BEAA6DE0BB45
:102C9000B09FB73D9E1DEFBDCB0105BE5C849ABDC4
:102CA0003C7C033EA08F59BD0680DEBDF641A03BB3
:102CB000A7514A3E784015BEF7F6983D43AB763DA6
:102CC000BA9D8DBD8A780E3DF135E43DE06AD6BBF4
:102CD000957CA23D3173B63DC91BA53CDCE96EBDB8
:102CE000E799613D5C4B12BD131A1A3ED24ABEBD34
:102CF000740B613D2211123C34B281BCEBE44EBD39
:102D00009E9B813D59A6093EFA06553D2F74D5BDBF
:102D1000496FFC3B511AF3BDE9F5FB3C7A6A093E69
:102D200054909CBDDD4605BC3A8405BE569FDC3CF4
:102D30001E45C63B3BAE323B984D323E0D80923C29
:102D400087FE303D8D419E3DEAF96C3D488EC93D80
:102D500031DF023E201C43BBF2F80C3E1790E2BD6F
:102D6000D20DD83D8324A33C16482ABED9A72F3EB6
:102D70004145D4BDE0CBB3BD6C40673D95CB493DEB
:102D8000E330ABBDEE4880BD20330E3E740D1C3DDC
:102D90009126FD3D5641C63DF1DD8B3C370E8EBB85
:102DA000203AE03D22B2573BD53C013ED2F720BE4F
:102DB000AB5E263E78B49ABCD22EFBBD524869BDAC
:102DC000CFAE2C3E3F695A3D8CE4F13C3B2E03BE16
:102DD000ACED58BDA6C424BDDB80703DFA4C513E1D
:102DE0006E522B3EA6BAC8BCB0480BBDD6FCEFBD98
:102DF000842A3FBDDD6B61BBE0A6D13A021D57BE00
:102E000083C1D8BDA43A343EC3C613BE306C51BD95
:102E10001057A4BDBAC5833C1F254B3D5E87A9BD95
:102E20002C5000BD113B093D2C9A8B3D5C81D5BDDA
:102E3000B425F3BCA71CEDBCAFFF85BCF485A53E53
:102E40009F73B6BCA70B05BE867BD2BD4884493DA7
:102E500037574F3D6BD0C3BEF29A503DC9BA183CAC
:102E6000E9B958BD649889BC08A8A9BD9D2823BEAE
:102E7000DE26FF3D7D33E13C9F62C2BD5173D63DEE
:102E8000F44F033D0D41DBBDE40C8F3C18A5993D8B
:102E90003CFC7DBEB79E75BE60DBCDBD00F1B23D92
:102EA000CB31B33D3AB2923D17EA203DE2DAC73D5D
:102EB0009A991EBE529C2FBBFA4B113E76C53FBD60
:102EC000E3B3A03D25128A3D40A4F8BDE932CC3CD5
:102ED000FF0C82BC953AAFBDD35E913D396CA63DE7
:102EE0004C968EBDC628443E0A1D1B3E73BAF83D63
:102EF000D2EBDBBD860818BE585D5BBD3EDB373EBE
:102F0000D734DB3CE9D5C33B24D01C3E95702B3D28
:102F1000E19931BE2860B6BD8C26653D71BE45BDC8
:102F2000D9A497BE836DF5BDBA950F3ED1EBF43DA4
:102F3000EFB1DEBD144D9ABDC5BC35BB095D32BED7
:102F400094A282BE453329BCD5262F3E62BE163ED2
:102F5000ABE218BEC7F8F23E138C71BDF5DB9C3DA9
:102F60005878D43DB879663D6E09BABDDDC609BD55
:102F70001361A0BDB179083EAFC5333EE22E9D3C42
:102F80002C693A3D3815C03D41E13DBEAF79353E33
:102F90001E121DBD8870613D52E0223D3598093EEC
:102FA000D6A3F23C6ADE5DBE706875BDC961703D36
:102FB0000147673D4CC23C3E60A4A73DF14820BD9F
:102FC0006C18213D7FE8083E4BB0E3BC99B07BBD57
:102FD000C9E7A4BD8080E03CFBB1DEBB12DD023E50
:102FE0003F3FA7BD0ADD48BEBC12013E8CBD86BD79
:102FF000864726BEE64664BD2FA64E3BE199243D9A
:103000007B3ABCBDD0CFE5BCF78CA23D793D5D3DA0
:1030100080B19E3D240A653D7764E2BD632D96BD77
:1030200048CD11BE989E04BE931E513EFF861E3EA3
:1030300099EF98BC6BB0C7BD7D77713D472822BE24
:103040005835CDBD143ECFBCB4A19D3D23E0ECBCB2
:103050003EB486BDDAFE9C3E6C94AE3D045D4EBE31
:10306000A45E943D48D5D7BC7A61993C27345DBDB8
:103070005BC158BD8C3EBC3C09F3273E8652063EE0
:103080000245063D31C10DBE861610BD8286003E4A
:103090000721503D77D9903CECD7ACBD7CFAF6BC0B
:1030A0001B80B8BD430CF2BD1D41D83D252208BE92
:1030B000081FFA3D561600BED407203E4FA6C9BDD4
:1030C000DA758B3C42EA4B3ED224883D28FC4F3EC9
:1030D00015E78D3DBDB7B73D4BA21ABDAB9D74BD85
:1030E00045E243BD4D40F03D8F300D3EA2383FBD1F
:1030F000ACC6813D0035803D1D8BEB3CFB1BE0BD2C
:1031000052B9F2BD2D97203EF66A19BEF72A833DCB
:10311000A59617BE359B9FBD8A5E06BE117391BEF4
:10312000D1DB183D5F10D5BD1A2494BD631F8FBD40
:1031300051A9E2BD60932BBE69A3EABD08250A3DF3
:10314000E1A5C4BD3205D63D3928113D1C353BBE35
:10315000AA3204BD3438D7BEED78EE3D6B1AB0BB51
:103160006EEB873D89D83DBDACF39A3D57F8B23C34
:103170005707FBBD3810DFBD443027BE4564083E0D
:10318000763A88BE1718C9BDD3F2F83D018B30BD21
:103190000E3ECABDDEDBAFBDCC486BBDD3C3383DF0
:1031A000B2C063BD8A884EBD4487D03D2BD42D3E2E
:1031B000E10C803DC2BBEA3D0BEA01BE31D14FBEFE
:1031C0007242023DDB094EBE93C793BD01B25DBDA5
:1031D000D7410A3ED8DB013E553988BD434C393DC5
:1031E000B5F1B0BD5591A8BCAFAFF5BB21031D3EF5
:1031F00005D0323D6592093CEBC28FBD50FFCC3CFF
:1032000075A98FBE1E52B0BD503B00BE7880DBBD9D
:10321000FC12E13D7B4F273E92E4253EB08D35BD4B
:10322000DD7DF43C71E8983ABB91C63DCF671D3E09
:103230006674603D4873233CB305F63C3A627DBD3D
:103240002423713CCE1ADABAC95615BED88590BC73
:1032500005E305BE772599BE9DA82DBD6115D83D16
:10326000A77BB13D51E1A3BC0A1A73BD1DB75F3DF9
:10327000080042BDF27F593C5FCDCCBD66841ABECA
:10328000A721183DF0B7233E677C823E09BFE33D8E
:1032900071D3C63D523AD0BDE2110A3E43F39CBC05
:1032A0000681363DB9AC163EF7C380BD06C3CD3DA1
:1032B00094671CBEB629A5BD0B91D2BD46012D3E1B
:1032C00063D42E3E6194ABBD5C4A06BE956E34BDA0
:1032D000CB5EF23D473F603D935ABEBDC1E6CB3D5C
:1032E00008BF403DB8A01FBE7591FA3DE60E463EB0
:1032F0009F62C1BD0B0530BD8257123C57D5343C8F
:1033000021C3603DD66B83BE96122C3E83B3B6BDFF
:10331000EFEE223E7BBEB1BD6235A43D72BF39BD2A
:103320000A88B23D49B0B73D36C387BD8D36F03C03
:10333000E029E7BD07C47EBD0C1DE73D4468ACBE77
:10334000AB8E0A3E6C38213EFA9904BD48B0F23C7F
:1033500023BD893DA29BFD3DDD2CE2BB6C7490BD7D
:103360003521F53D3CFA81BD6AE7D4BD3FF74C3EBF
:10337000D51F92BD9EC6193DB0CC08BE495FB73B74
:10338000F943B93DE739EE3DAC7D133D0D840FBEE9
:103390003023583EDFF8073EEAC51E3EEF2398BDB6
:1033A00038D7DDBDD55E1C3E3E445D3A960A54BE1C
:1033B0004A5C083D6850843DD4F5213DB9C569BDDE
:1033C00080E8A4BCB328323C331F7AB8ECEE8BBE45
:1033D00025C9313EEF9B5A3D7FA20ABED8DE44BDCF
:1033E000EC83C83D6DE00F3DDDC621BE61EC6B3C5A
:1033F0007389BB3DE6B461BD394F623CB2BACDBD05
:10340000ABF0D5BA05757EBEE02AC13D6C9911BE00
:1034100057851F3E1F0CB3BDF18726BDBFCFAB3C08
:103420002064073EDC660D3D257CEFBC110110BE1B
:10343000545CD53DC1A98FBDB3C604BE73C4DCBD09
:10344000F5E7C03DF7B284BD0A0335BE7CF5AA3D61
:10345000418D483C906A1B3C030106BEDA0B6BBCF5
:1034600022FF25BE50C9B33DB82F0B3E618F7E3D74
:1034700057A7483D65DE90BDEF2400BEF5C06B3C0C
:10348000EC7806BE92C930BDA339113C515440BE00
:1034900006131D3EFEB3323C49D8D4BD064F8ABC4C
:1034A00052D457BC6AA97C3DE10A38BEC81A52BD45
:1034B000F81A6BBD51272FBE8B9A1ABEDACDAE3CDF
:1034C000E91818BE6A1C19BD09E9AA3D522573BD49
:1034D00033140BBE4515E9BDB1813FBEF5DFDFB941
:1034E000F912CC3D0ED796BC8A0EE9BD35B1DA3C57
:1034F000DA66073DF15DE9BB10EBAA3DFBD80FBDD5
:10350000AE04EEBDEE0700BEA76422BDD1F319BE26
:10351000FC62493E587F193ED0C3143CB1FFDE3CEB
:1035200094F3063DA2028ABD547434BDA7EFAC3DAE
:1035300048123E3E9CB0BD3D1DD1CD3C5023E2B86B
:103540006A1A273E9EDEC2BC06AF9DBD824D173D66
:1035500085F4EABD622B23BEB1D11DBE9FAF663D8F
:10356000E6CFC83C864819BE85D718BD649D5EBDB0
:103570008A4F44BDBF318E3D8270E6BD20A653BE4A
:103580008D0F4DBD0DD45A3D24AE0F3EFFC5B03D4D
:1035900000FCADBD8C759FBD9701E1BD40B03CBE48
:1035A0008948413D4709613D1740B03DBFD6003EC7
:1035B0003299AABEE5D2773C7E3C953D5E5749BB29
:1035C0009F6E983C3EE8013E4D65D5BE8B20603C29
:1035D00045C07C3CBF9314BBAB1FBFBB754F1B3EAC
:1035E000E80E3A3D5A711CBDD02756BD88225ABDFF
:1035F000CEB4013E1A37B73C3FF5A03DEBE9A93CFC
:1036000052778EBC82071B3D142B6B3D807685BDA7
:10361000EF158F3D8C408CBD1B20873D55BB8B3DEE
:103620001B9136BDDAB6B23D4188E03DE5D3163E8A
:1036300065C00F3E2B1C0E3E803BDA3C942DD23BE6
:1036400086DB0CBDADFAEB3DC653133ED8E6013D1B
:10365000D719043D78828B3DB581C13B7EA20E3DDA
:10366000903415BDDA64D23C7856F43B6C06323D9A
:1036700030EB323E3F8A453E5ADB31BD6BB957BE17
:103680007890C2BD63FF353DED1A333EA5D128BD0C
:103690008202FC3DCAA6BC3D51F658BD0F356B3EBB
:1036A00072737C3E6864423EE929F5BDE845893D78
:1036B000B9E73E3EC0223F3E8E1E7E3C14CDB33D58
:1036C00036FE1F3CF84B883D11E51EBD914E6F3E06
:1036D0007DA289BE93B869BE8260B3BC9DCC173E03
:1036E000BD454ABEBCC28E3EF2D3C73D5779D1BD5F
:1036F0006C7B303E55140BBE32C7ADBCC5F918BD4E
:10370000ACCDA7BDF072823EA42F2CBC8AC4073E6C
:10371000CB2D90BCD5F38DBA311E813E2A2C4A3E6A
:103720004A5750BEB63AB63C5AD11E3CBC64A43C83
:103730003A98023D67618E3D9EB7DB3C48CF163E0E
:10374000E934E93D21C04FBEE2BE113EDD0F93BD1D
:1037500050762C3BBAB516BE3F062C3D7B479A3EB1
:10376000C8213E3E623B8BBD3D53FD3DB17EF73BE4
:1037700043B737BDA2F0523D1C7EB43C1CE64A3E26
:1037800017F3503E861B87BE9883103D53CF8F3E64
:10379000FA0B04BDC7D6C1BD03795FBE875B1EBBF4
:1037A00074F8BEBD232A9FBE446F803DC4CE783ED0
:1037B0008A7B53BDCFA4493E1A226D3E117254BE7E
:1037C00095A5A2BE0248AC3DC5C880BE7B9AD03A42
:1037D000CD3DE3BDAD43BB3C96054EBEF26A4C3ECB
:1037E000679BADBB64FF32BC43A9343ED85FE3BCEA
:1037F000BFC6813EBD3A1E3E2EBF053E9D97553E3B
:103800001F1C4C3D783FAD3D572586BED40A67BC92
:10381000A4DC87BEA767473E4CC2663DDBEE99BD80
:10382000ABCE253D0D1D793E3012763EB3AF64BD63
:103830004ECFDCBC58A933BE66DBAC3D589B023E84
:10384000E87CD63D939018BC1DA52ABE32F2263CDA
:103850006123BBBD5B112A3CF2956E3E3FF23B3EBD
:10386000A740F1BD53A58CBEAD89D2B93DDA70BE7B
:103870008F0E8ABEB343693E1048793D69E12FBE81
:103880003ECD1EBDD0A748BE5B3A043EBB2CAF3D2B
:103890000A742DBE37027FBD1E34093E883B38BEF8
:1038A000F717BC3D6A615C3CC1E1873DFABA11BDC6
:1038B000BCD1A73B52E4A73D50504ABE3B9C053EBD
:1038C000CE5583BEE993103E7E851EBEC0B8D9BDDD
:1038D0000598703E9499043DF8DA5F3C851C17BD4D
:1038E0008F1B81BE257C03BE1C588ABCBC74193E4C
:1038F0007B4F9FBE40DF78BD13B2993C0F8E90BCCA
:10390000174B1BBEE75D6B3E616DBCBC0DE2F4BDA9
:10391000713D52BEADEF5B3EB9B24A3DF5EF65BBBE
:10392000454318BE81B04C3EF8D7113E092386BCF2
:103930001DADE43D6D02BFBC675D093E09A94F3E68
:10394000314884BE61DF573E1294D63D3A609CBE3A
:103950000ECF013DFA8586BDB1AEF6BDD383C9BC9D
:103960002E3A123E4DBEAD3D61E2723BB6EF0A3ECD
:103970001283CABD518871BD315695BABC0810BEBC
:10398000449DE7BD00000000301000000110000061
:10399000021000000A010000010200000105000001
:1039A00010100000101000000100000000000000D6
:1039B0000100000000000000010000000100000004
:1039C00040040400000000000000000000000000AF
:1039D000000000000104000000000000DECAFAA19F
:1039E00000000000000000000000000000000000D7
:1039F0000000803F0030983F0000B53F0040D73FB7
:103A000000000000320A7E397F661E395B991F393B
:103A10000000803FF037983FF304B53FFD44D73FA7
:103A2000000000006E83F9A22915444ED15727FCEF
:103A3000C0DD34F5999562DB4190433CAB6351FEA8
:103A4000636F6D6D5461736B00000000616374758A
:103A50006174696F6E5461736B0000006465666128
:103A6000756C745461736B00696D755461736B0090
:103A7000706F6C6963795461736B00006269675F92
:103A8000776865656C6C656700000000736D616C3C
:103A90006C5F776865656C6C6567000022636C6FAE
:103AA000636B223A224D4355204D6F6E6F5F4E730C
:103AB0005F476574202F20313030302C2075696EBF
:103AC000743634207573222C22626F6F745F6964C0
:103AD0005F736F75726365223A2268617264776101
:103AE000726520524E47204853493438222C00003A
:103AF00022706572696F645F73656D616E7469636E
:103B000073223A22706F6C696379207469636B2049
:103B100066726F6D2054494D36206469766964651C
:103B200064206279204D414348494E455F504F4CD7
:103B30004943595F4449563B20616C6C2070657263
:103B4000696F64732073616D706C656420627920A5
:103B5000636F6D6D5461736B202831206D7320711C
:103B600075616E74697A6174696F6E292C20616366
:103B70007475616C20706572696F6420696E20488D
:103B800045414C5448222C002272756E74696D6553
:103B90005F636F6E6669675F6372633332223A22D6
:103BA0002530386C78222C22636F6E6669675F63FC
:103BB00072635F73636F7065223A224D43552063D1
:103BC0006F6E66696775726174696F6E20736E617E
:103BD0007073686F742062797465733B20627569D5
:103BE0006C642F736F7572636520686173682073EE
:103BF0007570706C69657320414249222C00000089
:103C000022736F75726365223A22696D63616C6914
:103C1000622F54656C656D65747279206465636F9D
:103C200075706C65642073616D706C65722C2072A8
:103C30006561642D6F6E6C793B206578697374697A
:103C40006E6720636F6E74726F6C20636F646520A3
:103C5000756E6368616E676564222C002273616D06
:103C6000706C65645F6174223A22636F6D6D54619C
:103C7000736B2031206B487A222C22636F6E747232
:103C80006F6C5F6672616D65223A22706572696F52
:103C900064205332525F434F4E54524F4C5F504555
:103CA00052494F445F5553206F66206C61737420F6
:103CB000616374756174696F6E2073746174653BC0
:103CC00020696E7465726E616C206C6F6F70207409
:103CD000696D696E67206E6F74206F6273657276AE
:103CE00061626C65222C000022776865656C5F73E9
:103CF00069676E223A5B5B25642C25645D2C5B252D
:103D0000642C25645D5D2C226D6F746F725F756E1F
:103D1000697473223A22647269766572206C6F67E7
:103D20006963616C206F7574707574206178697354
:103D30002C207261642F7261645F732F4E6D222C90
:103D40000000000022666565646261636B5F7261FA
:103D50007465735F687A223A6E756C6C2C22696D9B
:103D6000755F706F6C6C5F7573223A313030302C38
:103D7000226D6F746F725F706F6C6C5F7573223A37
:103D8000313030302C22696D755F717561746572E8
:103D90006E696F6E5F646972656374696F6E223AF3
:103DA00022626F64795F746F5F776F726C642070EA
:103DB0006572206F62736572766174696F6E2069D7
:103DC0006E766572736520726F746174696F6E22AE
:103DD0002C000000226F62736572766174696F6EE9
:103DE0005F73697A65223A32352C22686973746F81
:103DF00072795F73697A65223A3132352C226163B8
:103E000074696F6E5F73697A65223A362C226C6131
:103E100074656E745F7363616C65223A322C22663E
:103E20006F72776172645F61786973223A222B78CE
:103E3000222C00002264657269766564223A5B2256
:103E40006D6F746F725F636C616D70202872657145
:103E5000756573742073617475726174696F6E290E
:103E6000222C226D6F746F725F72785F75732028D9
:103E700066697273742D7365656E2074696D65294A
:103E8000222C22696D755F72785F757320287361CB
:103E90006D706C652074696D6529225D2C000000D1
:103EA000226F62736572766174696F6E5F6F7264A0
:103EB0006572223A5B226779726F5F78797A2A732A
:103EC00063616C65222C2270726F6A65637465642D
:103ED0005F677261766974795F78797A222C2263E0
:103EE0006F6D6D616E645F76785F7961775F68652D
:103EF000696768742A7363616C65222C22715F4C58
:103F0000342D64656661756C74222C2264715F5671
:103F1000362A7363616C65222C226C6173745F6155
:103F20006374696F6E5F5636225D2C0022756E6178
:103F30007661696C61626C65223A5B2261637469C7
:103F40006F6E5F726177222C227461755F76697281
:103F50007475616C5F7261775F6677222C2267618E
:103F6000735F7461755F7368616E6B5F6677222C37
:103F7000227461755F6D6F746F725F756E636C69CB
:103F800070706564222C226D6F746F725F73656E42
:103F9000645F6F6B5F6D61736B222C2263616E5F78
:103FA000656E71756575655F7573222C2263757218
:103FB00072656E745F6D6F746F72222C22696E660B
:103FC00065725F657865635F7573225D2C00000024
:103FD000225636223A5B226C6630222C226C6631E5
:103FE000222C226C66776865656C222C2272663002
:103FF000222C22726631222C227266776865656CEB
:10400000225D2C224C34223A5B226C6630222C2218
:104010006C6631222C22726630222C22726631228A
:104020005D2C224D36223A5B22444D5F464C222CB9
:1040300022444D5F424C222C22444D5F4652222C9A
:1040400022444D5F4252222C22776865656C5F6C7A
:10405000656674222C22776865656C5F7269676893
:1040600074225D2C000000002273656C656374652A
:10407000645F6D6F64656C223A256C752C227069E3
:10408000645F636F6C756D6E73223A5B226B702296
:104090002C226B69222C226B645F646973637265E6
:1040A0007465222C226D61785F6F7574707574224F
:1040B0002C22696E74656772616C5F6C696D6974DE
:1040C000222C226465616462616E64222C226D611F
:1040D000785F6572726F72222C2277726170222C67
:1040E000226D6F6465222C226B645F76656C6F6352
:1040F000697479225D2C000022696D75223A7B2259
:10410000717561745F6F72646572223A2277787993
:104110007A222C22717561745F737263223A5B2577
:10412000752C25752C25755D2C22717561745F7356
:1041300069676E223A5B25642C25642C25645D2C0E
:10414000226779726F5F737263223A5B25752C2543
:10415000752C25755D2C226779726F5F7369676EA8
:10416000223A5B25642C25642C25645D2C0000001C
:104170005D2C22776865656C5F736F757263655F30
:10418000696E6469636573223A5B312C305D2C2261
:10419000646A695F627573223A25752C22646A69C4
:1041A0005F74797065223A25752C22676561725FAC
:1041B000726174696F223A252E39672C22776865FF
:1041C000656C5F726164697573223A252E39672CBC
:1041D00000000000227069645F73746174655F722F
:1041E00065736574223A22626F6F74206F72206D5E
:1041F0006F64656C2073656C6563743B206E6F2023
:104200006175746F6D617469632072657365742084
:104210006F6E206F7264696E617279206469736178
:10422000626C65222C226F75747075745F72616D9B
:1042300070223A6E756C6C2C000000002274726162
:104240006E73706F7274223A222573222C2275735A
:10425000625F646D61223A25732C2275617274224B
:104260003A25642C2262617564223A31313532304C
:1042700030302C22666F726D6174223A22384E31D2
:10428000222C22706F6C6963795F706572696F644C
:104290005F7573223A25752C22636F6E74726F6C92
:1042A0005F706572696F645F7573223A25752C00C3
:1042B00022726174655F70726F66696C65223A255F
:1042C000752C2272617465735F687A223A7B225082
:1042D0004F4C494359223A25752C22434F4E545294
:1042E0004F4C223A25752C22494D55223A25752CE2
:1042F000224845414C5448223A25757D2C22686954
:1043000073746F72795F706572696F645F75732221
:104310003A25752C00000000226163635F737263AD
:10432000223A5B25752C25752C25755D2C22616341
:10433000635F7369676E223A5B25642C25642C25C4
:10434000645D2C2266696C746572223A2271756113
:104350007465726E696F6E206E6F726D616C697AD2
:104360006174696F6E2C206E6F206164646974697A
:104370006F6E616C2074656C656D65747279206612
:10438000696C746572222C2272785F74696D652283
:104390003A22636F6D6D5461736B2073616D706C45
:1043A000696E672074696D65227D2C0022686973CF
:1043B000746F7279223A7B226F72646572223A229C
:1043C0006F6C646573745F6669727374222C226902
:1043D0006E636C756465735F63757272656E74226B
:1043E0003A747275652C22696E697469616C697AB8
:1043F0006174696F6E223A226669727374206F620B
:104400007320726570656174656420352074696D10
:104410006573222C226C6173745F616374696F6EC3
:10442000223A2270726576696F7573207075626CBE
:10443000697368656420747261696E696E67206172
:104440006374696F6E227D2C0000000022646A692B
:104450005F636F6D6D616E645F636F6E76657273BF
:10446000696F6E223A7B227261775F6D6178223AC2
:104470005B25752C25755D2C2266756C6C5F746FE1
:10448000727175655F6E6D223A5B252E39672C253A
:104490002E39675D2C227374616E646172645F7281
:1044A0006174696F223A5B252E39672C252E396796
:1044B0005D2C22736F75726365223A226578697389
:1044C00074696E672064726976657220636F6E66C8
:1044D00069677572656420657374696D6174652CB4
:1044E000206E6F74206D65617375726564206375ED
:1044F0007272656E74227D2C0000000022706422AE
:104500003A7B226C6567223A224B702A777261707F
:10451000287461726765742D71292D4B642A64714A
:10452000222C22706F735F7363616C65223A302EA8
:10453000352C22776865656C5F76656C5F736361A7
:104540006C65223A31302C227669727475616C5F29
:104550006C696D697473223A5B34302C34302C33BF
:104560002E392C34302C34302C332E395D7D2C00F8
:1045700022666565646261636B223A7B22646D5FCB
:10458000746F72717565223A226472697665722061
:104590004D495420657374696D617465222C2277CE
:1045A0006865656C5F746F72717565223A6E756CC3
:1045B0006C2C226D6F746F725F63757272656E74AE
:1045C0005F41223A6E756C6C2C22616363656C5F8F
:1045D000696E636C756465735F677261766974791F
:1045E000223A6E756C6C7D2C0000000022726563AF
:1045F0006F7264223A7B226275666665725F6279C9
:10460000746573223A25752C22687A223A25752C16
:104610002264756D705F706572696F645F75732277
:104620003A25752C2274726967676572223A226195
:1046300075746F3A2073657373696F6E2062656776
:10464000696E202861726D29207374617274732CF5
:104650002073657373696F6E20656E64202B207400
:1046600061696C2073746F70732C207468656E20A0
:10467000736C6F772064756D703B2064656275673D
:1046800067657220777269746573206F76657272E0
:10469000696465222C22666C616773223A5B225240
:1046A00045434F5244494E47222C225245504C41DB
:1046B00059494E47225D2C226576656E745F636FA3
:1046C000646573223A7B225245434F52445F5354F0
:1046D000415254223A392C225245434F52445F539F
:1046E000544F50223A31302C2244554D505F454EA4
:1046F00044223A31317D7D2C000000003864323193
:104700006639323061376564383636653331346640
:104710006465343039393530363733306666646332
:10472000396638386463653733393932653665330D
:1047300064326566393134623466306300000000EB
:104740007B226E616D65223A226D6F64656C5F3607
:104750003030305F683732332E6F6E6E78222C2205
:10476000686173685F616C676F726974686D223A23
:10477000224D4435222C2268617368223A22343853
:1047800039393139353630316261626232326137FE
:104790006330623436636331353161643834222CDE
:1047A000226261636B656E64223A2253544D333248
:1047B000437562652E4149222C22696E7075745FC3
:1047C000736861706573223A5B5B312C32355D2C06
:1047D0005B312C3132355D5D2C226F7574707574D0
:1047E0005F736861706573223A5B5B312C365D2CB8
:1047F0005B312C335D5D2C226E756D657269635F74
:1048000074797065223A22666C6F61743332227D4E
:10481000000000007B22626173655F636F6D6D69EC
:1048200074223A2234396634626530663536313165
:104830003036356663376432346238386434376111
:10484000373661363430633839653634222C226489
:10485000697274795F61745F67656E6572617469AE
:104860006F6E223A747275652C22736F7572636570
:104870005F736861323536223A22373163333762EB
:1048800034656231333432623736646634653837C2
:1048900062663966633761376634383034303738AA
:1048A000323139303365396530643339643731300A
:1048B00062323536373332316665222C22696465BF
:1048C0006E746974795F72756C65223A22736F75C4
:1048D00072636520646967657374206964656E74CA
:1048E00069666965732074686520736F75726365A6
:1048F000207365743B20726567656E6572617465CF
:10490000206265666F7265206576657279206275D2
:10491000696C64227D00000025737B2272785F69D8
:1049200064223A25752C2274785F6964223A2575D1
:104930002C22627573223A25752C2266625F736998
:10494000676E223A25642C226F75745F7369676EF7
:10495000223A25642C227A65726F223A252E396715
:104960007D000000226D6173735F6B67223A6E7584
:104970006C6C2C227061796C6F6164223A6E756C7C
:104980006C2C2267726F756E645F667269637469FE
:104990006F6E223A6E756C6C2C22776F726C645F4E
:1049A000706F736974696F6E223A6E756C6C2C222D
:1049B000747275655F6C696E6561725F76656C6F48
:1049C00063697479223A6E756C6C7D0032303236D0
:1049D0002D30392D32365431373A30353A33372B82
:1049E00030383030000000006E6574776F726B7A7B
:1049F0006E3100005365702032392032303236205B
:104A000031383A30333A35330000000030783438EA
:104A1000393931393536303162616262323261376B
:104A20006330623436636331353161643834000099
:104A300000000000944A040800C004240C01000097
:104A400018580108A04B040800000020381000008E
:104A5000460A000884500408000000244C040000AA
:104A6000460A0008A04B04080CC10424E01B000007
:104A7000285801088450040838100020A8BB000002
:104A800028580108905004084C040024BCAF0300CF
:104A90002858010879290108C1290108D1290108EC
:104AA000FD2901083D2A0108452901088929010835
:104AB000000000001201000202020040830440577F
:104AC0000002010203010000050F0C0001071002A3
:104AD00002000000040309041A03000000000000A3
:104AE00000000000000000000000000000000000C6
:104AF000000000000094110000000800990C00085C
:104B0000950C0008190C0008BD0C0008D90C000811
:104B1000000000000A060002000000400100000042
:104B2000412001083D1E01088B2201080000000001
:104B3000111F0108311D0108F51D010800000000CA
:104B40000000000000000000B51F0108711F0108EF
:104B5000FD1F0108611F010809024300020100C096
:104B600032090400000102020100052400100105C1
:104B70002401000104240202052406000107058225
:104B80000308001009040100020A000000070501E3
:104B90000240000007058102400000810182000000
:104BA000011C321042013C90D00304016F1AAA018B
:104BB0008113E0161420801714202018023C2004D2
:104BC00077FFFFFF2C01010106315A1C0829045A06
:104BD00004045A700429140A118020114A0204099D
:104BE0001E20295CE9202958114A380429140A1288
:104BF00040405911091E20295CE920397C291919E6
:104C00000429140A112040591F091F20295CE9209A
:104C1000793519040922C0091E806908B94029C4E0
:104C20001904093E200A117D202AF4094AFA0409D0
:104C300022C0091E80091E40091A20295CE920397A
:104C40005C2919190429140A1106405A1804091E6E
:104C5000200A112020295B114A03042914290BE999
:104C6000405A0C04091E2029BCE920793559600AF4
:104C7000117D401AF40D290429140A1119205A64CF
:104C80000413140C1420480D1B2064041A2C04690E
:104C90005F8B10050C5A140C2A02F4590C415A204F
:104CA0000C13C00B2A20488129349A54409A583456
:104CB0009A5C0C5A600C1AF84029441ADC041AA4B5
:104CC0000469389A94449A98849A9C445AA40C1A79
:104CD0006C382948A9849AD8409ADC349AE00C5A56
:104CE000E40C1A30C029441A88049A50848B1806A0
:104CF0000C5A1C0C29845A200C415A280C1A1838BA
:104D00002948A9849A5C409A60349A640C5A680CC9
:104D100013E00A2A20441A34041AFC0C69389A9CBD
:104D2000449AA0849AA4445AAC0C13F00D1B209C06
:104D300004294C81292C9AE0449AE8389AEC0C5AC0
:104D4000F00C1AA0C429441AB8041A800469388BDC
:104D500024070C5A280C295C5A2C0C415A340C1A82
:104D6000F44429488129349A68409A6C349A700C2A
:104D70005A740C1ABC3C29441A10805AD848293855
:104D80009AA8449AAC849AB0445AB80C1A68382944
:104D900048A9849AEC409AF0349AF40C5AF80C1A08
:104DA000D47C29441A84049A4C848B2C080C5A30E5
:104DB0000C29845A340C419A3C243CA45E020829F4
:104DC00004D4400404391C19131A703029201A58CD
:104DD0000C09162C391C19041A9C2C1AF09C29A0B9
:104DE0001348C31B2010041A68041A48101A9C04A4
:104DF0001AB00C1A78041AD00429981AC8301AD09C
:104E000004290C1ADC089AE4A8B6401082087D191F
:104E100010110A1D80100A1C4010DB080310DA195B
:104E2000300A4C1C7089CD091410EB0806600A1C6E
:104E30003E70A941091270DAC010D9F0210A3C0E67
:104E400060110A1C08E0E980A9E071240101041343
:104E500070011B2002081A80084B8009475A011C68
:104E60005A901C1AA0084B700A1C5A021C5AB01CFB
:104E70001AC0085A903819E4391C5AD01C1AE00894
:104E80005A6038190F391C5AF01C19495B20901CC4
:104E90005A051C1A1014291C1A20085AB05419B8A3
:104EA000391C5A301C1A40085A80385A071C5A506C
:104EB0001C2A6038591C6A08E0591C1A80085AD00C
:104EC000546A09E0591C1AA0085AA0386A0AE05925
:104ED0001C1AC0085AC0386A0BE0591C1AE0085A5C
:104EE000E01C6A0CE0591C111A0354591C6A0DE0AD
:104EF000191439E019085A10706A0EE0591C1A404A
:104F0000085A20386A0FE0591C1A600819A1391C88
:104F10006A10E0591C1A80085A50386A11E0591C6E
:104F20001AA0085A301C6A12E0591C2AC01C595495
:104F30006A13E0591C1AE0085A40386A14E0591CF8
:104F4000111A04A859386A15E0191439E019085AD9
:104F5000D01C6A16E0591C1A40085AF0546A17E02F
:104F6000591C1A60085AC0386A18E0591C1A80087F
:104F70005A501C6A19E0591C1AA0085A60546A1A3F
:104F8000E0591C1AC0085A40386A1BE0591C1AE044
:104F9000085A10386A1CE0591C1112051B20701C9D
:104FA000D404010D130C0EF80D207584010890D85F
:104FB000010807010C1C1ECD850108AC1C1A9C04BD
:104FC000D404010B5A283C3AB43CD20A5A483C1A41
:104FD000D01C3AC03CD2095A643C3AD83CD2085A58
:104FE000843C1AF41C3AE43CD2075AA03C1AFC1C3C
:104FF000D41001061AC01C1BE17F3435D901080109
:10500000D40401055ADC3C1A0C20D40701045AFCD4
:10501000781A281C1A1804D40401034B180F3C3AC0
:10502000303CD2021A381C293C1A4C1C3A3C3C2910
:105030007EA15A543C1A541C1100081401C0A155F9
:10504000F2C6ED25DECAFAA112011380082A200853
:105050001AAC08296A1AF0081A7444011029661A51
:1050600058C7290869047CA45E020CCB4004E439CB
:105070002C19041ADC4C291C1BE0DA907139381900
:105080001C5AEC6803FF010101FF01FF01FF014E03
:04000005080002CD20
:00000001FF
